timestamp,labels,value
2026-09-27T06:42:00Z,"{""instance_name"": ""mooc-web"", ""loadbalanced"": ""false"", ""resource_instance_id"": ""1398563761166861218"", ""resource_project_id"": ""proyecto-2-cloud-509714"", ""resource_type"": ""gce_instance"", ""resource_zone"": ""us-central1-a"", ""vm"": ""mooc-web""}",484
2026-09-27T06:41:00Z,"{""instance_name"": ""mooc-web"", ""loadbalanced"": ""false"", ""resource_instance_id"": ""1398563761166861218"", ""resource_project_id"": ""proyecto-2-cloud-509714"", ""resource_type"": ""gce_instance"", ""resource_zone"": ""us-central1-a"", ""vm"": ""mooc-web""}",456
2026-09-27T06:40:00Z,"{""instance_name"": ""mooc-web"", ""loadbalanced"": ""false"", ""resource_instance_id"": ""1398563761166861218"", ""resource_project_id"": ""proyecto-2-cloud-509714"", ""resource_type"": ""gce_instance"", ""resource_zone"": ""us-central1-a"", ""vm"": ""mooc-web""}",375
2026-09-27T06:39:00Z,"{""instance_name"": ""mooc-web"", ""loadbalanced"": ""false"", ""resource_instance_id"": ""1398563761166861218"", ""resource_project_id"": ""proyecto-2-cloud-509714"", ""resource_type"": ""gce_instance"", ""resource_zone"": ""us-central1-a"", ""vm"": ""mooc-web""}",205
2026-09-27T06:38:00Z,"{""instance_name"": ""mooc-web"", ""loadbalanced"": ""false"", ""resource_instance_id"": ""1398563761166861218"", ""resource_project_id"": ""proyecto-2-cloud-509714"", ""resource_type"": ""gce_instance"", ""resource_zone"": ""us-central1-a"", ""vm"": ""mooc-web""}",373
2026-09-27T06:37:00Z,"{""instance_name"": ""mooc-web"", ""loadbalanced"": ""false"", ""resource_instance_id"": ""1398563761166861218"", ""resource_project_id"": ""proyecto-2-cloud-509714"", ""resource_type"": ""gce_instance"", ""resource_zone"": ""us-central1-a"", ""vm"": ""mooc-web""}",2750
2026-09-27T06:36:00Z,"{""instance_name"": ""mooc-web"", ""loadbalanced"": ""false"", ""resource_instance_id"": ""1398563761166861218"", ""resource_project_id"": ""proyecto-2-cloud-509714"", ""resource_type"": ""gce_instance"", ""resource_zone"": ""us-central1-a"", ""vm"": ""mooc-web""}",196
2026-09-27T06:35:00Z,"{""instance_name"": ""mooc-web"", ""loadbalanced"": ""false"", ""resource_instance_id"": ""1398563761166861218"", ""resource_project_id"": ""proyecto-2-cloud-509714"", ""resource_type"": ""gce_instance"", ""resource_zone"": ""us-central1-a"", ""vm"": ""mooc-web""}",216
2026-09-27T06:34:00Z,"{""instance_name"": ""mooc-web"", ""loadbalanced"": ""false"", ""resource_instance_id"": ""1398563761166861218"", ""resource_project_id"": ""proyecto-2-cloud-509714"", ""resource_type"": ""gce_instance"", ""resource_zone"": ""us-central1-a"", ""vm"": ""mooc-web""}",206
2026-09-27T06:33:00Z,"{""instance_name"": ""mooc-web"", ""loadbalanced"": ""false"", ""resource_instance_id"": ""1398563761166861218"", ""resource_project_id"": ""proyecto-2-cloud-509714"", ""resource_type"": ""gce_instance"", ""resource_zone"": ""us-central1-a"", ""vm"": ""mooc-web""}",194
2026-09-27T06:32:00Z,"{""instance_name"": ""mooc-web"", ""loadbalanced"": ""false"", ""resource_instance_id"": ""1398563761166861218"", ""resource_project_id"": ""proyecto-2-cloud-509714"", ""resource_type"": ""gce_instance"", ""resource_zone"": ""us-central1-a"", ""vm"": ""mooc-web""}",192
2026-09-27T06:31:00Z,"{""instance_name"": ""mooc-web"", ""loadbalanced"": ""false"", ""resource_instance_id"": ""1398563761166861218"", ""resource_project_id"": ""proyecto-2-cloud-509714"", ""resource_type"": ""gce_instance"", ""resource_zone"": ""us-central1-a"", ""vm"": ""mooc-web""}",207
2026-09-27T06:30:00Z,"{""instance_name"": ""mooc-web"", ""loadbalanced"": ""false"", ""resource_instance_id"": ""1398563761166861218"", ""resource_project_id"": ""proyecto-2-cloud-509714"", ""resource_type"": ""gce_instance"", ""resource_zone"": ""us-central1-a"", ""vm"": ""mooc-web""}",211
2026-09-27T06:29:00Z,"{""instance_name"": ""mooc-web"", ""loadbalanced"": ""false"", ""resource_instance_id"": ""1398563761166861218"", ""resource_project_id"": ""proyecto-2-cloud-509714"", ""resource_type"": ""gce_instance"", ""resource_zone"": ""us-central1-a"", ""vm"": ""mooc-web""}",247
2026-09-27T06:28:00Z,"{""instance_name"": ""mooc-web"", ""loadbalanced"": ""false"", ""resource_instance_id"": ""1398563761166861218"", ""resource_project_id"": ""proyecto-2-cloud-509714"", ""resource_type"": ""gce_instance"", ""resource_zone"": ""us-central1-a"", ""vm"": ""mooc-web""}",195
2026-09-27T06:27:00Z,"{""instance_name"": ""mooc-web"", ""loadbalanced"": ""false"", ""resource_instance_id"": ""1398563761166861218"", ""resource_project_id"": ""proyecto-2-cloud-509714"", ""resource_type"": ""gce_instance"", ""resource_zone"": ""us-central1-a"", ""vm"": ""mooc-web""}",203
2026-09-27T06:26:00Z,"{""instance_name"": ""mooc-web"", ""loadbalanced"": ""false"", ""resource_instance_id"": ""1398563761166861218"", ""resource_project_id"": ""proyecto-2-cloud-509714"", ""resource_type"": ""gce_instance"", ""resource_zone"": ""us-central1-a"", ""vm"": ""mooc-web""}",214
2026-09-27T06:25:00Z,"{""instance_name"": ""mooc-web"", ""loadbalanced"": ""false"", ""resource_instance_id"": ""1398563761166861218"", ""resource_project_id"": ""proyecto-2-cloud-509714"", ""resource_type"": ""gce_instance"", ""resource_zone"": ""us-central1-a"", ""vm"": ""mooc-web""}",178
2026-09-27T06:24:00Z,"{""instance_name"": ""mooc-web"", ""loadbalanced"": ""false"", ""resource_instance_id"": ""1398563761166861218"", ""resource_project_id"": ""proyecto-2-cloud-509714"", ""resource_type"": ""gce_instance"", ""resource_zone"": ""us-central1-a"", ""vm"": ""mooc-web""}",204
2026-09-27T06:23:00Z,"{""instance_name"": ""mooc-web"", ""loadbalanced"": ""false"", ""resource_instance_id"": ""1398563761166861218"", ""resource_project_id"": ""proyecto-2-cloud-509714"", ""resource_type"": ""gce_instance"", ""resource_zone"": ""us-central1-a"", ""vm"": ""mooc-web""}",209
2026-09-27T06:22:00Z,"{""instance_name"": ""mooc-web"", ""loadbalanced"": ""false"", ""resource_instance_id"": ""1398563761166861218"", ""resource_project_id"": ""proyecto-2-cloud-509714"", ""resource_type"": ""gce_instance"", ""resource_zone"": ""us-central1-a"", ""vm"": ""mooc-web""}",202
2026-09-27T06:21:00Z,"{""instance_name"": ""mooc-web"", ""loadbalanced"": ""false"", ""resource_instance_id"": ""1398563761166861218"", ""resource_project_id"": ""proyecto-2-cloud-509714"", ""resource_type"": ""gce_instance"", ""resource_zone"": ""us-central1-a"", ""vm"": ""mooc-web""}",195
2026-09-27T06:20:00Z,"{""instance_name"": ""mooc-web"", ""loadbalanced"": ""false"", ""resource_instance_id"": ""1398563761166861218"", ""resource_project_id"": ""proyecto-2-cloud-509714"", ""resource_type"": ""gce_instance"", ""resource_zone"": ""us-central1-a"", ""vm"": ""mooc-web""}",215
2026-09-27T06:19:00Z,"{""instance_name"": ""mooc-web"", ""loadbalanced"": ""false"", ""resource_instance_id"": ""1398563761166861218"", ""resource_project_id"": ""proyecto-2-cloud-509714"", ""resource_type"": ""gce_instance"", ""resource_zone"": ""us-central1-a"", ""vm"": ""mooc-web""}",201
2026-09-27T06:18:00Z,"{""instance_name"": ""mooc-web"", ""loadbalanced"": ""false"", ""resource_instance_id"": ""1398563761166861218"", ""resource_project_id"": ""proyecto-2-cloud-509714"", ""resource_type"": ""gce_instance"", ""resource_zone"": ""us-central1-a"", ""vm"": ""mooc-web""}",222
2026-09-27T06:17:00Z,"{""instance_name"": ""mooc-web"", ""loadbalanced"": ""false"", ""resource_instance_id"": ""1398563761166861218"", ""resource_project_id"": ""proyecto-2-cloud-509714"", ""resource_type"": ""gce_instance"", ""resource_zone"": ""us-central1-a"", ""vm"": ""mooc-web""}",206
2026-09-27T06:16:00Z,"{""instance_name"": ""mooc-web"", ""loadbalanced"": ""false"", ""resource_instance_id"": ""1398563761166861218"", ""resource_project_id"": ""proyecto-2-cloud-509714"", ""resource_type"": ""gce_instance"", ""resource_zone"": ""us-central1-a"", ""vm"": ""mooc-web""}",208
2026-09-27T06:15:00Z,"{""instance_name"": ""mooc-web"", ""loadbalanced"": ""false"", ""resource_instance_id"": ""1398563761166861218"", ""resource_project_id"": ""proyecto-2-cloud-509714"", ""resource_type"": ""gce_instance"", ""resource_zone"": ""us-central1-a"", ""vm"": ""mooc-web""}",314
2026-09-27T06:14:00Z,"{""instance_name"": ""mooc-web"", ""loadbalanced"": ""false"", ""resource_instance_id"": ""1398563761166861218"", ""resource_project_id"": ""proyecto-2-cloud-509714"", ""resource_type"": ""gce_instance"", ""resource_zone"": ""us-central1-a"", ""vm"": ""mooc-web""}",200
2026-09-27T06:13:00Z,"{""instance_name"": ""mooc-web"", ""loadbalanced"": ""false"", ""resource_instance_id"": ""1398563761166861218"", ""resource_project_id"": ""proyecto-2-cloud-509714"", ""resource_type"": ""gce_instance"", ""resource_zone"": ""us-central1-a"", ""vm"": ""mooc-web""}",190
2026-09-27T06:12:00Z,"{""instance_name"": ""mooc-web"", ""loadbalanced"": ""false"", ""resource_instance_id"": ""1398563761166861218"", ""resource_project_id"": ""proyecto-2-cloud-509714"", ""resource_type"": ""gce_instance"", ""resource_zone"": ""us-central1-a"", ""vm"": ""mooc-web""}",196
2026-09-27T06:11:00Z,"{""instance_name"": ""mooc-web"", ""loadbalanced"": ""false"", ""resource_instance_id"": ""1398563761166861218"", ""resource_project_id"": ""proyecto-2-cloud-509714"", ""resource_type"": ""gce_instance"", ""resource_zone"": ""us-central1-a"", ""vm"": ""mooc-web""}",197
2026-09-27T06:10:00Z,"{""instance_name"": ""mooc-web"", ""loadbalanced"": ""false"", ""resource_instance_id"": ""1398563761166861218"", ""resource_project_id"": ""proyecto-2-cloud-509714"", ""resource_type"": ""gce_instance"", ""resource_zone"": ""us-central1-a"", ""vm"": ""mooc-web""}",205
2026-09-27T06:09:00Z,"{""instance_name"": ""mooc-web"", ""loadbalanced"": ""false"", ""resource_instance_id"": ""1398563761166861218"", ""resource_project_id"": ""proyecto-2-cloud-509714"", ""resource_type"": ""gce_instance"", ""resource_zone"": ""us-central1-a"", ""vm"": ""mooc-web""}",209
2026-09-27T06:08:00Z,"{""instance_name"": ""mooc-web"", ""loadbalanced"": ""false"", ""resource_instance_id"": ""1398563761166861218"", ""resource_project_id"": ""proyecto-2-cloud-509714"", ""resource_type"": ""gce_instance"", ""resource_zone"": ""us-central1-a"", ""vm"": ""mooc-web""}",191
2026-09-27T06:07:00Z,"{""instance_name"": ""mooc-web"", ""loadbalanced"": ""false"", ""resource_instance_id"": ""1398563761166861218"", ""resource_project_id"": ""proyecto-2-cloud-509714"", ""resource_type"": ""gce_instance"", ""resource_zone"": ""us-central1-a"", ""vm"": ""mooc-web""}",202
2026-09-27T06:06:00Z,"{""instance_name"": ""mooc-web"", ""loadbalanced"": ""false"", ""resource_instance_id"": ""1398563761166861218"", ""resource_project_id"": ""proyecto-2-cloud-509714"", ""resource_type"": ""gce_instance"", ""resource_zone"": ""us-central1-a"", ""vm"": ""mooc-web""}",196
2026-09-27T06:05:00Z,"{""instance_name"": ""mooc-web"", ""loadbalanced"": ""false"", ""resource_instance_id"": ""1398563761166861218"", ""resource_project_id"": ""proyecto-2-cloud-509714"", ""resource_type"": ""gce_instance"", ""resource_zone"": ""us-central1-a"", ""vm"": ""mooc-web""}",202
2026-09-27T06:04:00Z,"{""instance_name"": ""mooc-web"", ""loadbalanced"": ""false"", ""resource_instance_id"": ""1398563761166861218"", ""resource_project_id"": ""proyecto-2-cloud-509714"", ""resource_type"": ""gce_instance"", ""resource_zone"": ""us-central1-a"", ""vm"": ""mooc-web""}",205
2026-09-27T06:03:00Z,"{""instance_name"": ""mooc-web"", ""loadbalanced"": ""false"", ""resource_instance_id"": ""1398563761166861218"", ""resource_project_id"": ""proyecto-2-cloud-509714"", ""resource_type"": ""gce_instance"", ""resource_zone"": ""us-central1-a"", ""vm"": ""mooc-web""}",193
2026-09-27T06:02:00Z,"{""instance_name"": ""mooc-web"", ""loadbalanced"": ""false"", ""resource_instance_id"": ""1398563761166861218"", ""resource_project_id"": ""proyecto-2-cloud-509714"", ""resource_type"": ""gce_instance"", ""resource_zone"": ""us-central1-a"", ""vm"": ""mooc-web""}",429
2026-09-27T06:01:00Z,"{""instance_name"": ""mooc-web"", ""loadbalanced"": ""false"", ""resource_instance_id"": ""1398563761166861218"", ""resource_project_id"": ""proyecto-2-cloud-509714"", ""resource_type"": ""gce_instance"", ""resource_zone"": ""us-central1-a"", ""vm"": ""mooc-web""}",3981
2026-09-27T06:00:00Z,"{""instance_name"": ""mooc-web"", ""loadbalanced"": ""false"", ""resource_instance_id"": ""1398563761166861218"", ""resource_project_id"": ""proyecto-2-cloud-509714"", ""resource_type"": ""gce_instance"", ""resource_zone"": ""us-central1-a"", ""vm"": ""mooc-web""}",8440
2026-09-27T05:59:00Z,"{""instance_name"": ""mooc-web"", ""loadbalanced"": ""false"", ""resource_instance_id"": ""1398563761166861218"", ""resource_project_id"": ""proyecto-2-cloud-509714"", ""resource_type"": ""gce_instance"", ""resource_zone"": ""us-central1-a"", ""vm"": ""mooc-web""}",7535
2026-09-27T05:58:00Z,"{""instance_name"": ""mooc-web"", ""loadbalanced"": ""false"", ""resource_instance_id"": ""1398563761166861218"", ""resource_project_id"": ""proyecto-2-cloud-509714"", ""resource_type"": ""gce_instance"", ""resource_zone"": ""us-central1-a"", ""vm"": ""mooc-web""}",6715
2026-09-27T05:57:00Z,"{""instance_name"": ""mooc-web"", ""loadbalanced"": ""false"", ""resource_instance_id"": ""1398563761166861218"", ""resource_project_id"": ""proyecto-2-cloud-509714"", ""resource_type"": ""gce_instance"", ""resource_zone"": ""us-central1-a"", ""vm"": ""mooc-web""}",5896
2026-09-27T05:56:00Z,"{""instance_name"": ""mooc-web"", ""loadbalanced"": ""false"", ""resource_instance_id"": ""1398563761166861218"", ""resource_project_id"": ""proyecto-2-cloud-509714"", ""resource_type"": ""gce_instance"", ""resource_zone"": ""us-central1-a"", ""vm"": ""mooc-web""}",2691
2026-09-27T05:55:00Z,"{""instance_name"": ""mooc-web"", ""loadbalanced"": ""false"", ""resource_instance_id"": ""1398563761166861218"", ""resource_project_id"": ""proyecto-2-cloud-509714"", ""resource_type"": ""gce_instance"", ""resource_zone"": ""us-central1-a"", ""vm"": ""mooc-web""}",3076
2026-09-27T05:54:00Z,"{""instance_name"": ""mooc-web"", ""loadbalanced"": ""false"", ""resource_instance_id"": ""1398563761166861218"", ""resource_project_id"": ""proyecto-2-cloud-509714"", ""resource_type"": ""gce_instance"", ""resource_zone"": ""us-central1-a"", ""vm"": ""mooc-web""}",3178
2026-09-27T05:53:00Z,"{""instance_name"": ""mooc-web"", ""loadbalanced"": ""false"", ""resource_instance_id"": ""1398563761166861218"", ""resource_project_id"": ""proyecto-2-cloud-509714"", ""resource_type"": ""gce_instance"", ""resource_zone"": ""us-central1-a"", ""vm"": ""mooc-web""}",2918
2026-09-27T05:52:00Z,"{""instance_name"": ""mooc-web"", ""loadbalanced"": ""false"", ""resource_instance_id"": ""1398563761166861218"", ""resource_project_id"": ""proyecto-2-cloud-509714"", ""resource_type"": ""gce_instance"", ""resource_zone"": ""us-central1-a"", ""vm"": ""mooc-web""}",1970
2026-09-27T05:51:00Z,"{""instance_name"": ""mooc-web"", ""loadbalanced"": ""false"", ""resource_instance_id"": ""1398563761166861218"", ""resource_project_id"": ""proyecto-2-cloud-509714"", ""resource_type"": ""gce_instance"", ""resource_zone"": ""us-central1-a"", ""vm"": ""mooc-web""}",1405
2026-09-27T05:50:00Z,"{""instance_name"": ""mooc-web"", ""loadbalanced"": ""false"", ""resource_instance_id"": ""1398563761166861218"", ""resource_project_id"": ""proyecto-2-cloud-509714"", ""resource_type"": ""gce_instance"", ""resource_zone"": ""us-central1-a"", ""vm"": ""mooc-web""}",1542
2026-09-27T05:49:00Z,"{""instance_name"": ""mooc-web"", ""loadbalanced"": ""false"", ""resource_instance_id"": ""1398563761166861218"", ""resource_project_id"": ""proyecto-2-cloud-509714"", ""resource_type"": ""gce_instance"", ""resource_zone"": ""us-central1-a"", ""vm"": ""mooc-web""}",1498
2026-09-27T05:48:00Z,"{""instance_name"": ""mooc-web"", ""loadbalanced"": ""false"", ""resource_instance_id"": ""1398563761166861218"", ""resource_project_id"": ""proyecto-2-cloud-509714"", ""resource_type"": ""gce_instance"", ""resource_zone"": ""us-central1-a"", ""vm"": ""mooc-web""}",1448
2026-09-27T05:47:00Z,"{""instance_name"": ""mooc-web"", ""loadbalanced"": ""false"", ""resource_instance_id"": ""1398563761166861218"", ""resource_project_id"": ""proyecto-2-cloud-509714"", ""resource_type"": ""gce_instance"", ""resource_zone"": ""us-central1-a"", ""vm"": ""mooc-web""}",477
2026-09-27T05:46:00Z,"{""instance_name"": ""mooc-web"", ""loadbalanced"": ""false"", ""resource_instance_id"": ""1398563761166861218"", ""resource_project_id"": ""proyecto-2-cloud-509714"", ""resource_type"": ""gce_instance"", ""resource_zone"": ""us-central1-a"", ""vm"": ""mooc-web""}",229
2026-09-27T05:45:00Z,"{""instance_name"": ""mooc-web"", ""loadbalanced"": ""false"", ""resource_instance_id"": ""1398563761166861218"", ""resource_project_id"": ""proyecto-2-cloud-509714"", ""resource_type"": ""gce_instance"", ""resource_zone"": ""us-central1-a"", ""vm"": ""mooc-web""}",221
2026-09-27T05:44:00Z,"{""instance_name"": ""mooc-web"", ""loadbalanced"": ""false"", ""resource_instance_id"": ""1398563761166861218"", ""resource_project_id"": ""proyecto-2-cloud-509714"", ""resource_type"": ""gce_instance"", ""resource_zone"": ""us-central1-a"", ""vm"": ""mooc-web""}",217
2026-09-27T05:43:00Z,"{""instance_name"": ""mooc-web"", ""loadbalanced"": ""false"", ""resource_instance_id"": ""1398563761166861218"", ""resource_project_id"": ""proyecto-2-cloud-509714"", ""resource_type"": ""gce_instance"", ""resource_zone"": ""us-central1-a"", ""vm"": ""mooc-web""}",213
2026-09-27T05:42:00Z,"{""instance_name"": ""mooc-web"", ""loadbalanced"": ""false"", ""resource_instance_id"": ""1398563761166861218"", ""resource_project_id"": ""proyecto-2-cloud-509714"", ""resource_type"": ""gce_instance"", ""resource_zone"": ""us-central1-a"", ""vm"": ""mooc-web""}",201
2026-09-27T05:41:00Z,"{""instance_name"": ""mooc-web"", ""loadbalanced"": ""false"", ""resource_instance_id"": ""1398563761166861218"", ""resource_project_id"": ""proyecto-2-cloud-509714"", ""resource_type"": ""gce_instance"", ""resource_zone"": ""us-central1-a"", ""vm"": ""mooc-web""}",296
2026-09-27T05:40:00Z,"{""instance_name"": ""mooc-web"", ""loadbalanced"": ""false"", ""resource_instance_id"": ""1398563761166861218"", ""resource_project_id"": ""proyecto-2-cloud-509714"", ""resource_type"": ""gce_instance"", ""resource_zone"": ""us-central1-a"", ""vm"": ""mooc-web""}",1102
2026-09-27T05:39:00Z,"{""instance_name"": ""mooc-web"", ""loadbalanced"": ""false"", ""resource_instance_id"": ""1398563761166861218"", ""resource_project_id"": ""proyecto-2-cloud-509714"", ""resource_type"": ""gce_instance"", ""resource_zone"": ""us-central1-a"", ""vm"": ""mooc-web""}",381
2026-09-27T05:38:00Z,"{""instance_name"": ""mooc-web"", ""loadbalanced"": ""false"", ""resource_instance_id"": ""1398563761166861218"", ""resource_project_id"": ""proyecto-2-cloud-509714"", ""resource_type"": ""gce_instance"", ""resource_zone"": ""us-central1-a"", ""vm"": ""mooc-web""}",314
2026-09-27T05:37:00Z,"{""instance_name"": ""mooc-web"", ""loadbalanced"": ""false"", ""resource_instance_id"": ""1398563761166861218"", ""resource_project_id"": ""proyecto-2-cloud-509714"", ""resource_type"": ""gce_instance"", ""resource_zone"": ""us-central1-a"", ""vm"": ""mooc-web""}",326
2026-09-27T05:36:00Z,"{""instance_name"": ""mooc-web"", ""loadbalanced"": ""false"", ""resource_instance_id"": ""1398563761166861218"", ""resource_project_id"": ""proyecto-2-cloud-509714"", ""resource_type"": ""gce_instance"", ""resource_zone"": ""us-central1-a"", ""vm"": ""mooc-web""}",334
2026-09-27T05:35:00Z,"{""instance_name"": ""mooc-web"", ""loadbalanced"": ""false"", ""resource_instance_id"": ""1398563761166861218"", ""resource_project_id"": ""proyecto-2-cloud-509714"", ""resource_type"": ""gce_instance"", ""resource_zone"": ""us-central1-a"", ""vm"": ""mooc-web""}",319
2026-09-27T05:34:00Z,"{""instance_name"": ""mooc-web"", ""loadbalanced"": ""false"", ""resource_instance_id"": ""1398563761166861218"", ""resource_project_id"": ""proyecto-2-cloud-509714"", ""resource_type"": ""gce_instance"", ""resource_zone"": ""us-central1-a"", ""vm"": ""mooc-web""}",323
2026-09-27T05:33:00Z,"{""instance_name"": ""mooc-web"", ""loadbalanced"": ""false"", ""resource_instance_id"": ""1398563761166861218"", ""resource_project_id"": ""proyecto-2-cloud-509714"", ""resource_type"": ""gce_instance"", ""resource_zone"": ""us-central1-a"", ""vm"": ""mooc-web""}",347
2026-09-27T05:32:00Z,"{""instance_name"": ""mooc-web"", ""loadbalanced"": ""false"", ""resource_instance_id"": ""1398563761166861218"", ""resource_project_id"": ""proyecto-2-cloud-509714"", ""resource_type"": ""gce_instance"", ""resource_zone"": ""us-central1-a"", ""vm"": ""mooc-web""}",326
2026-09-27T05:31:00Z,"{""instance_name"": ""mooc-web"", ""loadbalanced"": ""false"", ""resource_instance_id"": ""1398563761166861218"", ""resource_project_id"": ""proyecto-2-cloud-509714"", ""resource_type"": ""gce_instance"", ""resource_zone"": ""us-central1-a"", ""vm"": ""mooc-web""}",408
2026-09-27T05:30:00Z,"{""instance_name"": ""mooc-web"", ""loadbalanced"": ""false"", ""resource_instance_id"": ""1398563761166861218"", ""resource_project_id"": ""proyecto-2-cloud-509714"", ""resource_type"": ""gce_instance"", ""resource_zone"": ""us-central1-a"", ""vm"": ""mooc-web""}",446
2026-09-27T05:29:00Z,"{""instance_name"": ""mooc-web"", ""loadbalanced"": ""false"", ""resource_instance_id"": ""1398563761166861218"", ""resource_project_id"": ""proyecto-2-cloud-509714"", ""resource_type"": ""gce_instance"", ""resource_zone"": ""us-central1-a"", ""vm"": ""mooc-web""}",249
2026-09-27T05:28:00Z,"{""instance_name"": ""mooc-web"", ""loadbalanced"": ""false"", ""resource_instance_id"": ""1398563761166861218"", ""resource_project_id"": ""proyecto-2-cloud-509714"", ""resource_type"": ""gce_instance"", ""resource_zone"": ""us-central1-a"", ""vm"": ""mooc-web""}",443
2026-09-27T05:27:00Z,"{""instance_name"": ""mooc-web"", ""loadbalanced"": ""false"", ""resource_instance_id"": ""1398563761166861218"", ""resource_project_id"": ""proyecto-2-cloud-509714"", ""resource_type"": ""gce_instance"", ""resource_zone"": ""us-central1-a"", ""vm"": ""mooc-web""}",3041
2026-09-27T05:26:00Z,"{""instance_name"": ""mooc-web"", ""loadbalanced"": ""false"", ""resource_instance_id"": ""1398563761166861218"", ""resource_project_id"": ""proyecto-2-cloud-509714"", ""resource_type"": ""gce_instance"", ""resource_zone"": ""us-central1-a"", ""vm"": ""mooc-web""}",8279
2026-09-27T05:25:00Z,"{""instance_name"": ""mooc-web"", ""loadbalanced"": ""false"", ""resource_instance_id"": ""1398563761166861218"", ""resource_project_id"": ""proyecto-2-cloud-509714"", ""resource_type"": ""gce_instance"", ""resource_zone"": ""us-central1-a"", ""vm"": ""mooc-web""}",7840
2026-09-27T05:24:00Z,"{""instance_name"": ""mooc-web"", ""loadbalanced"": ""false"", ""resource_instance_id"": ""1398563761166861218"", ""resource_project_id"": ""proyecto-2-cloud-509714"", ""resource_type"": ""gce_instance"", ""resource_zone"": ""us-central1-a"", ""vm"": ""mooc-web""}",1871
2026-09-27T05:23:00Z,"{""instance_name"": ""mooc-web"", ""loadbalanced"": ""false"", ""resource_instance_id"": ""1398563761166861218"", ""resource_project_id"": ""proyecto-2-cloud-509714"", ""resource_type"": ""gce_instance"", ""resource_zone"": ""us-central1-a"", ""vm"": ""mooc-web""}",1165
2026-09-27T05:22:00Z,"{""instance_name"": ""mooc-web"", ""loadbalanced"": ""false"", ""resource_instance_id"": ""1398563761166861218"", ""resource_project_id"": ""proyecto-2-cloud-509714"", ""resource_type"": ""gce_instance"", ""resource_zone"": ""us-central1-a"", ""vm"": ""mooc-web""}",14078
2026-09-27T05:21:00Z,"{""instance_name"": ""mooc-web"", ""loadbalanced"": ""false"", ""resource_instance_id"": ""1398563761166861218"", ""resource_project_id"": ""proyecto-2-cloud-509714"", ""resource_type"": ""gce_instance"", ""resource_zone"": ""us-central1-a"", ""vm"": ""mooc-web""}",3677
2026-09-27T05:20:00Z,"{""instance_name"": ""mooc-web"", ""loadbalanced"": ""false"", ""resource_instance_id"": ""1398563761166861218"", ""resource_project_id"": ""proyecto-2-cloud-509714"", ""resource_type"": ""gce_instance"", ""resource_zone"": ""us-central1-a"", ""vm"": ""mooc-web""}",253
2026-09-27T05:19:00Z,"{""instance_name"": ""mooc-web"", ""loadbalanced"": ""false"", ""resource_instance_id"": ""1398563761166861218"", ""resource_project_id"": ""proyecto-2-cloud-509714"", ""resource_type"": ""gce_instance"", ""resource_zone"": ""us-central1-a"", ""vm"": ""mooc-web""}",252
2026-09-27T05:18:00Z,"{""instance_name"": ""mooc-web"", ""loadbalanced"": ""false"", ""resource_instance_id"": ""1398563761166861218"", ""resource_project_id"": ""proyecto-2-cloud-509714"", ""resource_type"": ""gce_instance"", ""resource_zone"": ""us-central1-a"", ""vm"": ""mooc-web""}",259
2026-09-27T05:17:00Z,"{""instance_name"": ""mooc-web"", ""loadbalanced"": ""false"", ""resource_instance_id"": ""1398563761166861218"", ""resource_project_id"": ""proyecto-2-cloud-509714"", ""resource_type"": ""gce_instance"", ""resource_zone"": ""us-central1-a"", ""vm"": ""mooc-web""}",466
2026-09-27T05:16:00Z,"{""instance_name"": ""mooc-web"", ""loadbalanced"": ""false"", ""resource_instance_id"": ""1398563761166861218"", ""resource_project_id"": ""proyecto-2-cloud-509714"", ""resource_type"": ""gce_instance"", ""resource_zone"": ""us-central1-a"", ""vm"": ""mooc-web""}",235
2026-09-27T05:15:00Z,"{""instance_name"": ""mooc-web"", ""loadbalanced"": ""false"", ""resource_instance_id"": ""1398563761166861218"", ""resource_project_id"": ""proyecto-2-cloud-509714"", ""resource_type"": ""gce_instance"", ""resource_zone"": ""us-central1-a"", ""vm"": ""mooc-web""}",219
2026-09-27T05:14:00Z,"{""instance_name"": ""mooc-web"", ""loadbalanced"": ""false"", ""resource_instance_id"": ""1398563761166861218"", ""resource_project_id"": ""proyecto-2-cloud-509714"", ""resource_type"": ""gce_instance"", ""resource_zone"": ""us-central1-a"", ""vm"": ""mooc-web""}",237
2026-09-27T05:13:00Z,"{""instance_name"": ""mooc-web"", ""loadbalanced"": ""false"", ""resource_instance_id"": ""1398563761166861218"", ""resource_project_id"": ""proyecto-2-cloud-509714"", ""resource_type"": ""gce_instance"", ""resource_zone"": ""us-central1-a"", ""vm"": ""mooc-web""}",273
2026-09-27T05:12:00Z,"{""instance_name"": ""mooc-web"", ""loadbalanced"": ""false"", ""resource_instance_id"": ""1398563761166861218"", ""resource_project_id"": ""proyecto-2-cloud-509714"", ""resource_type"": ""gce_instance"", ""resource_zone"": ""us-central1-a"", ""vm"": ""mooc-web""}",299
2026-09-27T05:11:00Z,"{""instance_name"": ""mooc-web"", ""loadbalanced"": ""false"", ""resource_instance_id"": ""1398563761166861218"", ""resource_project_id"": ""proyecto-2-cloud-509714"", ""resource_type"": ""gce_instance"", ""resource_zone"": ""us-central1-a"", ""vm"": ""mooc-web""}",295
2026-09-27T05:10:00Z,"{""instance_name"": ""mooc-web"", ""loadbalanced"": ""false"", ""resource_instance_id"": ""1398563761166861218"", ""resource_project_id"": ""proyecto-2-cloud-509714"", ""resource_type"": ""gce_instance"", ""resource_zone"": ""us-central1-a"", ""vm"": ""mooc-web""}",305
2026-09-27T05:09:00Z,"{""instance_name"": ""mooc-web"", ""loadbalanced"": ""false"", ""resource_instance_id"": ""1398563761166861218"", ""resource_project_id"": ""proyecto-2-cloud-509714"", ""resource_type"": ""gce_instance"", ""resource_zone"": ""us-central1-a"", ""vm"": ""mooc-web""}",311
2026-09-27T05:08:00Z,"{""instance_name"": ""mooc-web"", ""loadbalanced"": ""false"", ""resource_instance_id"": ""1398563761166861218"", ""resource_project_id"": ""proyecto-2-cloud-509714"", ""resource_type"": ""gce_instance"", ""resource_zone"": ""us-central1-a"", ""vm"": ""mooc-web""}",304
2026-09-27T05:07:00Z,"{""instance_name"": ""mooc-web"", ""loadbalanced"": ""false"", ""resource_instance_id"": ""1398563761166861218"", ""resource_project_id"": ""proyecto-2-cloud-509714"", ""resource_type"": ""gce_instance"", ""resource_zone"": ""us-central1-a"", ""vm"": ""mooc-web""}",291
2026-09-27T05:06:00Z,"{""instance_name"": ""mooc-web"", ""loadbalanced"": ""false"", ""resource_instance_id"": ""1398563761166861218"", ""resource_project_id"": ""proyecto-2-cloud-509714"", ""resource_type"": ""gce_instance"", ""resource_zone"": ""us-central1-a"", ""vm"": ""mooc-web""}",302
2026-09-27T05:05:00Z,"{""instance_name"": ""mooc-web"", ""loadbalanced"": ""false"", ""resource_instance_id"": ""1398563761166861218"", ""resource_project_id"": ""proyecto-2-cloud-509714"", ""resource_type"": ""gce_instance"", ""resource_zone"": ""us-central1-a"", ""vm"": ""mooc-web""}",302
2026-09-27T05:04:00Z,"{""instance_name"": ""mooc-web"", ""loadbalanced"": ""false"", ""resource_instance_id"": ""1398563761166861218"", ""resource_project_id"": ""proyecto-2-cloud-509714"", ""resource_type"": ""gce_instance"", ""resource_zone"": ""us-central1-a"", ""vm"": ""mooc-web""}",220
2026-09-27T05:03:00Z,"{""instance_name"": ""mooc-web"", ""loadbalanced"": ""false"", ""resource_instance_id"": ""1398563761166861218"", ""resource_project_id"": ""proyecto-2-cloud-509714"", ""resource_type"": ""gce_instance"", ""resource_zone"": ""us-central1-a"", ""vm"": ""mooc-web""}",238
2026-09-27T05:02:00Z,"{""instance_name"": ""mooc-web"", ""loadbalanced"": ""false"", ""resource_instance_id"": ""1398563761166861218"", ""resource_project_id"": ""proyecto-2-cloud-509714"", ""resource_type"": ""gce_instance"", ""resource_zone"": ""us-central1-a"", ""vm"": ""mooc-web""}",233
2026-09-27T05:01:00Z,"{""instance_name"": ""mooc-web"", ""loadbalanced"": ""false"", ""resource_instance_id"": ""1398563761166861218"", ""resource_project_id"": ""proyecto-2-cloud-509714"", ""resource_type"": ""gce_instance"", ""resource_zone"": ""us-central1-a"", ""vm"": ""mooc-web""}",225
2026-09-27T05:00:00Z,"{""instance_name"": ""mooc-web"", ""loadbalanced"": ""false"", ""resource_instance_id"": ""1398563761166861218"", ""resource_project_id"": ""proyecto-2-cloud-509714"", ""resource_type"": ""gce_instance"", ""resource_zone"": ""us-central1-a"", ""vm"": ""mooc-web""}",247
2026-09-27T04:59:00Z,"{""instance_name"": ""mooc-web"", ""loadbalanced"": ""false"", ""resource_instance_id"": ""1398563761166861218"", ""resource_project_id"": ""proyecto-2-cloud-509714"", ""resource_type"": ""gce_instance"", ""resource_zone"": ""us-central1-a"", ""vm"": ""mooc-web""}",230
2026-09-27T04:58:00Z,"{""instance_name"": ""mooc-web"", ""loadbalanced"": ""false"", ""resource_instance_id"": ""1398563761166861218"", ""resource_project_id"": ""proyecto-2-cloud-509714"", ""resource_type"": ""gce_instance"", ""resource_zone"": ""us-central1-a"", ""vm"": ""mooc-web""}",269
2026-09-27T04:57:00Z,"{""instance_name"": ""mooc-web"", ""loadbalanced"": ""false"", ""resource_instance_id"": ""1398563761166861218"", ""resource_project_id"": ""proyecto-2-cloud-509714"", ""resource_type"": ""gce_instance"", ""resource_zone"": ""us-central1-a"", ""vm"": ""mooc-web""}",235
2026-09-27T04:56:00Z,"{""instance_name"": ""mooc-web"", ""loadbalanced"": ""false"", ""resource_instance_id"": ""1398563761166861218"", ""resource_project_id"": ""proyecto-2-cloud-509714"", ""resource_type"": ""gce_instance"", ""resource_zone"": ""us-central1-a"", ""vm"": ""mooc-web""}",675
2026-09-27T04:55:00Z,"{""instance_name"": ""mooc-web"", ""loadbalanced"": ""false"", ""resource_instance_id"": ""1398563761166861218"", ""resource_project_id"": ""proyecto-2-cloud-509714"", ""resource_type"": ""gce_instance"", ""resource_zone"": ""us-central1-a"", ""vm"": ""mooc-web""}",6518
2026-09-27T04:54:00Z,"{""instance_name"": ""mooc-web"", ""loadbalanced"": ""false"", ""resource_instance_id"": ""1398563761166861218"", ""resource_project_id"": ""proyecto-2-cloud-509714"", ""resource_type"": ""gce_instance"", ""resource_zone"": ""us-central1-a"", ""vm"": ""mooc-web""}",8592
2026-09-27T04:53:00Z,"{""instance_name"": ""mooc-web"", ""loadbalanced"": ""false"", ""resource_instance_id"": ""1398563761166861218"", ""resource_project_id"": ""proyecto-2-cloud-509714"", ""resource_type"": ""gce_instance"", ""resource_zone"": ""us-central1-a"", ""vm"": ""mooc-web""}",7908
2026-09-27T04:52:00Z,"{""instance_name"": ""mooc-web"", ""loadbalanced"": ""false"", ""resource_instance_id"": ""1398563761166861218"", ""resource_project_id"": ""proyecto-2-cloud-509714"", ""resource_type"": ""gce_instance"", ""resource_zone"": ""us-central1-a"", ""vm"": ""mooc-web""}",7299
2026-09-27T04:51:00Z,"{""instance_name"": ""mooc-web"", ""loadbalanced"": ""false"", ""resource_instance_id"": ""1398563761166861218"", ""resource_project_id"": ""proyecto-2-cloud-509714"", ""resource_type"": ""gce_instance"", ""resource_zone"": ""us-central1-a"", ""vm"": ""mooc-web""}",5015
2026-09-27T04:50:00Z,"{""instance_name"": ""mooc-web"", ""loadbalanced"": ""false"", ""resource_instance_id"": ""1398563761166861218"", ""resource_project_id"": ""proyecto-2-cloud-509714"", ""resource_type"": ""gce_instance"", ""resource_zone"": ""us-central1-a"", ""vm"": ""mooc-web""}",3601
2026-09-27T04:49:00Z,"{""instance_name"": ""mooc-web"", ""loadbalanced"": ""false"", ""resource_instance_id"": ""1398563761166861218"", ""resource_project_id"": ""proyecto-2-cloud-509714"", ""resource_type"": ""gce_instance"", ""resource_zone"": ""us-central1-a"", ""vm"": ""mooc-web""}",3521
2026-09-27T04:48:00Z,"{""instance_name"": ""mooc-web"", ""loadbalanced"": ""false"", ""resource_instance_id"": ""1398563761166861218"", ""resource_project_id"": ""proyecto-2-cloud-509714"", ""resource_type"": ""gce_instance"", ""resource_zone"": ""us-central1-a"", ""vm"": ""mooc-web""}",3292
2026-09-27T04:47:00Z,"{""instance_name"": ""mooc-web"", ""loadbalanced"": ""false"", ""resource_instance_id"": ""1398563761166861218"", ""resource_project_id"": ""proyecto-2-cloud-509714"", ""resource_type"": ""gce_instance"", ""resource_zone"": ""us-central1-a"", ""vm"": ""mooc-web""}",3137
2026-09-27T04:46:00Z,"{""instance_name"": ""mooc-web"", ""loadbalanced"": ""false"", ""resource_instance_id"": ""1398563761166861218"", ""resource_project_id"": ""proyecto-2-cloud-509714"", ""resource_type"": ""gce_instance"", ""resource_zone"": ""us-central1-a"", ""vm"": ""mooc-web""}",1610
2026-09-27T04:45:00Z,"{""instance_name"": ""mooc-web"", ""loadbalanced"": ""false"", ""resource_instance_id"": ""1398563761166861218"", ""resource_project_id"": ""proyecto-2-cloud-509714"", ""resource_type"": ""gce_instance"", ""resource_zone"": ""us-central1-a"", ""vm"": ""mooc-web""}",1588
2026-09-27T04:44:00Z,"{""instance_name"": ""mooc-web"", ""loadbalanced"": ""false"", ""resource_instance_id"": ""1398563761166861218"", ""resource_project_id"": ""proyecto-2-cloud-509714"", ""resource_type"": ""gce_instance"", ""resource_zone"": ""us-central1-a"", ""vm"": ""mooc-web""}",1689
2026-09-27T04:43:00Z,"{""instance_name"": ""mooc-web"", ""loadbalanced"": ""false"", ""resource_instance_id"": ""1398563761166861218"", ""resource_project_id"": ""proyecto-2-cloud-509714"", ""resource_type"": ""gce_instance"", ""resource_zone"": ""us-central1-a"", ""vm"": ""mooc-web""}",1681
2026-09-27T04:42:00Z,"{""instance_name"": ""mooc-web"", ""loadbalanced"": ""false"", ""resource_instance_id"": ""1398563761166861218"", ""resource_project_id"": ""proyecto-2-cloud-509714"", ""resource_type"": ""gce_instance"", ""resource_zone"": ""us-central1-a"", ""vm"": ""mooc-web""}",1396
2026-09-27T04:41:00Z,"{""instance_name"": ""mooc-web"", ""loadbalanced"": ""false"", ""resource_instance_id"": ""1398563761166861218"", ""resource_project_id"": ""proyecto-2-cloud-509714"", ""resource_type"": ""gce_instance"", ""resource_zone"": ""us-central1-a"", ""vm"": ""mooc-web""}",255
2026-09-27T04:40:00Z,"{""instance_name"": ""mooc-web"", ""loadbalanced"": ""false"", ""resource_instance_id"": ""1398563761166861218"", ""resource_project_id"": ""proyecto-2-cloud-509714"", ""resource_type"": ""gce_instance"", ""resource_zone"": ""us-central1-a"", ""vm"": ""mooc-web""}",263
2026-09-27T04:39:00Z,"{""instance_name"": ""mooc-web"", ""loadbalanced"": ""false"", ""resource_instance_id"": ""1398563761166861218"", ""resource_project_id"": ""proyecto-2-cloud-509714"", ""resource_type"": ""gce_instance"", ""resource_zone"": ""us-central1-a"", ""vm"": ""mooc-web""}",405
2026-09-27T04:38:00Z,"{""instance_name"": ""mooc-web"", ""loadbalanced"": ""false"", ""resource_instance_id"": ""1398563761166861218"", ""resource_project_id"": ""proyecto-2-cloud-509714"", ""resource_type"": ""gce_instance"", ""resource_zone"": ""us-central1-a"", ""vm"": ""mooc-web""}",393
2026-09-27T04:37:00Z,"{""instance_name"": ""mooc-web"", ""loadbalanced"": ""false"", ""resource_instance_id"": ""1398563761166861218"", ""resource_project_id"": ""proyecto-2-cloud-509714"", ""resource_type"": ""gce_instance"", ""resource_zone"": ""us-central1-a"", ""vm"": ""mooc-web""}",409
2026-09-27T04:36:00Z,"{""instance_name"": ""mooc-web"", ""loadbalanced"": ""false"", ""resource_instance_id"": ""1398563761166861218"", ""resource_project_id"": ""proyecto-2-cloud-509714"", ""resource_type"": ""gce_instance"", ""resource_zone"": ""us-central1-a"", ""vm"": ""mooc-web""}",478
2026-09-27T04:35:00Z,"{""instance_name"": ""mooc-web"", ""loadbalanced"": ""false"", ""resource_instance_id"": ""1398563761166861218"", ""resource_project_id"": ""proyecto-2-cloud-509714"", ""resource_type"": ""gce_instance"", ""resource_zone"": ""us-central1-a"", ""vm"": ""mooc-web""}",370
2026-09-27T04:34:00Z,"{""instance_name"": ""mooc-web"", ""loadbalanced"": ""false"", ""resource_instance_id"": ""1398563761166861218"", ""resource_project_id"": ""proyecto-2-cloud-509714"", ""resource_type"": ""gce_instance"", ""resource_zone"": ""us-central1-a"", ""vm"": ""mooc-web""}",435
2026-09-27T04:33:00Z,"{""instance_name"": ""mooc-web"", ""loadbalanced"": ""false"", ""resource_instance_id"": ""1398563761166861218"", ""resource_project_id"": ""proyecto-2-cloud-509714"", ""resource_type"": ""gce_instance"", ""resource_zone"": ""us-central1-a"", ""vm"": ""mooc-web""}",496
2026-09-27T04:32:00Z,"{""instance_name"": ""mooc-web"", ""loadbalanced"": ""false"", ""resource_instance_id"": ""1398563761166861218"", ""resource_project_id"": ""proyecto-2-cloud-509714"", ""resource_type"": ""gce_instance"", ""resource_zone"": ""us-central1-a"", ""vm"": ""mooc-web""}",359
2026-09-27T04:31:00Z,"{""instance_name"": ""mooc-web"", ""loadbalanced"": ""false"", ""resource_instance_id"": ""1398563761166861218"", ""resource_project_id"": ""proyecto-2-cloud-509714"", ""resource_type"": ""gce_instance"", ""resource_zone"": ""us-central1-a"", ""vm"": ""mooc-web""}",354
2026-09-27T04:30:00Z,"{""instance_name"": ""mooc-web"", ""loadbalanced"": ""false"", ""resource_instance_id"": ""1398563761166861218"", ""resource_project_id"": ""proyecto-2-cloud-509714"", ""resource_type"": ""gce_instance"", ""resource_zone"": ""us-central1-a"", ""vm"": ""mooc-web""}",379
2026-09-27T04:29:00Z,"{""instance_name"": ""mooc-web"", ""loadbalanced"": ""false"", ""resource_instance_id"": ""1398563761166861218"", ""resource_project_id"": ""proyecto-2-cloud-509714"", ""resource_type"": ""gce_instance"", ""resource_zone"": ""us-central1-a"", ""vm"": ""mooc-web""}",398
2026-09-27T04:28:00Z,"{""instance_name"": ""mooc-web"", ""loadbalanced"": ""false"", ""resource_instance_id"": ""1398563761166861218"", ""resource_project_id"": ""proyecto-2-cloud-509714"", ""resource_type"": ""gce_instance"", ""resource_zone"": ""us-central1-a"", ""vm"": ""mooc-web""}",442
2026-09-27T04:27:00Z,"{""instance_name"": ""mooc-web"", ""loadbalanced"": ""false"", ""resource_instance_id"": ""1398563761166861218"", ""resource_project_id"": ""proyecto-2-cloud-509714"", ""resource_type"": ""gce_instance"", ""resource_zone"": ""us-central1-a"", ""vm"": ""mooc-web""}",417
2026-09-27T04:26:00Z,"{""instance_name"": ""mooc-web"", ""loadbalanced"": ""false"", ""resource_instance_id"": ""1398563761166861218"", ""resource_project_id"": ""proyecto-2-cloud-509714"", ""resource_type"": ""gce_instance"", ""resource_zone"": ""us-central1-a"", ""vm"": ""mooc-web""}",440
2026-09-27T04:25:00Z,"{""instance_name"": ""mooc-web"", ""loadbalanced"": ""false"", ""resource_instance_id"": ""1398563761166861218"", ""resource_project_id"": ""proyecto-2-cloud-509714"", ""resource_type"": ""gce_instance"", ""resource_zone"": ""us-central1-a"", ""vm"": ""mooc-web""}",391
2026-09-27T04:24:00Z,"{""instance_name"": ""mooc-web"", ""loadbalanced"": ""false"", ""resource_instance_id"": ""1398563761166861218"", ""resource_project_id"": ""proyecto-2-cloud-509714"", ""resource_type"": ""gce_instance"", ""resource_zone"": ""us-central1-a"", ""vm"": ""mooc-web""}",665
2026-09-27T04:23:00Z,"{""instance_name"": ""mooc-web"", ""loadbalanced"": ""false"", ""resource_instance_id"": ""1398563761166861218"", ""resource_project_id"": ""proyecto-2-cloud-509714"", ""resource_type"": ""gce_instance"", ""resource_zone"": ""us-central1-a"", ""vm"": ""mooc-web""}",4029
2026-09-27T04:22:00Z,"{""instance_name"": ""mooc-web"", ""loadbalanced"": ""false"", ""resource_instance_id"": ""1398563761166861218"", ""resource_project_id"": ""proyecto-2-cloud-509714"", ""resource_type"": ""gce_instance"", ""resource_zone"": ""us-central1-a"", ""vm"": ""mooc-web""}",446
2026-09-27T04:21:00Z,"{""instance_name"": ""mooc-web"", ""loadbalanced"": ""false"", ""resource_instance_id"": ""1398563761166861218"", ""resource_project_id"": ""proyecto-2-cloud-509714"", ""resource_type"": ""gce_instance"", ""resource_zone"": ""us-central1-a"", ""vm"": ""mooc-web""}",379
2026-09-27T04:20:00Z,"{""instance_name"": ""mooc-web"", ""loadbalanced"": ""false"", ""resource_instance_id"": ""1398563761166861218"", ""resource_project_id"": ""proyecto-2-cloud-509714"", ""resource_type"": ""gce_instance"", ""resource_zone"": ""us-central1-a"", ""vm"": ""mooc-web""}",345
2026-09-27T04:19:00Z,"{""instance_name"": ""mooc-web"", ""loadbalanced"": ""false"", ""resource_instance_id"": ""1398563761166861218"", ""resource_project_id"": ""proyecto-2-cloud-509714"", ""resource_type"": ""gce_instance"", ""resource_zone"": ""us-central1-a"", ""vm"": ""mooc-web""}",417
2026-09-27T04:18:00Z,"{""instance_name"": ""mooc-web"", ""loadbalanced"": ""false"", ""resource_instance_id"": ""1398563761166861218"", ""resource_project_id"": ""proyecto-2-cloud-509714"", ""resource_type"": ""gce_instance"", ""resource_zone"": ""us-central1-a"", ""vm"": ""mooc-web""}",386
2026-09-27T04:17:00Z,"{""instance_name"": ""mooc-web"", ""loadbalanced"": ""false"", ""resource_instance_id"": ""1398563761166861218"", ""resource_project_id"": ""proyecto-2-cloud-509714"", ""resource_type"": ""gce_instance"", ""resource_zone"": ""us-central1-a"", ""vm"": ""mooc-web""}",383
2026-09-27T04:16:00Z,"{""instance_name"": ""mooc-web"", ""loadbalanced"": ""false"", ""resource_instance_id"": ""1398563761166861218"", ""resource_project_id"": ""proyecto-2-cloud-509714"", ""resource_type"": ""gce_instance"", ""resource_zone"": ""us-central1-a"", ""vm"": ""mooc-web""}",349
2026-09-27T04:15:00Z,"{""instance_name"": ""mooc-web"", ""loadbalanced"": ""false"", ""resource_instance_id"": ""1398563761166861218"", ""resource_project_id"": ""proyecto-2-cloud-509714"", ""resource_type"": ""gce_instance"", ""resource_zone"": ""us-central1-a"", ""vm"": ""mooc-web""}",381
2026-09-27T04:14:00Z,"{""instance_name"": ""mooc-web"", ""loadbalanced"": ""false"", ""resource_instance_id"": ""1398563761166861218"", ""resource_project_id"": ""proyecto-2-cloud-509714"", ""resource_type"": ""gce_instance"", ""resource_zone"": ""us-central1-a"", ""vm"": ""mooc-web""}",404
2026-09-27T04:13:00Z,"{""instance_name"": ""mooc-web"", ""loadbalanced"": ""false"", ""resource_instance_id"": ""1398563761166861218"", ""resource_project_id"": ""proyecto-2-cloud-509714"", ""resource_type"": ""gce_instance"", ""resource_zone"": ""us-central1-a"", ""vm"": ""mooc-web""}",392
2026-09-27T04:12:00Z,"{""instance_name"": ""mooc-web"", ""loadbalanced"": ""false"", ""resource_instance_id"": ""1398563761166861218"", ""resource_project_id"": ""proyecto-2-cloud-509714"", ""resource_type"": ""gce_instance"", ""resource_zone"": ""us-central1-a"", ""vm"": ""mooc-web""}",422
2026-09-27T04:11:00Z,"{""instance_name"": ""mooc-web"", ""loadbalanced"": ""false"", ""resource_instance_id"": ""1398563761166861218"", ""resource_project_id"": ""proyecto-2-cloud-509714"", ""resource_type"": ""gce_instance"", ""resource_zone"": ""us-central1-a"", ""vm"": ""mooc-web""}",392
2026-09-27T04:10:00Z,"{""instance_name"": ""mooc-web"", ""loadbalanced"": ""false"", ""resource_instance_id"": ""1398563761166861218"", ""resource_project_id"": ""proyecto-2-cloud-509714"", ""resource_type"": ""gce_instance"", ""resource_zone"": ""us-central1-a"", ""vm"": ""mooc-web""}",453
2026-09-27T04:09:00Z,"{""instance_name"": ""mooc-web"", ""loadbalanced"": ""false"", ""resource_instance_id"": ""1398563761166861218"", ""resource_project_id"": ""proyecto-2-cloud-509714"", ""resource_type"": ""gce_instance"", ""resource_zone"": ""us-central1-a"", ""vm"": ""mooc-web""}",371
2026-09-27T04:08:00Z,"{""instance_name"": ""mooc-web"", ""loadbalanced"": ""false"", ""resource_instance_id"": ""1398563761166861218"", ""resource_project_id"": ""proyecto-2-cloud-509714"", ""resource_type"": ""gce_instance"", ""resource_zone"": ""us-central1-a"", ""vm"": ""mooc-web""}",370
2026-09-27T04:07:00Z,"{""instance_name"": ""mooc-web"", ""loadbalanced"": ""false"", ""resource_instance_id"": ""1398563761166861218"", ""resource_project_id"": ""proyecto-2-cloud-509714"", ""resource_type"": ""gce_instance"", ""resource_zone"": ""us-central1-a"", ""vm"": ""mooc-web""}",428
2026-09-27T04:06:00Z,"{""instance_name"": ""mooc-web"", ""loadbalanced"": ""false"", ""resource_instance_id"": ""1398563761166861218"", ""resource_project_id"": ""proyecto-2-cloud-509714"", ""resource_type"": ""gce_instance"", ""resource_zone"": ""us-central1-a"", ""vm"": ""mooc-web""}",1093
2026-09-27T04:05:00Z,"{""instance_name"": ""mooc-web"", ""loadbalanced"": ""false"", ""resource_instance_id"": ""1398563761166861218"", ""resource_project_id"": ""proyecto-2-cloud-509714"", ""resource_type"": ""gce_instance"", ""resource_zone"": ""us-central1-a"", ""vm"": ""mooc-web""}",4047
2026-09-27T04:04:00Z,"{""instance_name"": ""mooc-web"", ""loadbalanced"": ""false"", ""resource_instance_id"": ""1398563761166861218"", ""resource_project_id"": ""proyecto-2-cloud-509714"", ""resource_type"": ""gce_instance"", ""resource_zone"": ""us-central1-a"", ""vm"": ""mooc-web""}",2812
2026-09-27T04:03:00Z,"{""instance_name"": ""mooc-web"", ""loadbalanced"": ""false"", ""resource_instance_id"": ""1398563761166861218"", ""resource_project_id"": ""proyecto-2-cloud-509714"", ""resource_type"": ""gce_instance"", ""resource_zone"": ""us-central1-a"", ""vm"": ""mooc-web""}",701
2026-09-27T04:02:00Z,"{""instance_name"": ""mooc-web"", ""loadbalanced"": ""false"", ""resource_instance_id"": ""1398563761166861218"", ""resource_project_id"": ""proyecto-2-cloud-509714"", ""resource_type"": ""gce_instance"", ""resource_zone"": ""us-central1-a"", ""vm"": ""mooc-web""}",380
2026-09-27T04:01:00Z,"{""instance_name"": ""mooc-web"", ""loadbalanced"": ""false"", ""resource_instance_id"": ""1398563761166861218"", ""resource_project_id"": ""proyecto-2-cloud-509714"", ""resource_type"": ""gce_instance"", ""resource_zone"": ""us-central1-a"", ""vm"": ""mooc-web""}",359
2026-09-27T04:00:00Z,"{""instance_name"": ""mooc-web"", ""loadbalanced"": ""false"", ""resource_instance_id"": ""1398563761166861218"", ""resource_project_id"": ""proyecto-2-cloud-509714"", ""resource_type"": ""gce_instance"", ""resource_zone"": ""us-central1-a"", ""vm"": ""mooc-web""}",375
2026-09-27T03:59:00Z,"{""instance_name"": ""mooc-web"", ""loadbalanced"": ""false"", ""resource_instance_id"": ""1398563761166861218"", ""resource_project_id"": ""proyecto-2-cloud-509714"", ""resource_type"": ""gce_instance"", ""resource_zone"": ""us-central1-a"", ""vm"": ""mooc-web""}",420
2026-09-27T03:58:00Z,"{""instance_name"": ""mooc-web"", ""loadbalanced"": ""false"", ""resource_instance_id"": ""1398563761166861218"", ""resource_project_id"": ""proyecto-2-cloud-509714"", ""resource_type"": ""gce_instance"", ""resource_zone"": ""us-central1-a"", ""vm"": ""mooc-web""}",392
2026-09-27T03:57:00Z,"{""instance_name"": ""mooc-web"", ""loadbalanced"": ""false"", ""resource_instance_id"": ""1398563761166861218"", ""resource_project_id"": ""proyecto-2-cloud-509714"", ""resource_type"": ""gce_instance"", ""resource_zone"": ""us-central1-a"", ""vm"": ""mooc-web""}",428
2026-09-27T03:56:00Z,"{""instance_name"": ""mooc-web"", ""loadbalanced"": ""false"", ""resource_instance_id"": ""1398563761166861218"", ""resource_project_id"": ""proyecto-2-cloud-509714"", ""resource_type"": ""gce_instance"", ""resource_zone"": ""us-central1-a"", ""vm"": ""mooc-web""}",378
2026-09-27T03:55:00Z,"{""instance_name"": ""mooc-web"", ""loadbalanced"": ""false"", ""resource_instance_id"": ""1398563761166861218"", ""resource_project_id"": ""proyecto-2-cloud-509714"", ""resource_type"": ""gce_instance"", ""resource_zone"": ""us-central1-a"", ""vm"": ""mooc-web""}",418
2026-09-27T03:54:00Z,"{""instance_name"": ""mooc-web"", ""loadbalanced"": ""false"", ""resource_instance_id"": ""1398563761166861218"", ""resource_project_id"": ""proyecto-2-cloud-509714"", ""resource_type"": ""gce_instance"", ""resource_zone"": ""us-central1-a"", ""vm"": ""mooc-web""}",616
2026-09-27T03:53:00Z,"{""instance_name"": ""mooc-web"", ""loadbalanced"": ""false"", ""resource_instance_id"": ""1398563761166861218"", ""resource_project_id"": ""proyecto-2-cloud-509714"", ""resource_type"": ""gce_instance"", ""resource_zone"": ""us-central1-a"", ""vm"": ""mooc-web""}",579
2026-09-27T03:52:00Z,"{""instance_name"": ""mooc-web"", ""loadbalanced"": ""false"", ""resource_instance_id"": ""1398563761166861218"", ""resource_project_id"": ""proyecto-2-cloud-509714"", ""resource_type"": ""gce_instance"", ""resource_zone"": ""us-central1-a"", ""vm"": ""mooc-web""}",850
2026-09-27T03:51:00Z,"{""instance_name"": ""mooc-web"", ""loadbalanced"": ""false"", ""resource_instance_id"": ""1398563761166861218"", ""resource_project_id"": ""proyecto-2-cloud-509714"", ""resource_type"": ""gce_instance"", ""resource_zone"": ""us-central1-a"", ""vm"": ""mooc-web""}",678
2026-09-27T03:50:00Z,"{""instance_name"": ""mooc-web"", ""loadbalanced"": ""false"", ""resource_instance_id"": ""1398563761166861218"", ""resource_project_id"": ""proyecto-2-cloud-509714"", ""resource_type"": ""gce_instance"", ""resource_zone"": ""us-central1-a"", ""vm"": ""mooc-web""}",790
2026-09-27T03:49:00Z,"{""instance_name"": ""mooc-web"", ""loadbalanced"": ""false"", ""resource_instance_id"": ""1398563761166861218"", ""resource_project_id"": ""proyecto-2-cloud-509714"", ""resource_type"": ""gce_instance"", ""resource_zone"": ""us-central1-a"", ""vm"": ""mooc-web""}",467
2026-09-27T03:48:00Z,"{""instance_name"": ""mooc-web"", ""loadbalanced"": ""false"", ""resource_instance_id"": ""1398563761166861218"", ""resource_project_id"": ""proyecto-2-cloud-509714"", ""resource_type"": ""gce_instance"", ""resource_zone"": ""us-central1-a"", ""vm"": ""mooc-web""}",624
2026-09-27T03:47:00Z,"{""instance_name"": ""mooc-web"", ""loadbalanced"": ""false"", ""resource_instance_id"": ""1398563761166861218"", ""resource_project_id"": ""proyecto-2-cloud-509714"", ""resource_type"": ""gce_instance"", ""resource_zone"": ""us-central1-a"", ""vm"": ""mooc-web""}",1826
2026-09-27T03:46:00Z,"{""instance_name"": ""mooc-web"", ""loadbalanced"": ""false"", ""resource_instance_id"": ""1398563761166861218"", ""resource_project_id"": ""proyecto-2-cloud-509714"", ""resource_type"": ""gce_instance"", ""resource_zone"": ""us-central1-a"", ""vm"": ""mooc-web""}",1606
2026-09-27T03:45:00Z,"{""instance_name"": ""mooc-web"", ""loadbalanced"": ""false"", ""resource_instance_id"": ""1398563761166861218"", ""resource_project_id"": ""proyecto-2-cloud-509714"", ""resource_type"": ""gce_instance"", ""resource_zone"": ""us-central1-a"", ""vm"": ""mooc-web""}",2216
2026-09-27T03:44:00Z,"{""instance_name"": ""mooc-web"", ""loadbalanced"": ""false"", ""resource_instance_id"": ""1398563761166861218"", ""resource_project_id"": ""proyecto-2-cloud-509714"", ""resource_type"": ""gce_instance"", ""resource_zone"": ""us-central1-a"", ""vm"": ""mooc-web""}",10543
2026-09-27T03:43:00Z,"{""instance_name"": ""mooc-web"", ""loadbalanced"": ""false"", ""resource_instance_id"": ""1398563761166861218"", ""resource_project_id"": ""proyecto-2-cloud-509714"", ""resource_type"": ""gce_instance"", ""resource_zone"": ""us-central1-a"", ""vm"": ""mooc-web""}",21323
2026-09-27T03:42:00Z,"{""instance_name"": ""mooc-web"", ""loadbalanced"": ""false"", ""resource_instance_id"": ""1398563761166861218"", ""resource_project_id"": ""proyecto-2-cloud-509714"", ""resource_type"": ""gce_instance"", ""resource_zone"": ""us-central1-a"", ""vm"": ""mooc-web""}",23516
2026-09-27T03:41:00Z,"{""instance_name"": ""mooc-web"", ""loadbalanced"": ""false"", ""resource_instance_id"": ""1398563761166861218"", ""resource_project_id"": ""proyecto-2-cloud-509714"", ""resource_type"": ""gce_instance"", ""resource_zone"": ""us-central1-a"", ""vm"": ""mooc-web""}",28725
2026-09-27T03:40:00Z,"{""instance_name"": ""mooc-web"", ""loadbalanced"": ""false"", ""resource_instance_id"": ""1398563761166861218"", ""resource_project_id"": ""proyecto-2-cloud-509714"", ""resource_type"": ""gce_instance"", ""resource_zone"": ""us-central1-a"", ""vm"": ""mooc-web""}",28061
2026-09-27T03:39:00Z,"{""instance_name"": ""mooc-web"", ""loadbalanced"": ""false"", ""resource_instance_id"": ""1398563761166861218"", ""resource_project_id"": ""proyecto-2-cloud-509714"", ""resource_type"": ""gce_instance"", ""resource_zone"": ""us-central1-a"", ""vm"": ""mooc-web""}",23889
2026-09-27T03:38:00Z,"{""instance_name"": ""mooc-web"", ""loadbalanced"": ""false"", ""resource_instance_id"": ""1398563761166861218"", ""resource_project_id"": ""proyecto-2-cloud-509714"", ""resource_type"": ""gce_instance"", ""resource_zone"": ""us-central1-a"", ""vm"": ""mooc-web""}",25585
2026-09-27T03:37:00Z,"{""instance_name"": ""mooc-web"", ""loadbalanced"": ""false"", ""resource_instance_id"": ""1398563761166861218"", ""resource_project_id"": ""proyecto-2-cloud-509714"", ""resource_type"": ""gce_instance"", ""resource_zone"": ""us-central1-a"", ""vm"": ""mooc-web""}",35957
2026-09-27T03:36:00Z,"{""instance_name"": ""mooc-web"", ""loadbalanced"": ""false"", ""resource_instance_id"": ""1398563761166861218"", ""resource_project_id"": ""proyecto-2-cloud-509714"", ""resource_type"": ""gce_instance"", ""resource_zone"": ""us-central1-a"", ""vm"": ""mooc-web""}",45242
2026-09-27T03:35:00Z,"{""instance_name"": ""mooc-web"", ""loadbalanced"": ""false"", ""resource_instance_id"": ""1398563761166861218"", ""resource_project_id"": ""proyecto-2-cloud-509714"", ""resource_type"": ""gce_instance"", ""resource_zone"": ""us-central1-a"", ""vm"": ""mooc-web""}",44713
2026-09-27T03:34:00Z,"{""instance_name"": ""mooc-web"", ""loadbalanced"": ""false"", ""resource_instance_id"": ""1398563761166861218"", ""resource_project_id"": ""proyecto-2-cloud-509714"", ""resource_type"": ""gce_instance"", ""resource_zone"": ""us-central1-a"", ""vm"": ""mooc-web""}",35612
2026-09-27T03:33:00Z,"{""instance_name"": ""mooc-web"", ""loadbalanced"": ""false"", ""resource_instance_id"": ""1398563761166861218"", ""resource_project_id"": ""proyecto-2-cloud-509714"", ""resource_type"": ""gce_instance"", ""resource_zone"": ""us-central1-a"", ""vm"": ""mooc-web""}",24381
2026-09-27T03:32:00Z,"{""instance_name"": ""mooc-web"", ""loadbalanced"": ""false"", ""resource_instance_id"": ""1398563761166861218"", ""resource_project_id"": ""proyecto-2-cloud-509714"", ""resource_type"": ""gce_instance"", ""resource_zone"": ""us-central1-a"", ""vm"": ""mooc-web""}",23997
2026-09-27T03:31:00Z,"{""instance_name"": ""mooc-web"", ""loadbalanced"": ""false"", ""resource_instance_id"": ""1398563761166861218"", ""resource_project_id"": ""proyecto-2-cloud-509714"", ""resource_type"": ""gce_instance"", ""resource_zone"": ""us-central1-a"", ""vm"": ""mooc-web""}",28919
2026-09-27T03:30:00Z,"{""instance_name"": ""mooc-web"", ""loadbalanced"": ""false"", ""resource_instance_id"": ""1398563761166861218"", ""resource_project_id"": ""proyecto-2-cloud-509714"", ""resource_type"": ""gce_instance"", ""resource_zone"": ""us-central1-a"", ""vm"": ""mooc-web""}",29176
2026-09-27T03:29:00Z,"{""instance_name"": ""mooc-web"", ""loadbalanced"": ""false"", ""resource_instance_id"": ""1398563761166861218"", ""resource_project_id"": ""proyecto-2-cloud-509714"", ""resource_type"": ""gce_instance"", ""resource_zone"": ""us-central1-a"", ""vm"": ""mooc-web""}",25990
2026-09-27T03:28:00Z,"{""instance_name"": ""mooc-web"", ""loadbalanced"": ""false"", ""resource_instance_id"": ""1398563761166861218"", ""resource_project_id"": ""proyecto-2-cloud-509714"", ""resource_type"": ""gce_instance"", ""resource_zone"": ""us-central1-a"", ""vm"": ""mooc-web""}",20699
2026-09-27T03:27:00Z,"{""instance_name"": ""mooc-web"", ""loadbalanced"": ""false"", ""resource_instance_id"": ""1398563761166861218"", ""resource_project_id"": ""proyecto-2-cloud-509714"", ""resource_type"": ""gce_instance"", ""resource_zone"": ""us-central1-a"", ""vm"": ""mooc-web""}",16263
2026-09-27T03:26:00Z,"{""instance_name"": ""mooc-web"", ""loadbalanced"": ""false"", ""resource_instance_id"": ""1398563761166861218"", ""resource_project_id"": ""proyecto-2-cloud-509714"", ""resource_type"": ""gce_instance"", ""resource_zone"": ""us-central1-a"", ""vm"": ""mooc-web""}",14661
2026-09-27T03:25:00Z,"{""instance_name"": ""mooc-web"", ""loadbalanced"": ""false"", ""resource_instance_id"": ""1398563761166861218"", ""resource_project_id"": ""proyecto-2-cloud-509714"", ""resource_type"": ""gce_instance"", ""resource_zone"": ""us-central1-a"", ""vm"": ""mooc-web""}",15048
2026-09-27T03:24:00Z,"{""instance_name"": ""mooc-web"", ""loadbalanced"": ""false"", ""resource_instance_id"": ""1398563761166861218"", ""resource_project_id"": ""proyecto-2-cloud-509714"", ""resource_type"": ""gce_instance"", ""resource_zone"": ""us-central1-a"", ""vm"": ""mooc-web""}",13567
2026-09-27T03:23:00Z,"{""instance_name"": ""mooc-web"", ""loadbalanced"": ""false"", ""resource_instance_id"": ""1398563761166861218"", ""resource_project_id"": ""proyecto-2-cloud-509714"", ""resource_type"": ""gce_instance"", ""resource_zone"": ""us-central1-a"", ""vm"": ""mooc-web""}",23101
2026-09-27T03:22:00Z,"{""instance_name"": ""mooc-web"", ""loadbalanced"": ""false"", ""resource_instance_id"": ""1398563761166861218"", ""resource_project_id"": ""proyecto-2-cloud-509714"", ""resource_type"": ""gce_instance"", ""resource_zone"": ""us-central1-a"", ""vm"": ""mooc-web""}",6657
2026-09-27T03:21:00Z,"{""instance_name"": ""mooc-web"", ""loadbalanced"": ""false"", ""resource_instance_id"": ""1398563761166861218"", ""resource_project_id"": ""proyecto-2-cloud-509714"", ""resource_type"": ""gce_instance"", ""resource_zone"": ""us-central1-a"", ""vm"": ""mooc-web""}",7625
2026-09-27T03:20:00Z,"{""instance_name"": ""mooc-web"", ""loadbalanced"": ""false"", ""resource_instance_id"": ""1398563761166861218"", ""resource_project_id"": ""proyecto-2-cloud-509714"", ""resource_type"": ""gce_instance"", ""resource_zone"": ""us-central1-a"", ""vm"": ""mooc-web""}",6864
2026-09-27T03:19:00Z,"{""instance_name"": ""mooc-web"", ""loadbalanced"": ""false"", ""resource_instance_id"": ""1398563761166861218"", ""resource_project_id"": ""proyecto-2-cloud-509714"", ""resource_type"": ""gce_instance"", ""resource_zone"": ""us-central1-a"", ""vm"": ""mooc-web""}",7621
2026-09-27T03:18:00Z,"{""instance_name"": ""mooc-web"", ""loadbalanced"": ""false"", ""resource_instance_id"": ""1398563761166861218"", ""resource_project_id"": ""proyecto-2-cloud-509714"", ""resource_type"": ""gce_instance"", ""resource_zone"": ""us-central1-a"", ""vm"": ""mooc-web""}",23350
2026-09-27T03:17:00Z,"{""instance_name"": ""mooc-web"", ""loadbalanced"": ""false"", ""resource_instance_id"": ""1398563761166861218"", ""resource_project_id"": ""proyecto-2-cloud-509714"", ""resource_type"": ""gce_instance"", ""resource_zone"": ""us-central1-a"", ""vm"": ""mooc-web""}",1411
2026-09-27T03:16:00Z,"{""instance_name"": ""mooc-web"", ""loadbalanced"": ""false"", ""resource_instance_id"": ""1398563761166861218"", ""resource_project_id"": ""proyecto-2-cloud-509714"", ""resource_type"": ""gce_instance"", ""resource_zone"": ""us-central1-a"", ""vm"": ""mooc-web""}",3267
2026-09-27T03:15:00Z,"{""instance_name"": ""mooc-web"", ""loadbalanced"": ""false"", ""resource_instance_id"": ""1398563761166861218"", ""resource_project_id"": ""proyecto-2-cloud-509714"", ""resource_type"": ""gce_instance"", ""resource_zone"": ""us-central1-a"", ""vm"": ""mooc-web""}",3882
2026-09-27T03:14:00Z,"{""instance_name"": ""mooc-web"", ""loadbalanced"": ""false"", ""resource_instance_id"": ""1398563761166861218"", ""resource_project_id"": ""proyecto-2-cloud-509714"", ""resource_type"": ""gce_instance"", ""resource_zone"": ""us-central1-a"", ""vm"": ""mooc-web""}",18186
2026-09-27T03:13:00Z,"{""instance_name"": ""mooc-web"", ""loadbalanced"": ""false"", ""resource_instance_id"": ""1398563761166861218"", ""resource_project_id"": ""proyecto-2-cloud-509714"", ""resource_type"": ""gce_instance"", ""resource_zone"": ""us-central1-a"", ""vm"": ""mooc-web""}",6375
2026-09-27T03:12:00Z,"{""instance_name"": ""mooc-web"", ""loadbalanced"": ""false"", ""resource_instance_id"": ""1398563761166861218"", ""resource_project_id"": ""proyecto-2-cloud-509714"", ""resource_type"": ""gce_instance"", ""resource_zone"": ""us-central1-a"", ""vm"": ""mooc-web""}",671
2026-09-27T03:11:00Z,"{""instance_name"": ""mooc-web"", ""loadbalanced"": ""false"", ""resource_instance_id"": ""1398563761166861218"", ""resource_project_id"": ""proyecto-2-cloud-509714"", ""resource_type"": ""gce_instance"", ""resource_zone"": ""us-central1-a"", ""vm"": ""mooc-web""}",805
2026-09-27T03:10:00Z,"{""instance_name"": ""mooc-web"", ""loadbalanced"": ""false"", ""resource_instance_id"": ""1398563761166861218"", ""resource_project_id"": ""proyecto-2-cloud-509714"", ""resource_type"": ""gce_instance"", ""resource_zone"": ""us-central1-a"", ""vm"": ""mooc-web""}",2897
2026-09-27T03:09:00Z,"{""instance_name"": ""mooc-web"", ""loadbalanced"": ""false"", ""resource_instance_id"": ""1398563761166861218"", ""resource_project_id"": ""proyecto-2-cloud-509714"", ""resource_type"": ""gce_instance"", ""resource_zone"": ""us-central1-a"", ""vm"": ""mooc-web""}",3742
2026-09-27T03:08:00Z,"{""instance_name"": ""mooc-web"", ""loadbalanced"": ""false"", ""resource_instance_id"": ""1398563761166861218"", ""resource_project_id"": ""proyecto-2-cloud-509714"", ""resource_type"": ""gce_instance"", ""resource_zone"": ""us-central1-a"", ""vm"": ""mooc-web""}",16955
2026-09-27T03:07:00Z,"{""instance_name"": ""mooc-web"", ""loadbalanced"": ""false"", ""resource_instance_id"": ""1398563761166861218"", ""resource_project_id"": ""proyecto-2-cloud-509714"", ""resource_type"": ""gce_instance"", ""resource_zone"": ""us-central1-a"", ""vm"": ""mooc-web""}",19896
2026-09-27T03:06:00Z,"{""instance_name"": ""mooc-web"", ""loadbalanced"": ""false"", ""resource_instance_id"": ""1398563761166861218"", ""resource_project_id"": ""proyecto-2-cloud-509714"", ""resource_type"": ""gce_instance"", ""resource_zone"": ""us-central1-a"", ""vm"": ""mooc-web""}",465
2026-09-27T03:05:00Z,"{""instance_name"": ""mooc-web"", ""loadbalanced"": ""false"", ""resource_instance_id"": ""1398563761166861218"", ""resource_project_id"": ""proyecto-2-cloud-509714"", ""resource_type"": ""gce_instance"", ""resource_zone"": ""us-central1-a"", ""vm"": ""mooc-web""}",510
2026-09-27T03:04:00Z,"{""instance_name"": ""mooc-web"", ""loadbalanced"": ""false"", ""resource_instance_id"": ""1398563761166861218"", ""resource_project_id"": ""proyecto-2-cloud-509714"", ""resource_type"": ""gce_instance"", ""resource_zone"": ""us-central1-a"", ""vm"": ""mooc-web""}",716
2026-09-27T03:03:00Z,"{""instance_name"": ""mooc-web"", ""loadbalanced"": ""false"", ""resource_instance_id"": ""1398563761166861218"", ""resource_project_id"": ""proyecto-2-cloud-509714"", ""resource_type"": ""gce_instance"", ""resource_zone"": ""us-central1-a"", ""vm"": ""mooc-web""}",4104
2026-09-27T03:02:00Z,"{""instance_name"": ""mooc-web"", ""loadbalanced"": ""false"", ""resource_instance_id"": ""1398563761166861218"", ""resource_project_id"": ""proyecto-2-cloud-509714"", ""resource_type"": ""gce_instance"", ""resource_zone"": ""us-central1-a"", ""vm"": ""mooc-web""}",7986
2026-09-27T03:01:00Z,"{""instance_name"": ""mooc-web"", ""loadbalanced"": ""false"", ""resource_instance_id"": ""1398563761166861218"", ""resource_project_id"": ""proyecto-2-cloud-509714"", ""resource_type"": ""gce_instance"", ""resource_zone"": ""us-central1-a"", ""vm"": ""mooc-web""}",8094
2026-09-27T03:00:00Z,"{""instance_name"": ""mooc-web"", ""loadbalanced"": ""false"", ""resource_instance_id"": ""1398563761166861218"", ""resource_project_id"": ""proyecto-2-cloud-509714"", ""resource_type"": ""gce_instance"", ""resource_zone"": ""us-central1-a"", ""vm"": ""mooc-web""}",12341
2026-09-27T02:59:00Z,"{""instance_name"": ""mooc-web"", ""loadbalanced"": ""false"", ""resource_instance_id"": ""1398563761166861218"", ""resource_project_id"": ""proyecto-2-cloud-509714"", ""resource_type"": ""gce_instance"", ""resource_zone"": ""us-central1-a"", ""vm"": ""mooc-web""}",8047
2026-09-27T02:58:00Z,"{""instance_name"": ""mooc-web"", ""loadbalanced"": ""false"", ""resource_instance_id"": ""1398563761166861218"", ""resource_project_id"": ""proyecto-2-cloud-509714"", ""resource_type"": ""gce_instance"", ""resource_zone"": ""us-central1-a"", ""vm"": ""mooc-web""}",601
2026-09-27T02:57:00Z,"{""instance_name"": ""mooc-web"", ""loadbalanced"": ""false"", ""resource_instance_id"": ""1398563761166861218"", ""resource_project_id"": ""proyecto-2-cloud-509714"", ""resource_type"": ""gce_instance"", ""resource_zone"": ""us-central1-a"", ""vm"": ""mooc-web""}",383
2026-09-27T02:56:00Z,"{""instance_name"": ""mooc-web"", ""loadbalanced"": ""false"", ""resource_instance_id"": ""1398563761166861218"", ""resource_project_id"": ""proyecto-2-cloud-509714"", ""resource_type"": ""gce_instance"", ""resource_zone"": ""us-central1-a"", ""vm"": ""mooc-web""}",432
2026-09-27T02:55:00Z,"{""instance_name"": ""mooc-web"", ""loadbalanced"": ""false"", ""resource_instance_id"": ""1398563761166861218"", ""resource_project_id"": ""proyecto-2-cloud-509714"", ""resource_type"": ""gce_instance"", ""resource_zone"": ""us-central1-a"", ""vm"": ""mooc-web""}",1345
2026-09-27T02:54:00Z,"{""instance_name"": ""mooc-web"", ""loadbalanced"": ""false"", ""resource_instance_id"": ""1398563761166861218"", ""resource_project_id"": ""proyecto-2-cloud-509714"", ""resource_type"": ""gce_instance"", ""resource_zone"": ""us-central1-a"", ""vm"": ""mooc-web""}",10004
2026-09-27T02:53:00Z,"{""instance_name"": ""mooc-web"", ""loadbalanced"": ""false"", ""resource_instance_id"": ""1398563761166861218"", ""resource_project_id"": ""proyecto-2-cloud-509714"", ""resource_type"": ""gce_instance"", ""resource_zone"": ""us-central1-a"", ""vm"": ""mooc-web""}",3914
2026-09-27T02:52:00Z,"{""instance_name"": ""mooc-web"", ""loadbalanced"": ""false"", ""resource_instance_id"": ""1398563761166861218"", ""resource_project_id"": ""proyecto-2-cloud-509714"", ""resource_type"": ""gce_instance"", ""resource_zone"": ""us-central1-a"", ""vm"": ""mooc-web""}",871
2026-09-27T02:51:00Z,"{""instance_name"": ""mooc-web"", ""loadbalanced"": ""false"", ""resource_instance_id"": ""1398563761166861218"", ""resource_project_id"": ""proyecto-2-cloud-509714"", ""resource_type"": ""gce_instance"", ""resource_zone"": ""us-central1-a"", ""vm"": ""mooc-web""}",6769
2026-09-27T02:50:00Z,"{""instance_name"": ""mooc-web"", ""loadbalanced"": ""false"", ""resource_instance_id"": ""1398563761166861218"", ""resource_project_id"": ""proyecto-2-cloud-509714"", ""resource_type"": ""gce_instance"", ""resource_zone"": ""us-central1-a"", ""vm"": ""mooc-web""}",2054
2026-09-27T02:49:00Z,"{""instance_name"": ""mooc-web"", ""loadbalanced"": ""false"", ""resource_instance_id"": ""1398563761166861218"", ""resource_project_id"": ""proyecto-2-cloud-509714"", ""resource_type"": ""gce_instance"", ""resource_zone"": ""us-central1-a"", ""vm"": ""mooc-web""}",398
2026-09-27T02:48:00Z,"{""instance_name"": ""mooc-web"", ""loadbalanced"": ""false"", ""resource_instance_id"": ""1398563761166861218"", ""resource_project_id"": ""proyecto-2-cloud-509714"", ""resource_type"": ""gce_instance"", ""resource_zone"": ""us-central1-a"", ""vm"": ""mooc-web""}",600
2026-09-27T02:47:00Z,"{""instance_name"": ""mooc-web"", ""loadbalanced"": ""false"", ""resource_instance_id"": ""1398563761166861218"", ""resource_project_id"": ""proyecto-2-cloud-509714"", ""resource_type"": ""gce_instance"", ""resource_zone"": ""us-central1-a"", ""vm"": ""mooc-web""}",1028
2026-09-27T02:46:00Z,"{""instance_name"": ""mooc-web"", ""loadbalanced"": ""false"", ""resource_instance_id"": ""1398563761166861218"", ""resource_project_id"": ""proyecto-2-cloud-509714"", ""resource_type"": ""gce_instance"", ""resource_zone"": ""us-central1-a"", ""vm"": ""mooc-web""}",3991
2026-09-27T02:45:00Z,"{""instance_name"": ""mooc-web"", ""loadbalanced"": ""false"", ""resource_instance_id"": ""1398563761166861218"", ""resource_project_id"": ""proyecto-2-cloud-509714"", ""resource_type"": ""gce_instance"", ""resource_zone"": ""us-central1-a"", ""vm"": ""mooc-web""}",406
2026-09-27T02:44:00Z,"{""instance_name"": ""mooc-web"", ""loadbalanced"": ""false"", ""resource_instance_id"": ""1398563761166861218"", ""resource_project_id"": ""proyecto-2-cloud-509714"", ""resource_type"": ""gce_instance"", ""resource_zone"": ""us-central1-a"", ""vm"": ""mooc-web""}",467
2026-09-27T02:43:00Z,"{""instance_name"": ""mooc-web"", ""loadbalanced"": ""false"", ""resource_instance_id"": ""1398563761166861218"", ""resource_project_id"": ""proyecto-2-cloud-509714"", ""resource_type"": ""gce_instance"", ""resource_zone"": ""us-central1-a"", ""vm"": ""mooc-web""}",488
2026-09-27T02:42:00Z,"{""instance_name"": ""mooc-web"", ""loadbalanced"": ""false"", ""resource_instance_id"": ""1398563761166861218"", ""resource_project_id"": ""proyecto-2-cloud-509714"", ""resource_type"": ""gce_instance"", ""resource_zone"": ""us-central1-a"", ""vm"": ""mooc-web""}",420
2026-09-27T02:41:00Z,"{""instance_name"": ""mooc-web"", ""loadbalanced"": ""false"", ""resource_instance_id"": ""1398563761166861218"", ""resource_project_id"": ""proyecto-2-cloud-509714"", ""resource_type"": ""gce_instance"", ""resource_zone"": ""us-central1-a"", ""vm"": ""mooc-web""}",492
2026-09-27T02:40:00Z,"{""instance_name"": ""mooc-web"", ""loadbalanced"": ""false"", ""resource_instance_id"": ""1398563761166861218"", ""resource_project_id"": ""proyecto-2-cloud-509714"", ""resource_type"": ""gce_instance"", ""resource_zone"": ""us-central1-a"", ""vm"": ""mooc-web""}",8186
2026-09-27T02:39:00Z,"{""instance_name"": ""mooc-web"", ""loadbalanced"": ""false"", ""resource_instance_id"": ""1398563761166861218"", ""resource_project_id"": ""proyecto-2-cloud-509714"", ""resource_type"": ""gce_instance"", ""resource_zone"": ""us-central1-a"", ""vm"": ""mooc-web""}",102326
2026-09-27T02:38:00Z,"{""instance_name"": ""mooc-web"", ""loadbalanced"": ""false"", ""resource_instance_id"": ""1398563761166861218"", ""resource_project_id"": ""proyecto-2-cloud-509714"", ""resource_type"": ""gce_instance"", ""resource_zone"": ""us-central1-a"", ""vm"": ""mooc-web""}",400
2026-09-27T02:37:00Z,"{""instance_name"": ""mooc-web"", ""loadbalanced"": ""false"", ""resource_instance_id"": ""1398563761166861218"", ""resource_project_id"": ""proyecto-2-cloud-509714"", ""resource_type"": ""gce_instance"", ""resource_zone"": ""us-central1-a"", ""vm"": ""mooc-web""}",74
2026-09-27T02:36:00Z,"{""instance_name"": ""mooc-web"", ""loadbalanced"": ""false"", ""resource_instance_id"": ""1398563761166861218"", ""resource_project_id"": ""proyecto-2-cloud-509714"", ""resource_type"": ""gce_instance"", ""resource_zone"": ""us-central1-a"", ""vm"": ""mooc-web""}",32
2026-09-27T02:35:00Z,"{""instance_name"": ""mooc-web"", ""loadbalanced"": ""false"", ""resource_instance_id"": ""1398563761166861218"", ""resource_project_id"": ""proyecto-2-cloud-509714"", ""resource_type"": ""gce_instance"", ""resource_zone"": ""us-central1-a"", ""vm"": ""mooc-web""}",100
2026-09-27T02:34:00Z,"{""instance_name"": ""mooc-web"", ""loadbalanced"": ""false"", ""resource_instance_id"": ""1398563761166861218"", ""resource_project_id"": ""proyecto-2-cloud-509714"", ""resource_type"": ""gce_instance"", ""resource_zone"": ""us-central1-a"", ""vm"": ""mooc-web""}",100
2026-09-27T02:33:00Z,"{""instance_name"": ""mooc-web"", ""loadbalanced"": ""false"", ""resource_instance_id"": ""1398563761166861218"", ""resource_project_id"": ""proyecto-2-cloud-509714"", ""resource_type"": ""gce_instance"", ""resource_zone"": ""us-central1-a"", ""vm"": ""mooc-web""}",30
2026-09-27T02:32:00Z,"{""instance_name"": ""mooc-web"", ""loadbalanced"": ""false"", ""resource_instance_id"": ""1398563761166861218"", ""resource_project_id"": ""proyecto-2-cloud-509714"", ""resource_type"": ""gce_instance"", ""resource_zone"": ""us-central1-a"", ""vm"": ""mooc-web""}",40
2026-09-27T02:31:00Z,"{""instance_name"": ""mooc-web"", ""loadbalanced"": ""false"", ""resource_instance_id"": ""1398563761166861218"", ""resource_project_id"": ""proyecto-2-cloud-509714"", ""resource_type"": ""gce_instance"", ""resource_zone"": ""us-central1-a"", ""vm"": ""mooc-web""}",43
2026-09-27T02:30:00Z,"{""instance_name"": ""mooc-web"", ""loadbalanced"": ""false"", ""resource_instance_id"": ""1398563761166861218"", ""resource_project_id"": ""proyecto-2-cloud-509714"", ""resource_type"": ""gce_instance"", ""resource_zone"": ""us-central1-a"", ""vm"": ""mooc-web""}",32
2026-09-27T02:29:00Z,"{""instance_name"": ""mooc-web"", ""loadbalanced"": ""false"", ""resource_instance_id"": ""1398563761166861218"", ""resource_project_id"": ""proyecto-2-cloud-509714"", ""resource_type"": ""gce_instance"", ""resource_zone"": ""us-central1-a"", ""vm"": ""mooc-web""}",26
2026-09-27T02:28:00Z,"{""instance_name"": ""mooc-web"", ""loadbalanced"": ""false"", ""resource_instance_id"": ""1398563761166861218"", ""resource_project_id"": ""proyecto-2-cloud-509714"", ""resource_type"": ""gce_instance"", ""resource_zone"": ""us-central1-a"", ""vm"": ""mooc-web""}",26
2026-09-27T02:27:00Z,"{""instance_name"": ""mooc-web"", ""loadbalanced"": ""false"", ""resource_instance_id"": ""1398563761166861218"", ""resource_project_id"": ""proyecto-2-cloud-509714"", ""resource_type"": ""gce_instance"", ""resource_zone"": ""us-central1-a"", ""vm"": ""mooc-web""}",27
2026-09-27T02:26:00Z,"{""instance_name"": ""mooc-web"", ""loadbalanced"": ""false"", ""resource_instance_id"": ""1398563761166861218"", ""resource_project_id"": ""proyecto-2-cloud-509714"", ""resource_type"": ""gce_instance"", ""resource_zone"": ""us-central1-a"", ""vm"": ""mooc-web""}",110
2026-09-27T02:25:00Z,"{""instance_name"": ""mooc-web"", ""loadbalanced"": ""false"", ""resource_instance_id"": ""1398563761166861218"", ""resource_project_id"": ""proyecto-2-cloud-509714"", ""resource_type"": ""gce_instance"", ""resource_zone"": ""us-central1-a"", ""vm"": ""mooc-web""}",61
2026-09-27T02:24:00Z,"{""instance_name"": ""mooc-web"", ""loadbalanced"": ""false"", ""resource_instance_id"": ""1398563761166861218"", ""resource_project_id"": ""proyecto-2-cloud-509714"", ""resource_type"": ""gce_instance"", ""resource_zone"": ""us-central1-a"", ""vm"": ""mooc-web""}",46
2026-09-27T02:23:00Z,"{""instance_name"": ""mooc-web"", ""loadbalanced"": ""false"", ""resource_instance_id"": ""1398563761166861218"", ""resource_project_id"": ""proyecto-2-cloud-509714"", ""resource_type"": ""gce_instance"", ""resource_zone"": ""us-central1-a"", ""vm"": ""mooc-web""}",5108
2026-09-27T02:22:00Z,"{""instance_name"": ""mooc-web"", ""loadbalanced"": ""false"", ""resource_instance_id"": ""1398563761166861218"", ""resource_project_id"": ""proyecto-2-cloud-509714"", ""resource_type"": ""gce_instance"", ""resource_zone"": ""us-central1-a"", ""vm"": ""mooc-web""}",83733
2026-09-27T02:21:00Z,"{""instance_name"": ""mooc-web"", ""loadbalanced"": ""false"", ""resource_instance_id"": ""1398563761166861218"", ""resource_project_id"": ""proyecto-2-cloud-509714"", ""resource_type"": ""gce_instance"", ""resource_zone"": ""us-central1-a"", ""vm"": ""mooc-web""}",160134
2026-09-27T06:42:00Z,"{""instance_name"": ""mooc-worker"", ""loadbalanced"": ""false"", ""resource_instance_id"": ""2832248983015202130"", ""resource_project_id"": ""proyecto-2-cloud-509714"", ""resource_type"": ""gce_instance"", ""resource_zone"": ""us-central1-a"", ""vm"": ""mooc-worker""}",4604
2026-09-27T06:41:00Z,"{""instance_name"": ""mooc-worker"", ""loadbalanced"": ""false"", ""resource_instance_id"": ""2832248983015202130"", ""resource_project_id"": ""proyecto-2-cloud-509714"", ""resource_type"": ""gce_instance"", ""resource_zone"": ""us-central1-a"", ""vm"": ""mooc-worker""}",3311
2026-09-27T06:40:00Z,"{""instance_name"": ""mooc-worker"", ""loadbalanced"": ""false"", ""resource_instance_id"": ""2832248983015202130"", ""resource_project_id"": ""proyecto-2-cloud-509714"", ""resource_type"": ""gce_instance"", ""resource_zone"": ""us-central1-a"", ""vm"": ""mooc-worker""}",3132
2026-09-27T06:39:00Z,"{""instance_name"": ""mooc-worker"", ""loadbalanced"": ""false"", ""resource_instance_id"": ""2832248983015202130"", ""resource_project_id"": ""proyecto-2-cloud-509714"", ""resource_type"": ""gce_instance"", ""resource_zone"": ""us-central1-a"", ""vm"": ""mooc-worker""}",1161
2026-09-27T06:38:00Z,"{""instance_name"": ""mooc-worker"", ""loadbalanced"": ""false"", ""resource_instance_id"": ""2832248983015202130"", ""resource_project_id"": ""proyecto-2-cloud-509714"", ""resource_type"": ""gce_instance"", ""resource_zone"": ""us-central1-a"", ""vm"": ""mooc-worker""}",3710
2026-09-27T06:37:00Z,"{""instance_name"": ""mooc-worker"", ""loadbalanced"": ""false"", ""resource_instance_id"": ""2832248983015202130"", ""resource_project_id"": ""proyecto-2-cloud-509714"", ""resource_type"": ""gce_instance"", ""resource_zone"": ""us-central1-a"", ""vm"": ""mooc-worker""}",1773
2026-09-27T06:36:00Z,"{""instance_name"": ""mooc-worker"", ""loadbalanced"": ""false"", ""resource_instance_id"": ""2832248983015202130"", ""resource_project_id"": ""proyecto-2-cloud-509714"", ""resource_type"": ""gce_instance"", ""resource_zone"": ""us-central1-a"", ""vm"": ""mooc-worker""}",6635
2026-09-27T06:35:00Z,"{""instance_name"": ""mooc-worker"", ""loadbalanced"": ""false"", ""resource_instance_id"": ""2832248983015202130"", ""resource_project_id"": ""proyecto-2-cloud-509714"", ""resource_type"": ""gce_instance"", ""resource_zone"": ""us-central1-a"", ""vm"": ""mooc-worker""}",2333
2026-09-27T06:34:00Z,"{""instance_name"": ""mooc-worker"", ""loadbalanced"": ""false"", ""resource_instance_id"": ""2832248983015202130"", ""resource_project_id"": ""proyecto-2-cloud-509714"", ""resource_type"": ""gce_instance"", ""resource_zone"": ""us-central1-a"", ""vm"": ""mooc-worker""}",11434
2026-09-27T06:33:00Z,"{""instance_name"": ""mooc-worker"", ""loadbalanced"": ""false"", ""resource_instance_id"": ""2832248983015202130"", ""resource_project_id"": ""proyecto-2-cloud-509714"", ""resource_type"": ""gce_instance"", ""resource_zone"": ""us-central1-a"", ""vm"": ""mooc-worker""}",11078
2026-09-27T06:32:00Z,"{""instance_name"": ""mooc-worker"", ""loadbalanced"": ""false"", ""resource_instance_id"": ""2832248983015202130"", ""resource_project_id"": ""proyecto-2-cloud-509714"", ""resource_type"": ""gce_instance"", ""resource_zone"": ""us-central1-a"", ""vm"": ""mooc-worker""}",4696
2026-09-27T06:31:00Z,"{""instance_name"": ""mooc-worker"", ""loadbalanced"": ""false"", ""resource_instance_id"": ""2832248983015202130"", ""resource_project_id"": ""proyecto-2-cloud-509714"", ""resource_type"": ""gce_instance"", ""resource_zone"": ""us-central1-a"", ""vm"": ""mooc-worker""}",6583
2026-09-27T06:30:00Z,"{""instance_name"": ""mooc-worker"", ""loadbalanced"": ""false"", ""resource_instance_id"": ""2832248983015202130"", ""resource_project_id"": ""proyecto-2-cloud-509714"", ""resource_type"": ""gce_instance"", ""resource_zone"": ""us-central1-a"", ""vm"": ""mooc-worker""}",5018
2026-09-27T06:29:00Z,"{""instance_name"": ""mooc-worker"", ""loadbalanced"": ""false"", ""resource_instance_id"": ""2832248983015202130"", ""resource_project_id"": ""proyecto-2-cloud-509714"", ""resource_type"": ""gce_instance"", ""resource_zone"": ""us-central1-a"", ""vm"": ""mooc-worker""}",5357
2026-09-27T06:28:00Z,"{""instance_name"": ""mooc-worker"", ""loadbalanced"": ""false"", ""resource_instance_id"": ""2832248983015202130"", ""resource_project_id"": ""proyecto-2-cloud-509714"", ""resource_type"": ""gce_instance"", ""resource_zone"": ""us-central1-a"", ""vm"": ""mooc-worker""}",1962
2026-09-27T06:27:00Z,"{""instance_name"": ""mooc-worker"", ""loadbalanced"": ""false"", ""resource_instance_id"": ""2832248983015202130"", ""resource_project_id"": ""proyecto-2-cloud-509714"", ""resource_type"": ""gce_instance"", ""resource_zone"": ""us-central1-a"", ""vm"": ""mooc-worker""}",8266
2026-09-27T06:26:00Z,"{""instance_name"": ""mooc-worker"", ""loadbalanced"": ""false"", ""resource_instance_id"": ""2832248983015202130"", ""resource_project_id"": ""proyecto-2-cloud-509714"", ""resource_type"": ""gce_instance"", ""resource_zone"": ""us-central1-a"", ""vm"": ""mooc-worker""}",4498
2026-09-27T06:25:00Z,"{""instance_name"": ""mooc-worker"", ""loadbalanced"": ""false"", ""resource_instance_id"": ""2832248983015202130"", ""resource_project_id"": ""proyecto-2-cloud-509714"", ""resource_type"": ""gce_instance"", ""resource_zone"": ""us-central1-a"", ""vm"": ""mooc-worker""}",4140
2026-09-27T06:24:00Z,"{""instance_name"": ""mooc-worker"", ""loadbalanced"": ""false"", ""resource_instance_id"": ""2832248983015202130"", ""resource_project_id"": ""proyecto-2-cloud-509714"", ""resource_type"": ""gce_instance"", ""resource_zone"": ""us-central1-a"", ""vm"": ""mooc-worker""}",3369
2026-09-27T06:23:00Z,"{""instance_name"": ""mooc-worker"", ""loadbalanced"": ""false"", ""resource_instance_id"": ""2832248983015202130"", ""resource_project_id"": ""proyecto-2-cloud-509714"", ""resource_type"": ""gce_instance"", ""resource_zone"": ""us-central1-a"", ""vm"": ""mooc-worker""}",5813
2026-09-27T06:22:00Z,"{""instance_name"": ""mooc-worker"", ""loadbalanced"": ""false"", ""resource_instance_id"": ""2832248983015202130"", ""resource_project_id"": ""proyecto-2-cloud-509714"", ""resource_type"": ""gce_instance"", ""resource_zone"": ""us-central1-a"", ""vm"": ""mooc-worker""}",2696
2026-09-27T06:21:00Z,"{""instance_name"": ""mooc-worker"", ""loadbalanced"": ""false"", ""resource_instance_id"": ""2832248983015202130"", ""resource_project_id"": ""proyecto-2-cloud-509714"", ""resource_type"": ""gce_instance"", ""resource_zone"": ""us-central1-a"", ""vm"": ""mooc-worker""}",11813
2026-09-27T06:20:00Z,"{""instance_name"": ""mooc-worker"", ""loadbalanced"": ""false"", ""resource_instance_id"": ""2832248983015202130"", ""resource_project_id"": ""proyecto-2-cloud-509714"", ""resource_type"": ""gce_instance"", ""resource_zone"": ""us-central1-a"", ""vm"": ""mooc-worker""}",4603
2026-09-27T06:19:00Z,"{""instance_name"": ""mooc-worker"", ""loadbalanced"": ""false"", ""resource_instance_id"": ""2832248983015202130"", ""resource_project_id"": ""proyecto-2-cloud-509714"", ""resource_type"": ""gce_instance"", ""resource_zone"": ""us-central1-a"", ""vm"": ""mooc-worker""}",5050
2026-09-27T06:18:00Z,"{""instance_name"": ""mooc-worker"", ""loadbalanced"": ""false"", ""resource_instance_id"": ""2832248983015202130"", ""resource_project_id"": ""proyecto-2-cloud-509714"", ""resource_type"": ""gce_instance"", ""resource_zone"": ""us-central1-a"", ""vm"": ""mooc-worker""}",1160
2026-09-27T06:17:00Z,"{""instance_name"": ""mooc-worker"", ""loadbalanced"": ""false"", ""resource_instance_id"": ""2832248983015202130"", ""resource_project_id"": ""proyecto-2-cloud-509714"", ""resource_type"": ""gce_instance"", ""resource_zone"": ""us-central1-a"", ""vm"": ""mooc-worker""}",4483
2026-09-27T06:16:00Z,"{""instance_name"": ""mooc-worker"", ""loadbalanced"": ""false"", ""resource_instance_id"": ""2832248983015202130"", ""resource_project_id"": ""proyecto-2-cloud-509714"", ""resource_type"": ""gce_instance"", ""resource_zone"": ""us-central1-a"", ""vm"": ""mooc-worker""}",5893
2026-09-27T06:15:00Z,"{""instance_name"": ""mooc-worker"", ""loadbalanced"": ""false"", ""resource_instance_id"": ""2832248983015202130"", ""resource_project_id"": ""proyecto-2-cloud-509714"", ""resource_type"": ""gce_instance"", ""resource_zone"": ""us-central1-a"", ""vm"": ""mooc-worker""}",8293
2026-09-27T06:14:00Z,"{""instance_name"": ""mooc-worker"", ""loadbalanced"": ""false"", ""resource_instance_id"": ""2832248983015202130"", ""resource_project_id"": ""proyecto-2-cloud-509714"", ""resource_type"": ""gce_instance"", ""resource_zone"": ""us-central1-a"", ""vm"": ""mooc-worker""}",5477
2026-09-27T06:13:00Z,"{""instance_name"": ""mooc-worker"", ""loadbalanced"": ""false"", ""resource_instance_id"": ""2832248983015202130"", ""resource_project_id"": ""proyecto-2-cloud-509714"", ""resource_type"": ""gce_instance"", ""resource_zone"": ""us-central1-a"", ""vm"": ""mooc-worker""}",9665
2026-09-27T06:12:00Z,"{""instance_name"": ""mooc-worker"", ""loadbalanced"": ""false"", ""resource_instance_id"": ""2832248983015202130"", ""resource_project_id"": ""proyecto-2-cloud-509714"", ""resource_type"": ""gce_instance"", ""resource_zone"": ""us-central1-a"", ""vm"": ""mooc-worker""}",6212
2026-09-27T06:11:00Z,"{""instance_name"": ""mooc-worker"", ""loadbalanced"": ""false"", ""resource_instance_id"": ""2832248983015202130"", ""resource_project_id"": ""proyecto-2-cloud-509714"", ""resource_type"": ""gce_instance"", ""resource_zone"": ""us-central1-a"", ""vm"": ""mooc-worker""}",503
2026-09-27T06:10:00Z,"{""instance_name"": ""mooc-worker"", ""loadbalanced"": ""false"", ""resource_instance_id"": ""2832248983015202130"", ""resource_project_id"": ""proyecto-2-cloud-509714"", ""resource_type"": ""gce_instance"", ""resource_zone"": ""us-central1-a"", ""vm"": ""mooc-worker""}",1270
2026-09-27T06:09:00Z,"{""instance_name"": ""mooc-worker"", ""loadbalanced"": ""false"", ""resource_instance_id"": ""2832248983015202130"", ""resource_project_id"": ""proyecto-2-cloud-509714"", ""resource_type"": ""gce_instance"", ""resource_zone"": ""us-central1-a"", ""vm"": ""mooc-worker""}",6263
2026-09-27T06:08:00Z,"{""instance_name"": ""mooc-worker"", ""loadbalanced"": ""false"", ""resource_instance_id"": ""2832248983015202130"", ""resource_project_id"": ""proyecto-2-cloud-509714"", ""resource_type"": ""gce_instance"", ""resource_zone"": ""us-central1-a"", ""vm"": ""mooc-worker""}",14182
2026-09-27T06:07:00Z,"{""instance_name"": ""mooc-worker"", ""loadbalanced"": ""false"", ""resource_instance_id"": ""2832248983015202130"", ""resource_project_id"": ""proyecto-2-cloud-509714"", ""resource_type"": ""gce_instance"", ""resource_zone"": ""us-central1-a"", ""vm"": ""mooc-worker""}",22466
2026-09-27T06:06:00Z,"{""instance_name"": ""mooc-worker"", ""loadbalanced"": ""false"", ""resource_instance_id"": ""2832248983015202130"", ""resource_project_id"": ""proyecto-2-cloud-509714"", ""resource_type"": ""gce_instance"", ""resource_zone"": ""us-central1-a"", ""vm"": ""mooc-worker""}",532
2026-09-27T06:05:00Z,"{""instance_name"": ""mooc-worker"", ""loadbalanced"": ""false"", ""resource_instance_id"": ""2832248983015202130"", ""resource_project_id"": ""proyecto-2-cloud-509714"", ""resource_type"": ""gce_instance"", ""resource_zone"": ""us-central1-a"", ""vm"": ""mooc-worker""}",748
2026-09-27T06:04:00Z,"{""instance_name"": ""mooc-worker"", ""loadbalanced"": ""false"", ""resource_instance_id"": ""2832248983015202130"", ""resource_project_id"": ""proyecto-2-cloud-509714"", ""resource_type"": ""gce_instance"", ""resource_zone"": ""us-central1-a"", ""vm"": ""mooc-worker""}",60614
2026-09-27T06:03:00Z,"{""instance_name"": ""mooc-worker"", ""loadbalanced"": ""false"", ""resource_instance_id"": ""2832248983015202130"", ""resource_project_id"": ""proyecto-2-cloud-509714"", ""resource_type"": ""gce_instance"", ""resource_zone"": ""us-central1-a"", ""vm"": ""mooc-worker""}",326501
2026-09-27T06:02:00Z,"{""instance_name"": ""mooc-worker"", ""loadbalanced"": ""false"", ""resource_instance_id"": ""2832248983015202130"", ""resource_project_id"": ""proyecto-2-cloud-509714"", ""resource_type"": ""gce_instance"", ""resource_zone"": ""us-central1-a"", ""vm"": ""mooc-worker""}",221168
2026-09-27T06:01:00Z,"{""instance_name"": ""mooc-worker"", ""loadbalanced"": ""false"", ""resource_instance_id"": ""2832248983015202130"", ""resource_project_id"": ""proyecto-2-cloud-509714"", ""resource_type"": ""gce_instance"", ""resource_zone"": ""us-central1-a"", ""vm"": ""mooc-worker""}",147657
2026-09-27T06:00:00Z,"{""instance_name"": ""mooc-worker"", ""loadbalanced"": ""false"", ""resource_instance_id"": ""2832248983015202130"", ""resource_project_id"": ""proyecto-2-cloud-509714"", ""resource_type"": ""gce_instance"", ""resource_zone"": ""us-central1-a"", ""vm"": ""mooc-worker""}",67489
2026-09-27T05:59:00Z,"{""instance_name"": ""mooc-worker"", ""loadbalanced"": ""false"", ""resource_instance_id"": ""2832248983015202130"", ""resource_project_id"": ""proyecto-2-cloud-509714"", ""resource_type"": ""gce_instance"", ""resource_zone"": ""us-central1-a"", ""vm"": ""mooc-worker""}",126301
2026-09-27T05:58:00Z,"{""instance_name"": ""mooc-worker"", ""loadbalanced"": ""false"", ""resource_instance_id"": ""2832248983015202130"", ""resource_project_id"": ""proyecto-2-cloud-509714"", ""resource_type"": ""gce_instance"", ""resource_zone"": ""us-central1-a"", ""vm"": ""mooc-worker""}",11596
2026-09-27T05:57:00Z,"{""instance_name"": ""mooc-worker"", ""loadbalanced"": ""false"", ""resource_instance_id"": ""2832248983015202130"", ""resource_project_id"": ""proyecto-2-cloud-509714"", ""resource_type"": ""gce_instance"", ""resource_zone"": ""us-central1-a"", ""vm"": ""mooc-worker""}",4961
2026-09-27T05:56:00Z,"{""instance_name"": ""mooc-worker"", ""loadbalanced"": ""false"", ""resource_instance_id"": ""2832248983015202130"", ""resource_project_id"": ""proyecto-2-cloud-509714"", ""resource_type"": ""gce_instance"", ""resource_zone"": ""us-central1-a"", ""vm"": ""mooc-worker""}",5557
2026-09-27T05:55:00Z,"{""instance_name"": ""mooc-worker"", ""loadbalanced"": ""false"", ""resource_instance_id"": ""2832248983015202130"", ""resource_project_id"": ""proyecto-2-cloud-509714"", ""resource_type"": ""gce_instance"", ""resource_zone"": ""us-central1-a"", ""vm"": ""mooc-worker""}",9523
2026-09-27T05:54:00Z,"{""instance_name"": ""mooc-worker"", ""loadbalanced"": ""false"", ""resource_instance_id"": ""2832248983015202130"", ""resource_project_id"": ""proyecto-2-cloud-509714"", ""resource_type"": ""gce_instance"", ""resource_zone"": ""us-central1-a"", ""vm"": ""mooc-worker""}",13760
2026-09-27T05:53:00Z,"{""instance_name"": ""mooc-worker"", ""loadbalanced"": ""false"", ""resource_instance_id"": ""2832248983015202130"", ""resource_project_id"": ""proyecto-2-cloud-509714"", ""resource_type"": ""gce_instance"", ""resource_zone"": ""us-central1-a"", ""vm"": ""mooc-worker""}",1506
2026-09-27T05:52:00Z,"{""instance_name"": ""mooc-worker"", ""loadbalanced"": ""false"", ""resource_instance_id"": ""2832248983015202130"", ""resource_project_id"": ""proyecto-2-cloud-509714"", ""resource_type"": ""gce_instance"", ""resource_zone"": ""us-central1-a"", ""vm"": ""mooc-worker""}",3669
2026-09-27T05:51:00Z,"{""instance_name"": ""mooc-worker"", ""loadbalanced"": ""false"", ""resource_instance_id"": ""2832248983015202130"", ""resource_project_id"": ""proyecto-2-cloud-509714"", ""resource_type"": ""gce_instance"", ""resource_zone"": ""us-central1-a"", ""vm"": ""mooc-worker""}",3848
2026-09-27T05:50:00Z,"{""instance_name"": ""mooc-worker"", ""loadbalanced"": ""false"", ""resource_instance_id"": ""2832248983015202130"", ""resource_project_id"": ""proyecto-2-cloud-509714"", ""resource_type"": ""gce_instance"", ""resource_zone"": ""us-central1-a"", ""vm"": ""mooc-worker""}",4351
2026-09-27T05:49:00Z,"{""instance_name"": ""mooc-worker"", ""loadbalanced"": ""false"", ""resource_instance_id"": ""2832248983015202130"", ""resource_project_id"": ""proyecto-2-cloud-509714"", ""resource_type"": ""gce_instance"", ""resource_zone"": ""us-central1-a"", ""vm"": ""mooc-worker""}",14828
2026-09-27T05:48:00Z,"{""instance_name"": ""mooc-worker"", ""loadbalanced"": ""false"", ""resource_instance_id"": ""2832248983015202130"", ""resource_project_id"": ""proyecto-2-cloud-509714"", ""resource_type"": ""gce_instance"", ""resource_zone"": ""us-central1-a"", ""vm"": ""mooc-worker""}",52206
2026-09-27T05:47:00Z,"{""instance_name"": ""mooc-worker"", ""loadbalanced"": ""false"", ""resource_instance_id"": ""2832248983015202130"", ""resource_project_id"": ""proyecto-2-cloud-509714"", ""resource_type"": ""gce_instance"", ""resource_zone"": ""us-central1-a"", ""vm"": ""mooc-worker""}",680
2026-09-27T05:46:00Z,"{""instance_name"": ""mooc-worker"", ""loadbalanced"": ""false"", ""resource_instance_id"": ""2832248983015202130"", ""resource_project_id"": ""proyecto-2-cloud-509714"", ""resource_type"": ""gce_instance"", ""resource_zone"": ""us-central1-a"", ""vm"": ""mooc-worker""}",454
2026-09-27T05:45:00Z,"{""instance_name"": ""mooc-worker"", ""loadbalanced"": ""false"", ""resource_instance_id"": ""2832248983015202130"", ""resource_project_id"": ""proyecto-2-cloud-509714"", ""resource_type"": ""gce_instance"", ""resource_zone"": ""us-central1-a"", ""vm"": ""mooc-worker""}",472
2026-09-27T05:44:00Z,"{""instance_name"": ""mooc-worker"", ""loadbalanced"": ""false"", ""resource_instance_id"": ""2832248983015202130"", ""resource_project_id"": ""proyecto-2-cloud-509714"", ""resource_type"": ""gce_instance"", ""resource_zone"": ""us-central1-a"", ""vm"": ""mooc-worker""}",467
2026-09-27T05:43:00Z,"{""instance_name"": ""mooc-worker"", ""loadbalanced"": ""false"", ""resource_instance_id"": ""2832248983015202130"", ""resource_project_id"": ""proyecto-2-cloud-509714"", ""resource_type"": ""gce_instance"", ""resource_zone"": ""us-central1-a"", ""vm"": ""mooc-worker""}",490
2026-09-27T05:42:00Z,"{""instance_name"": ""mooc-worker"", ""loadbalanced"": ""false"", ""resource_instance_id"": ""2832248983015202130"", ""resource_project_id"": ""proyecto-2-cloud-509714"", ""resource_type"": ""gce_instance"", ""resource_zone"": ""us-central1-a"", ""vm"": ""mooc-worker""}",471
2026-09-27T05:41:00Z,"{""instance_name"": ""mooc-worker"", ""loadbalanced"": ""false"", ""resource_instance_id"": ""2832248983015202130"", ""resource_project_id"": ""proyecto-2-cloud-509714"", ""resource_type"": ""gce_instance"", ""resource_zone"": ""us-central1-a"", ""vm"": ""mooc-worker""}",1240
2026-09-27T05:40:00Z,"{""instance_name"": ""mooc-worker"", ""loadbalanced"": ""false"", ""resource_instance_id"": ""2832248983015202130"", ""resource_project_id"": ""proyecto-2-cloud-509714"", ""resource_type"": ""gce_instance"", ""resource_zone"": ""us-central1-a"", ""vm"": ""mooc-worker""}",4121
2026-09-27T05:39:00Z,"{""instance_name"": ""mooc-worker"", ""loadbalanced"": ""false"", ""resource_instance_id"": ""2832248983015202130"", ""resource_project_id"": ""proyecto-2-cloud-509714"", ""resource_type"": ""gce_instance"", ""resource_zone"": ""us-central1-a"", ""vm"": ""mooc-worker""}",3367
2026-09-27T05:38:00Z,"{""instance_name"": ""mooc-worker"", ""loadbalanced"": ""false"", ""resource_instance_id"": ""2832248983015202130"", ""resource_project_id"": ""proyecto-2-cloud-509714"", ""resource_type"": ""gce_instance"", ""resource_zone"": ""us-central1-a"", ""vm"": ""mooc-worker""}",12715
2026-09-27T05:37:00Z,"{""instance_name"": ""mooc-worker"", ""loadbalanced"": ""false"", ""resource_instance_id"": ""2832248983015202130"", ""resource_project_id"": ""proyecto-2-cloud-509714"", ""resource_type"": ""gce_instance"", ""resource_zone"": ""us-central1-a"", ""vm"": ""mooc-worker""}",519
2026-09-27T05:36:00Z,"{""instance_name"": ""mooc-worker"", ""loadbalanced"": ""false"", ""resource_instance_id"": ""2832248983015202130"", ""resource_project_id"": ""proyecto-2-cloud-509714"", ""resource_type"": ""gce_instance"", ""resource_zone"": ""us-central1-a"", ""vm"": ""mooc-worker""}",499
2026-09-27T05:35:00Z,"{""instance_name"": ""mooc-worker"", ""loadbalanced"": ""false"", ""resource_instance_id"": ""2832248983015202130"", ""resource_project_id"": ""proyecto-2-cloud-509714"", ""resource_type"": ""gce_instance"", ""resource_zone"": ""us-central1-a"", ""vm"": ""mooc-worker""}",517
2026-09-27T05:34:00Z,"{""instance_name"": ""mooc-worker"", ""loadbalanced"": ""false"", ""resource_instance_id"": ""2832248983015202130"", ""resource_project_id"": ""proyecto-2-cloud-509714"", ""resource_type"": ""gce_instance"", ""resource_zone"": ""us-central1-a"", ""vm"": ""mooc-worker""}",498
2026-09-27T05:33:00Z,"{""instance_name"": ""mooc-worker"", ""loadbalanced"": ""false"", ""resource_instance_id"": ""2832248983015202130"", ""resource_project_id"": ""proyecto-2-cloud-509714"", ""resource_type"": ""gce_instance"", ""resource_zone"": ""us-central1-a"", ""vm"": ""mooc-worker""}",518
2026-09-27T05:32:00Z,"{""instance_name"": ""mooc-worker"", ""loadbalanced"": ""false"", ""resource_instance_id"": ""2832248983015202130"", ""resource_project_id"": ""proyecto-2-cloud-509714"", ""resource_type"": ""gce_instance"", ""resource_zone"": ""us-central1-a"", ""vm"": ""mooc-worker""}",545
2026-09-27T05:31:00Z,"{""instance_name"": ""mooc-worker"", ""loadbalanced"": ""false"", ""resource_instance_id"": ""2832248983015202130"", ""resource_project_id"": ""proyecto-2-cloud-509714"", ""resource_type"": ""gce_instance"", ""resource_zone"": ""us-central1-a"", ""vm"": ""mooc-worker""}",748
2026-09-27T05:30:00Z,"{""instance_name"": ""mooc-worker"", ""loadbalanced"": ""false"", ""resource_instance_id"": ""2832248983015202130"", ""resource_project_id"": ""proyecto-2-cloud-509714"", ""resource_type"": ""gce_instance"", ""resource_zone"": ""us-central1-a"", ""vm"": ""mooc-worker""}",1560
2026-09-27T05:29:00Z,"{""instance_name"": ""mooc-worker"", ""loadbalanced"": ""false"", ""resource_instance_id"": ""2832248983015202130"", ""resource_project_id"": ""proyecto-2-cloud-509714"", ""resource_type"": ""gce_instance"", ""resource_zone"": ""us-central1-a"", ""vm"": ""mooc-worker""}",440
2026-09-27T05:28:00Z,"{""instance_name"": ""mooc-worker"", ""loadbalanced"": ""false"", ""resource_instance_id"": ""2832248983015202130"", ""resource_project_id"": ""proyecto-2-cloud-509714"", ""resource_type"": ""gce_instance"", ""resource_zone"": ""us-central1-a"", ""vm"": ""mooc-worker""}",481
2026-09-27T05:27:00Z,"{""instance_name"": ""mooc-worker"", ""loadbalanced"": ""false"", ""resource_instance_id"": ""2832248983015202130"", ""resource_project_id"": ""proyecto-2-cloud-509714"", ""resource_type"": ""gce_instance"", ""resource_zone"": ""us-central1-a"", ""vm"": ""mooc-worker""}",779
2026-09-27T05:26:00Z,"{""instance_name"": ""mooc-worker"", ""loadbalanced"": ""false"", ""resource_instance_id"": ""2832248983015202130"", ""resource_project_id"": ""proyecto-2-cloud-509714"", ""resource_type"": ""gce_instance"", ""resource_zone"": ""us-central1-a"", ""vm"": ""mooc-worker""}",1433
2026-09-27T05:25:00Z,"{""instance_name"": ""mooc-worker"", ""loadbalanced"": ""false"", ""resource_instance_id"": ""2832248983015202130"", ""resource_project_id"": ""proyecto-2-cloud-509714"", ""resource_type"": ""gce_instance"", ""resource_zone"": ""us-central1-a"", ""vm"": ""mooc-worker""}",1312
2026-09-27T05:24:00Z,"{""instance_name"": ""mooc-worker"", ""loadbalanced"": ""false"", ""resource_instance_id"": ""2832248983015202130"", ""resource_project_id"": ""proyecto-2-cloud-509714"", ""resource_type"": ""gce_instance"", ""resource_zone"": ""us-central1-a"", ""vm"": ""mooc-worker""}",727
2026-09-27T05:23:00Z,"{""instance_name"": ""mooc-worker"", ""loadbalanced"": ""false"", ""resource_instance_id"": ""2832248983015202130"", ""resource_project_id"": ""proyecto-2-cloud-509714"", ""resource_type"": ""gce_instance"", ""resource_zone"": ""us-central1-a"", ""vm"": ""mooc-worker""}",837
2026-09-27T05:22:00Z,"{""instance_name"": ""mooc-worker"", ""loadbalanced"": ""false"", ""resource_instance_id"": ""2832248983015202130"", ""resource_project_id"": ""proyecto-2-cloud-509714"", ""resource_type"": ""gce_instance"", ""resource_zone"": ""us-central1-a"", ""vm"": ""mooc-worker""}",2386
2026-09-27T05:21:00Z,"{""instance_name"": ""mooc-worker"", ""loadbalanced"": ""false"", ""resource_instance_id"": ""2832248983015202130"", ""resource_project_id"": ""proyecto-2-cloud-509714"", ""resource_type"": ""gce_instance"", ""resource_zone"": ""us-central1-a"", ""vm"": ""mooc-worker""}",1212
2026-09-27T05:20:00Z,"{""instance_name"": ""mooc-worker"", ""loadbalanced"": ""false"", ""resource_instance_id"": ""2832248983015202130"", ""resource_project_id"": ""proyecto-2-cloud-509714"", ""resource_type"": ""gce_instance"", ""resource_zone"": ""us-central1-a"", ""vm"": ""mooc-worker""}",485
2026-09-27T05:19:00Z,"{""instance_name"": ""mooc-worker"", ""loadbalanced"": ""false"", ""resource_instance_id"": ""2832248983015202130"", ""resource_project_id"": ""proyecto-2-cloud-509714"", ""resource_type"": ""gce_instance"", ""resource_zone"": ""us-central1-a"", ""vm"": ""mooc-worker""}",496
2026-09-27T05:18:00Z,"{""instance_name"": ""mooc-worker"", ""loadbalanced"": ""false"", ""resource_instance_id"": ""2832248983015202130"", ""resource_project_id"": ""proyecto-2-cloud-509714"", ""resource_type"": ""gce_instance"", ""resource_zone"": ""us-central1-a"", ""vm"": ""mooc-worker""}",506
2026-09-27T05:17:00Z,"{""instance_name"": ""mooc-worker"", ""loadbalanced"": ""false"", ""resource_instance_id"": ""2832248983015202130"", ""resource_project_id"": ""proyecto-2-cloud-509714"", ""resource_type"": ""gce_instance"", ""resource_zone"": ""us-central1-a"", ""vm"": ""mooc-worker""}",521
2026-09-27T05:16:00Z,"{""instance_name"": ""mooc-worker"", ""loadbalanced"": ""false"", ""resource_instance_id"": ""2832248983015202130"", ""resource_project_id"": ""proyecto-2-cloud-509714"", ""resource_type"": ""gce_instance"", ""resource_zone"": ""us-central1-a"", ""vm"": ""mooc-worker""}",808
2026-09-27T05:15:00Z,"{""instance_name"": ""mooc-worker"", ""loadbalanced"": ""false"", ""resource_instance_id"": ""2832248983015202130"", ""resource_project_id"": ""proyecto-2-cloud-509714"", ""resource_type"": ""gce_instance"", ""resource_zone"": ""us-central1-a"", ""vm"": ""mooc-worker""}",18892
2026-09-27T05:14:00Z,"{""instance_name"": ""mooc-worker"", ""loadbalanced"": ""false"", ""resource_instance_id"": ""2832248983015202130"", ""resource_project_id"": ""proyecto-2-cloud-509714"", ""resource_type"": ""gce_instance"", ""resource_zone"": ""us-central1-a"", ""vm"": ""mooc-worker""}",87484
2026-09-27T05:13:00Z,"{""instance_name"": ""mooc-worker"", ""loadbalanced"": ""false"", ""resource_instance_id"": ""2832248983015202130"", ""resource_project_id"": ""proyecto-2-cloud-509714"", ""resource_type"": ""gce_instance"", ""resource_zone"": ""us-central1-a"", ""vm"": ""mooc-worker""}",4363
2026-09-27T05:12:00Z,"{""instance_name"": ""mooc-worker"", ""loadbalanced"": ""false"", ""resource_instance_id"": ""2832248983015202130"", ""resource_project_id"": ""proyecto-2-cloud-509714"", ""resource_type"": ""gce_instance"", ""resource_zone"": ""us-central1-a"", ""vm"": ""mooc-worker""}",119
2026-09-27T05:11:00Z,"{""instance_name"": ""mooc-worker"", ""loadbalanced"": ""false"", ""resource_instance_id"": ""2832248983015202130"", ""resource_project_id"": ""proyecto-2-cloud-509714"", ""resource_type"": ""gce_instance"", ""resource_zone"": ""us-central1-a"", ""vm"": ""mooc-worker""}",96
2026-09-27T05:10:00Z,"{""instance_name"": ""mooc-worker"", ""loadbalanced"": ""false"", ""resource_instance_id"": ""2832248983015202130"", ""resource_project_id"": ""proyecto-2-cloud-509714"", ""resource_type"": ""gce_instance"", ""resource_zone"": ""us-central1-a"", ""vm"": ""mooc-worker""}",111
2026-09-27T05:09:00Z,"{""instance_name"": ""mooc-worker"", ""loadbalanced"": ""false"", ""resource_instance_id"": ""2832248983015202130"", ""resource_project_id"": ""proyecto-2-cloud-509714"", ""resource_type"": ""gce_instance"", ""resource_zone"": ""us-central1-a"", ""vm"": ""mooc-worker""}",116
2026-09-27T05:08:00Z,"{""instance_name"": ""mooc-worker"", ""loadbalanced"": ""false"", ""resource_instance_id"": ""2832248983015202130"", ""resource_project_id"": ""proyecto-2-cloud-509714"", ""resource_type"": ""gce_instance"", ""resource_zone"": ""us-central1-a"", ""vm"": ""mooc-worker""}",174
2026-09-27T05:07:00Z,"{""instance_name"": ""mooc-worker"", ""loadbalanced"": ""false"", ""resource_instance_id"": ""2832248983015202130"", ""resource_project_id"": ""proyecto-2-cloud-509714"", ""resource_type"": ""gce_instance"", ""resource_zone"": ""us-central1-a"", ""vm"": ""mooc-worker""}",52331
2026-09-27T05:06:00Z,"{""instance_name"": ""mooc-worker"", ""loadbalanced"": ""false"", ""resource_instance_id"": ""2832248983015202130"", ""resource_project_id"": ""proyecto-2-cloud-509714"", ""resource_type"": ""gce_instance"", ""resource_zone"": ""us-central1-a"", ""vm"": ""mooc-worker""}",269332
2026-09-27T05:05:00Z,"{""instance_name"": ""mooc-worker"", ""loadbalanced"": ""false"", ""resource_instance_id"": ""2832248983015202130"", ""resource_project_id"": ""proyecto-2-cloud-509714"", ""resource_type"": ""gce_instance"", ""resource_zone"": ""us-central1-a"", ""vm"": ""mooc-worker""}",75720
2026-09-27T06:42:00Z,"{""instance_name"": ""mooc-loadgen"", ""loadbalanced"": ""false"", ""resource_instance_id"": ""502815831568494144"", ""resource_project_id"": ""proyecto-2-cloud-509714"", ""resource_type"": ""gce_instance"", ""resource_zone"": ""us-central1-a"", ""vm"": ""mooc-loadgen""}",1
2026-09-27T06:41:00Z,"{""instance_name"": ""mooc-loadgen"", ""loadbalanced"": ""false"", ""resource_instance_id"": ""502815831568494144"", ""resource_project_id"": ""proyecto-2-cloud-509714"", ""resource_type"": ""gce_instance"", ""resource_zone"": ""us-central1-a"", ""vm"": ""mooc-loadgen""}",9
2026-09-27T06:40:00Z,"{""instance_name"": ""mooc-loadgen"", ""loadbalanced"": ""false"", ""resource_instance_id"": ""502815831568494144"", ""resource_project_id"": ""proyecto-2-cloud-509714"", ""resource_type"": ""gce_instance"", ""resource_zone"": ""us-central1-a"", ""vm"": ""mooc-loadgen""}",4
2026-09-27T06:39:00Z,"{""instance_name"": ""mooc-loadgen"", ""loadbalanced"": ""false"", ""resource_instance_id"": ""502815831568494144"", ""resource_project_id"": ""proyecto-2-cloud-509714"", ""resource_type"": ""gce_instance"", ""resource_zone"": ""us-central1-a"", ""vm"": ""mooc-loadgen""}",1
2026-09-27T06:38:00Z,"{""instance_name"": ""mooc-loadgen"", ""loadbalanced"": ""false"", ""resource_instance_id"": ""502815831568494144"", ""resource_project_id"": ""proyecto-2-cloud-509714"", ""resource_type"": ""gce_instance"", ""resource_zone"": ""us-central1-a"", ""vm"": ""mooc-loadgen""}",1
2026-09-27T06:37:00Z,"{""instance_name"": ""mooc-loadgen"", ""loadbalanced"": ""false"", ""resource_instance_id"": ""502815831568494144"", ""resource_project_id"": ""proyecto-2-cloud-509714"", ""resource_type"": ""gce_instance"", ""resource_zone"": ""us-central1-a"", ""vm"": ""mooc-loadgen""}",1
2026-09-27T06:36:00Z,"{""instance_name"": ""mooc-loadgen"", ""loadbalanced"": ""false"", ""resource_instance_id"": ""502815831568494144"", ""resource_project_id"": ""proyecto-2-cloud-509714"", ""resource_type"": ""gce_instance"", ""resource_zone"": ""us-central1-a"", ""vm"": ""mooc-loadgen""}",1
2026-09-27T06:35:00Z,"{""instance_name"": ""mooc-loadgen"", ""loadbalanced"": ""false"", ""resource_instance_id"": ""502815831568494144"", ""resource_project_id"": ""proyecto-2-cloud-509714"", ""resource_type"": ""gce_instance"", ""resource_zone"": ""us-central1-a"", ""vm"": ""mooc-loadgen""}",1
2026-09-27T06:34:00Z,"{""instance_name"": ""mooc-loadgen"", ""loadbalanced"": ""false"", ""resource_instance_id"": ""502815831568494144"", ""resource_project_id"": ""proyecto-2-cloud-509714"", ""resource_type"": ""gce_instance"", ""resource_zone"": ""us-central1-a"", ""vm"": ""mooc-loadgen""}",1
2026-09-27T06:33:00Z,"{""instance_name"": ""mooc-loadgen"", ""loadbalanced"": ""false"", ""resource_instance_id"": ""502815831568494144"", ""resource_project_id"": ""proyecto-2-cloud-509714"", ""resource_type"": ""gce_instance"", ""resource_zone"": ""us-central1-a"", ""vm"": ""mooc-loadgen""}",8
2026-09-27T06:32:00Z,"{""instance_name"": ""mooc-loadgen"", ""loadbalanced"": ""false"", ""resource_instance_id"": ""502815831568494144"", ""resource_project_id"": ""proyecto-2-cloud-509714"", ""resource_type"": ""gce_instance"", ""resource_zone"": ""us-central1-a"", ""vm"": ""mooc-loadgen""}",4
2026-09-27T06:31:00Z,"{""instance_name"": ""mooc-loadgen"", ""loadbalanced"": ""false"", ""resource_instance_id"": ""502815831568494144"", ""resource_project_id"": ""proyecto-2-cloud-509714"", ""resource_type"": ""gce_instance"", ""resource_zone"": ""us-central1-a"", ""vm"": ""mooc-loadgen""}",1
2026-09-27T06:30:00Z,"{""instance_name"": ""mooc-loadgen"", ""loadbalanced"": ""false"", ""resource_instance_id"": ""502815831568494144"", ""resource_project_id"": ""proyecto-2-cloud-509714"", ""resource_type"": ""gce_instance"", ""resource_zone"": ""us-central1-a"", ""vm"": ""mooc-loadgen""}",1
2026-09-27T06:29:00Z,"{""instance_name"": ""mooc-loadgen"", ""loadbalanced"": ""false"", ""resource_instance_id"": ""502815831568494144"", ""resource_project_id"": ""proyecto-2-cloud-509714"", ""resource_type"": ""gce_instance"", ""resource_zone"": ""us-central1-a"", ""vm"": ""mooc-loadgen""}",1
2026-09-27T06:28:00Z,"{""instance_name"": ""mooc-loadgen"", ""loadbalanced"": ""false"", ""resource_instance_id"": ""502815831568494144"", ""resource_project_id"": ""proyecto-2-cloud-509714"", ""resource_type"": ""gce_instance"", ""resource_zone"": ""us-central1-a"", ""vm"": ""mooc-loadgen""}",1
2026-09-27T06:27:00Z,"{""instance_name"": ""mooc-loadgen"", ""loadbalanced"": ""false"", ""resource_instance_id"": ""502815831568494144"", ""resource_project_id"": ""proyecto-2-cloud-509714"", ""resource_type"": ""gce_instance"", ""resource_zone"": ""us-central1-a"", ""vm"": ""mooc-loadgen""}",1
2026-09-27T06:26:00Z,"{""instance_name"": ""mooc-loadgen"", ""loadbalanced"": ""false"", ""resource_instance_id"": ""502815831568494144"", ""resource_project_id"": ""proyecto-2-cloud-509714"", ""resource_type"": ""gce_instance"", ""resource_zone"": ""us-central1-a"", ""vm"": ""mooc-loadgen""}",1
2026-09-27T06:25:00Z,"{""instance_name"": ""mooc-loadgen"", ""loadbalanced"": ""false"", ""resource_instance_id"": ""502815831568494144"", ""resource_project_id"": ""proyecto-2-cloud-509714"", ""resource_type"": ""gce_instance"", ""resource_zone"": ""us-central1-a"", ""vm"": ""mooc-loadgen""}",15
2026-09-27T06:24:00Z,"{""instance_name"": ""mooc-loadgen"", ""loadbalanced"": ""false"", ""resource_instance_id"": ""502815831568494144"", ""resource_project_id"": ""proyecto-2-cloud-509714"", ""resource_type"": ""gce_instance"", ""resource_zone"": ""us-central1-a"", ""vm"": ""mooc-loadgen""}",6
2026-09-27T06:23:00Z,"{""instance_name"": ""mooc-loadgen"", ""loadbalanced"": ""false"", ""resource_instance_id"": ""502815831568494144"", ""resource_project_id"": ""proyecto-2-cloud-509714"", ""resource_type"": ""gce_instance"", ""resource_zone"": ""us-central1-a"", ""vm"": ""mooc-loadgen""}",1
2026-09-27T06:22:00Z,"{""instance_name"": ""mooc-loadgen"", ""loadbalanced"": ""false"", ""resource_instance_id"": ""502815831568494144"", ""resource_project_id"": ""proyecto-2-cloud-509714"", ""resource_type"": ""gce_instance"", ""resource_zone"": ""us-central1-a"", ""vm"": ""mooc-loadgen""}",1
2026-09-27T06:21:00Z,"{""instance_name"": ""mooc-loadgen"", ""loadbalanced"": ""false"", ""resource_instance_id"": ""502815831568494144"", ""resource_project_id"": ""proyecto-2-cloud-509714"", ""resource_type"": ""gce_instance"", ""resource_zone"": ""us-central1-a"", ""vm"": ""mooc-loadgen""}",1
2026-09-27T06:20:00Z,"{""instance_name"": ""mooc-loadgen"", ""loadbalanced"": ""false"", ""resource_instance_id"": ""502815831568494144"", ""resource_project_id"": ""proyecto-2-cloud-509714"", ""resource_type"": ""gce_instance"", ""resource_zone"": ""us-central1-a"", ""vm"": ""mooc-loadgen""}",1
2026-09-27T06:19:00Z,"{""instance_name"": ""mooc-loadgen"", ""loadbalanced"": ""false"", ""resource_instance_id"": ""502815831568494144"", ""resource_project_id"": ""proyecto-2-cloud-509714"", ""resource_type"": ""gce_instance"", ""resource_zone"": ""us-central1-a"", ""vm"": ""mooc-loadgen""}",9
2026-09-27T06:18:00Z,"{""instance_name"": ""mooc-loadgen"", ""loadbalanced"": ""false"", ""resource_instance_id"": ""502815831568494144"", ""resource_project_id"": ""proyecto-2-cloud-509714"", ""resource_type"": ""gce_instance"", ""resource_zone"": ""us-central1-a"", ""vm"": ""mooc-loadgen""}",4
2026-09-27T06:17:00Z,"{""instance_name"": ""mooc-loadgen"", ""loadbalanced"": ""false"", ""resource_instance_id"": ""502815831568494144"", ""resource_project_id"": ""proyecto-2-cloud-509714"", ""resource_type"": ""gce_instance"", ""resource_zone"": ""us-central1-a"", ""vm"": ""mooc-loadgen""}",1
2026-09-27T06:16:00Z,"{""instance_name"": ""mooc-loadgen"", ""loadbalanced"": ""false"", ""resource_instance_id"": ""502815831568494144"", ""resource_project_id"": ""proyecto-2-cloud-509714"", ""resource_type"": ""gce_instance"", ""resource_zone"": ""us-central1-a"", ""vm"": ""mooc-loadgen""}",1
2026-09-27T06:15:00Z,"{""instance_name"": ""mooc-loadgen"", ""loadbalanced"": ""false"", ""resource_instance_id"": ""502815831568494144"", ""resource_project_id"": ""proyecto-2-cloud-509714"", ""resource_type"": ""gce_instance"", ""resource_zone"": ""us-central1-a"", ""vm"": ""mooc-loadgen""}",1
2026-09-27T06:14:00Z,"{""instance_name"": ""mooc-loadgen"", ""loadbalanced"": ""false"", ""resource_instance_id"": ""502815831568494144"", ""resource_project_id"": ""proyecto-2-cloud-509714"", ""resource_type"": ""gce_instance"", ""resource_zone"": ""us-central1-a"", ""vm"": ""mooc-loadgen""}",1
2026-09-27T06:13:00Z,"{""instance_name"": ""mooc-loadgen"", ""loadbalanced"": ""false"", ""resource_instance_id"": ""502815831568494144"", ""resource_project_id"": ""proyecto-2-cloud-509714"", ""resource_type"": ""gce_instance"", ""resource_zone"": ""us-central1-a"", ""vm"": ""mooc-loadgen""}",1
2026-09-27T06:12:00Z,"{""instance_name"": ""mooc-loadgen"", ""loadbalanced"": ""false"", ""resource_instance_id"": ""502815831568494144"", ""resource_project_id"": ""proyecto-2-cloud-509714"", ""resource_type"": ""gce_instance"", ""resource_zone"": ""us-central1-a"", ""vm"": ""mooc-loadgen""}",1
2026-09-27T06:11:00Z,"{""instance_name"": ""mooc-loadgen"", ""loadbalanced"": ""false"", ""resource_instance_id"": ""502815831568494144"", ""resource_project_id"": ""proyecto-2-cloud-509714"", ""resource_type"": ""gce_instance"", ""resource_zone"": ""us-central1-a"", ""vm"": ""mooc-loadgen""}",9
2026-09-27T06:10:00Z,"{""instance_name"": ""mooc-loadgen"", ""loadbalanced"": ""false"", ""resource_instance_id"": ""502815831568494144"", ""resource_project_id"": ""proyecto-2-cloud-509714"", ""resource_type"": ""gce_instance"", ""resource_zone"": ""us-central1-a"", ""vm"": ""mooc-loadgen""}",4
2026-09-27T06:09:00Z,"{""instance_name"": ""mooc-loadgen"", ""loadbalanced"": ""false"", ""resource_instance_id"": ""502815831568494144"", ""resource_project_id"": ""proyecto-2-cloud-509714"", ""resource_type"": ""gce_instance"", ""resource_zone"": ""us-central1-a"", ""vm"": ""mooc-loadgen""}",1
2026-09-27T06:08:00Z,"{""instance_name"": ""mooc-loadgen"", ""loadbalanced"": ""false"", ""resource_instance_id"": ""502815831568494144"", ""resource_project_id"": ""proyecto-2-cloud-509714"", ""resource_type"": ""gce_instance"", ""resource_zone"": ""us-central1-a"", ""vm"": ""mooc-loadgen""}",1
2026-09-27T06:07:00Z,"{""instance_name"": ""mooc-loadgen"", ""loadbalanced"": ""false"", ""resource_instance_id"": ""502815831568494144"", ""resource_project_id"": ""proyecto-2-cloud-509714"", ""resource_type"": ""gce_instance"", ""resource_zone"": ""us-central1-a"", ""vm"": ""mooc-loadgen""}",1
2026-09-27T06:06:00Z,"{""instance_name"": ""mooc-loadgen"", ""loadbalanced"": ""false"", ""resource_instance_id"": ""502815831568494144"", ""resource_project_id"": ""proyecto-2-cloud-509714"", ""resource_type"": ""gce_instance"", ""resource_zone"": ""us-central1-a"", ""vm"": ""mooc-loadgen""}",1
2026-09-27T06:05:00Z,"{""instance_name"": ""mooc-loadgen"", ""loadbalanced"": ""false"", ""resource_instance_id"": ""502815831568494144"", ""resource_project_id"": ""proyecto-2-cloud-509714"", ""resource_type"": ""gce_instance"", ""resource_zone"": ""us-central1-a"", ""vm"": ""mooc-loadgen""}",1
2026-09-27T06:04:00Z,"{""instance_name"": ""mooc-loadgen"", ""loadbalanced"": ""false"", ""resource_instance_id"": ""502815831568494144"", ""resource_project_id"": ""proyecto-2-cloud-509714"", ""resource_type"": ""gce_instance"", ""resource_zone"": ""us-central1-a"", ""vm"": ""mooc-loadgen""}",1
2026-09-27T06:03:00Z,"{""instance_name"": ""mooc-loadgen"", ""loadbalanced"": ""false"", ""resource_instance_id"": ""502815831568494144"", ""resource_project_id"": ""proyecto-2-cloud-509714"", ""resource_type"": ""gce_instance"", ""resource_zone"": ""us-central1-a"", ""vm"": ""mooc-loadgen""}",10
2026-09-27T06:02:00Z,"{""instance_name"": ""mooc-loadgen"", ""loadbalanced"": ""false"", ""resource_instance_id"": ""502815831568494144"", ""resource_project_id"": ""proyecto-2-cloud-509714"", ""resource_type"": ""gce_instance"", ""resource_zone"": ""us-central1-a"", ""vm"": ""mooc-loadgen""}",4
2026-09-27T06:01:00Z,"{""instance_name"": ""mooc-loadgen"", ""loadbalanced"": ""false"", ""resource_instance_id"": ""502815831568494144"", ""resource_project_id"": ""proyecto-2-cloud-509714"", ""resource_type"": ""gce_instance"", ""resource_zone"": ""us-central1-a"", ""vm"": ""mooc-loadgen""}",1
2026-09-27T06:00:00Z,"{""instance_name"": ""mooc-loadgen"", ""loadbalanced"": ""false"", ""resource_instance_id"": ""502815831568494144"", ""resource_project_id"": ""proyecto-2-cloud-509714"", ""resource_type"": ""gce_instance"", ""resource_zone"": ""us-central1-a"", ""vm"": ""mooc-loadgen""}",1
2026-09-27T05:59:00Z,"{""instance_name"": ""mooc-loadgen"", ""loadbalanced"": ""false"", ""resource_instance_id"": ""502815831568494144"", ""resource_project_id"": ""proyecto-2-cloud-509714"", ""resource_type"": ""gce_instance"", ""resource_zone"": ""us-central1-a"", ""vm"": ""mooc-loadgen""}",1
2026-09-27T05:58:00Z,"{""instance_name"": ""mooc-loadgen"", ""loadbalanced"": ""false"", ""resource_instance_id"": ""502815831568494144"", ""resource_project_id"": ""proyecto-2-cloud-509714"", ""resource_type"": ""gce_instance"", ""resource_zone"": ""us-central1-a"", ""vm"": ""mooc-loadgen""}",1
2026-09-27T05:57:00Z,"{""instance_name"": ""mooc-loadgen"", ""loadbalanced"": ""false"", ""resource_instance_id"": ""502815831568494144"", ""resource_project_id"": ""proyecto-2-cloud-509714"", ""resource_type"": ""gce_instance"", ""resource_zone"": ""us-central1-a"", ""vm"": ""mooc-loadgen""}",1
2026-09-27T05:56:00Z,"{""instance_name"": ""mooc-loadgen"", ""loadbalanced"": ""false"", ""resource_instance_id"": ""502815831568494144"", ""resource_project_id"": ""proyecto-2-cloud-509714"", ""resource_type"": ""gce_instance"", ""resource_zone"": ""us-central1-a"", ""vm"": ""mooc-loadgen""}",1
2026-09-27T05:55:00Z,"{""instance_name"": ""mooc-loadgen"", ""loadbalanced"": ""false"", ""resource_instance_id"": ""502815831568494144"", ""resource_project_id"": ""proyecto-2-cloud-509714"", ""resource_type"": ""gce_instance"", ""resource_zone"": ""us-central1-a"", ""vm"": ""mooc-loadgen""}",26
2026-09-27T05:54:00Z,"{""instance_name"": ""mooc-loadgen"", ""loadbalanced"": ""false"", ""resource_instance_id"": ""502815831568494144"", ""resource_project_id"": ""proyecto-2-cloud-509714"", ""resource_type"": ""gce_instance"", ""resource_zone"": ""us-central1-a"", ""vm"": ""mooc-loadgen""}",9
2026-09-27T05:53:00Z,"{""instance_name"": ""mooc-loadgen"", ""loadbalanced"": ""false"", ""resource_instance_id"": ""502815831568494144"", ""resource_project_id"": ""proyecto-2-cloud-509714"", ""resource_type"": ""gce_instance"", ""resource_zone"": ""us-central1-a"", ""vm"": ""mooc-loadgen""}",8
2026-09-27T05:52:00Z,"{""instance_name"": ""mooc-loadgen"", ""loadbalanced"": ""false"", ""resource_instance_id"": ""502815831568494144"", ""resource_project_id"": ""proyecto-2-cloud-509714"", ""resource_type"": ""gce_instance"", ""resource_zone"": ""us-central1-a"", ""vm"": ""mooc-loadgen""}",4
2026-09-27T05:51:00Z,"{""instance_name"": ""mooc-loadgen"", ""loadbalanced"": ""false"", ""resource_instance_id"": ""502815831568494144"", ""resource_project_id"": ""proyecto-2-cloud-509714"", ""resource_type"": ""gce_instance"", ""resource_zone"": ""us-central1-a"", ""vm"": ""mooc-loadgen""}",1
2026-09-27T05:50:00Z,"{""instance_name"": ""mooc-loadgen"", ""loadbalanced"": ""false"", ""resource_instance_id"": ""502815831568494144"", ""resource_project_id"": ""proyecto-2-cloud-509714"", ""resource_type"": ""gce_instance"", ""resource_zone"": ""us-central1-a"", ""vm"": ""mooc-loadgen""}",1
2026-09-27T05:49:00Z,"{""instance_name"": ""mooc-loadgen"", ""loadbalanced"": ""false"", ""resource_instance_id"": ""502815831568494144"", ""resource_project_id"": ""proyecto-2-cloud-509714"", ""resource_type"": ""gce_instance"", ""resource_zone"": ""us-central1-a"", ""vm"": ""mooc-loadgen""}",1
2026-09-27T05:48:00Z,"{""instance_name"": ""mooc-loadgen"", ""loadbalanced"": ""false"", ""resource_instance_id"": ""502815831568494144"", ""resource_project_id"": ""proyecto-2-cloud-509714"", ""resource_type"": ""gce_instance"", ""resource_zone"": ""us-central1-a"", ""vm"": ""mooc-loadgen""}",1
2026-09-27T05:47:00Z,"{""instance_name"": ""mooc-loadgen"", ""loadbalanced"": ""false"", ""resource_instance_id"": ""502815831568494144"", ""resource_project_id"": ""proyecto-2-cloud-509714"", ""resource_type"": ""gce_instance"", ""resource_zone"": ""us-central1-a"", ""vm"": ""mooc-loadgen""}",1
2026-09-27T05:46:00Z,"{""instance_name"": ""mooc-loadgen"", ""loadbalanced"": ""false"", ""resource_instance_id"": ""502815831568494144"", ""resource_project_id"": ""proyecto-2-cloud-509714"", ""resource_type"": ""gce_instance"", ""resource_zone"": ""us-central1-a"", ""vm"": ""mooc-loadgen""}",1
2026-09-27T05:45:00Z,"{""instance_name"": ""mooc-loadgen"", ""loadbalanced"": ""false"", ""resource_instance_id"": ""502815831568494144"", ""resource_project_id"": ""proyecto-2-cloud-509714"", ""resource_type"": ""gce_instance"", ""resource_zone"": ""us-central1-a"", ""vm"": ""mooc-loadgen""}",8
2026-09-27T05:44:00Z,"{""instance_name"": ""mooc-loadgen"", ""loadbalanced"": ""false"", ""resource_instance_id"": ""502815831568494144"", ""resource_project_id"": ""proyecto-2-cloud-509714"", ""resource_type"": ""gce_instance"", ""resource_zone"": ""us-central1-a"", ""vm"": ""mooc-loadgen""}",4
2026-09-27T05:43:00Z,"{""instance_name"": ""mooc-loadgen"", ""loadbalanced"": ""false"", ""resource_instance_id"": ""502815831568494144"", ""resource_project_id"": ""proyecto-2-cloud-509714"", ""resource_type"": ""gce_instance"", ""resource_zone"": ""us-central1-a"", ""vm"": ""mooc-loadgen""}",1
2026-09-27T05:42:00Z,"{""instance_name"": ""mooc-loadgen"", ""loadbalanced"": ""false"", ""resource_instance_id"": ""502815831568494144"", ""resource_project_id"": ""proyecto-2-cloud-509714"", ""resource_type"": ""gce_instance"", ""resource_zone"": ""us-central1-a"", ""vm"": ""mooc-loadgen""}",1
2026-09-27T05:41:00Z,"{""instance_name"": ""mooc-loadgen"", ""loadbalanced"": ""false"", ""resource_instance_id"": ""502815831568494144"", ""resource_project_id"": ""proyecto-2-cloud-509714"", ""resource_type"": ""gce_instance"", ""resource_zone"": ""us-central1-a"", ""vm"": ""mooc-loadgen""}",1
2026-09-27T05:40:00Z,"{""instance_name"": ""mooc-loadgen"", ""loadbalanced"": ""false"", ""resource_instance_id"": ""502815831568494144"", ""resource_project_id"": ""proyecto-2-cloud-509714"", ""resource_type"": ""gce_instance"", ""resource_zone"": ""us-central1-a"", ""vm"": ""mooc-loadgen""}",1
2026-09-27T05:39:00Z,"{""instance_name"": ""mooc-loadgen"", ""loadbalanced"": ""false"", ""resource_instance_id"": ""502815831568494144"", ""resource_project_id"": ""proyecto-2-cloud-509714"", ""resource_type"": ""gce_instance"", ""resource_zone"": ""us-central1-a"", ""vm"": ""mooc-loadgen""}",1
2026-09-27T05:38:00Z,"{""instance_name"": ""mooc-loadgen"", ""loadbalanced"": ""false"", ""resource_instance_id"": ""502815831568494144"", ""resource_project_id"": ""proyecto-2-cloud-509714"", ""resource_type"": ""gce_instance"", ""resource_zone"": ""us-central1-a"", ""vm"": ""mooc-loadgen""}",1
2026-09-27T05:37:00Z,"{""instance_name"": ""mooc-loadgen"", ""loadbalanced"": ""false"", ""resource_instance_id"": ""502815831568494144"", ""resource_project_id"": ""proyecto-2-cloud-509714"", ""resource_type"": ""gce_instance"", ""resource_zone"": ""us-central1-a"", ""vm"": ""mooc-loadgen""}",9
2026-09-27T05:36:00Z,"{""instance_name"": ""mooc-loadgen"", ""loadbalanced"": ""false"", ""resource_instance_id"": ""502815831568494144"", ""resource_project_id"": ""proyecto-2-cloud-509714"", ""resource_type"": ""gce_instance"", ""resource_zone"": ""us-central1-a"", ""vm"": ""mooc-loadgen""}",4
2026-09-27T05:35:00Z,"{""instance_name"": ""mooc-loadgen"", ""loadbalanced"": ""false"", ""resource_instance_id"": ""502815831568494144"", ""resource_project_id"": ""proyecto-2-cloud-509714"", ""resource_type"": ""gce_instance"", ""resource_zone"": ""us-central1-a"", ""vm"": ""mooc-loadgen""}",1
2026-09-27T05:34:00Z,"{""instance_name"": ""mooc-loadgen"", ""loadbalanced"": ""false"", ""resource_instance_id"": ""502815831568494144"", ""resource_project_id"": ""proyecto-2-cloud-509714"", ""resource_type"": ""gce_instance"", ""resource_zone"": ""us-central1-a"", ""vm"": ""mooc-loadgen""}",1
2026-09-27T05:33:00Z,"{""instance_name"": ""mooc-loadgen"", ""loadbalanced"": ""false"", ""resource_instance_id"": ""502815831568494144"", ""resource_project_id"": ""proyecto-2-cloud-509714"", ""resource_type"": ""gce_instance"", ""resource_zone"": ""us-central1-a"", ""vm"": ""mooc-loadgen""}",1
2026-09-27T05:32:00Z,"{""instance_name"": ""mooc-loadgen"", ""loadbalanced"": ""false"", ""resource_instance_id"": ""502815831568494144"", ""resource_project_id"": ""proyecto-2-cloud-509714"", ""resource_type"": ""gce_instance"", ""resource_zone"": ""us-central1-a"", ""vm"": ""mooc-loadgen""}",1
2026-09-27T05:31:00Z,"{""instance_name"": ""mooc-loadgen"", ""loadbalanced"": ""false"", ""resource_instance_id"": ""502815831568494144"", ""resource_project_id"": ""proyecto-2-cloud-509714"", ""resource_type"": ""gce_instance"", ""resource_zone"": ""us-central1-a"", ""vm"": ""mooc-loadgen""}",1
2026-09-27T05:30:00Z,"{""instance_name"": ""mooc-loadgen"", ""loadbalanced"": ""false"", ""resource_instance_id"": ""502815831568494144"", ""resource_project_id"": ""proyecto-2-cloud-509714"", ""resource_type"": ""gce_instance"", ""resource_zone"": ""us-central1-a"", ""vm"": ""mooc-loadgen""}",1
2026-09-27T05:29:00Z,"{""instance_name"": ""mooc-loadgen"", ""loadbalanced"": ""false"", ""resource_instance_id"": ""502815831568494144"", ""resource_project_id"": ""proyecto-2-cloud-509714"", ""resource_type"": ""gce_instance"", ""resource_zone"": ""us-central1-a"", ""vm"": ""mooc-loadgen""}",8
2026-09-27T05:28:00Z,"{""instance_name"": ""mooc-loadgen"", ""loadbalanced"": ""false"", ""resource_instance_id"": ""502815831568494144"", ""resource_project_id"": ""proyecto-2-cloud-509714"", ""resource_type"": ""gce_instance"", ""resource_zone"": ""us-central1-a"", ""vm"": ""mooc-loadgen""}",4
2026-09-27T05:27:00Z,"{""instance_name"": ""mooc-loadgen"", ""loadbalanced"": ""false"", ""resource_instance_id"": ""502815831568494144"", ""resource_project_id"": ""proyecto-2-cloud-509714"", ""resource_type"": ""gce_instance"", ""resource_zone"": ""us-central1-a"", ""vm"": ""mooc-loadgen""}",1
2026-09-27T05:26:00Z,"{""instance_name"": ""mooc-loadgen"", ""loadbalanced"": ""false"", ""resource_instance_id"": ""502815831568494144"", ""resource_project_id"": ""proyecto-2-cloud-509714"", ""resource_type"": ""gce_instance"", ""resource_zone"": ""us-central1-a"", ""vm"": ""mooc-loadgen""}",1
2026-09-27T05:25:00Z,"{""instance_name"": ""mooc-loadgen"", ""loadbalanced"": ""false"", ""resource_instance_id"": ""502815831568494144"", ""resource_project_id"": ""proyecto-2-cloud-509714"", ""resource_type"": ""gce_instance"", ""resource_zone"": ""us-central1-a"", ""vm"": ""mooc-loadgen""}",1
2026-09-27T05:24:00Z,"{""instance_name"": ""mooc-loadgen"", ""loadbalanced"": ""false"", ""resource_instance_id"": ""502815831568494144"", ""resource_project_id"": ""proyecto-2-cloud-509714"", ""resource_type"": ""gce_instance"", ""resource_zone"": ""us-central1-a"", ""vm"": ""mooc-loadgen""}",1
2026-09-27T05:23:00Z,"{""instance_name"": ""mooc-loadgen"", ""loadbalanced"": ""false"", ""resource_instance_id"": ""502815831568494144"", ""resource_project_id"": ""proyecto-2-cloud-509714"", ""resource_type"": ""gce_instance"", ""resource_zone"": ""us-central1-a"", ""vm"": ""mooc-loadgen""}",1
2026-09-27T05:22:00Z,"{""instance_name"": ""mooc-loadgen"", ""loadbalanced"": ""false"", ""resource_instance_id"": ""502815831568494144"", ""resource_project_id"": ""proyecto-2-cloud-509714"", ""resource_type"": ""gce_instance"", ""resource_zone"": ""us-central1-a"", ""vm"": ""mooc-loadgen""}",1
2026-09-27T05:21:00Z,"{""instance_name"": ""mooc-loadgen"", ""loadbalanced"": ""false"", ""resource_instance_id"": ""502815831568494144"", ""resource_project_id"": ""proyecto-2-cloud-509714"", ""resource_type"": ""gce_instance"", ""resource_zone"": ""us-central1-a"", ""vm"": ""mooc-loadgen""}",15
2026-09-27T05:20:00Z,"{""instance_name"": ""mooc-loadgen"", ""loadbalanced"": ""false"", ""resource_instance_id"": ""502815831568494144"", ""resource_project_id"": ""proyecto-2-cloud-509714"", ""resource_type"": ""gce_instance"", ""resource_zone"": ""us-central1-a"", ""vm"": ""mooc-loadgen""}",6
2026-09-27T05:19:00Z,"{""instance_name"": ""mooc-loadgen"", ""loadbalanced"": ""false"", ""resource_instance_id"": ""502815831568494144"", ""resource_project_id"": ""proyecto-2-cloud-509714"", ""resource_type"": ""gce_instance"", ""resource_zone"": ""us-central1-a"", ""vm"": ""mooc-loadgen""}",1
2026-09-27T05:18:00Z,"{""instance_name"": ""mooc-loadgen"", ""loadbalanced"": ""false"", ""resource_instance_id"": ""502815831568494144"", ""resource_project_id"": ""proyecto-2-cloud-509714"", ""resource_type"": ""gce_instance"", ""resource_zone"": ""us-central1-a"", ""vm"": ""mooc-loadgen""}",1
2026-09-27T05:17:00Z,"{""instance_name"": ""mooc-loadgen"", ""loadbalanced"": ""false"", ""resource_instance_id"": ""502815831568494144"", ""resource_project_id"": ""proyecto-2-cloud-509714"", ""resource_type"": ""gce_instance"", ""resource_zone"": ""us-central1-a"", ""vm"": ""mooc-loadgen""}",1
2026-09-27T05:16:00Z,"{""instance_name"": ""mooc-loadgen"", ""loadbalanced"": ""false"", ""resource_instance_id"": ""502815831568494144"", ""resource_project_id"": ""proyecto-2-cloud-509714"", ""resource_type"": ""gce_instance"", ""resource_zone"": ""us-central1-a"", ""vm"": ""mooc-loadgen""}",1
2026-09-27T05:15:00Z,"{""instance_name"": ""mooc-loadgen"", ""loadbalanced"": ""false"", ""resource_instance_id"": ""502815831568494144"", ""resource_project_id"": ""proyecto-2-cloud-509714"", ""resource_type"": ""gce_instance"", ""resource_zone"": ""us-central1-a"", ""vm"": ""mooc-loadgen""}",9
2026-09-27T05:14:00Z,"{""instance_name"": ""mooc-loadgen"", ""loadbalanced"": ""false"", ""resource_instance_id"": ""502815831568494144"", ""resource_project_id"": ""proyecto-2-cloud-509714"", ""resource_type"": ""gce_instance"", ""resource_zone"": ""us-central1-a"", ""vm"": ""mooc-loadgen""}",4
2026-09-27T05:13:00Z,"{""instance_name"": ""mooc-loadgen"", ""loadbalanced"": ""false"", ""resource_instance_id"": ""502815831568494144"", ""resource_project_id"": ""proyecto-2-cloud-509714"", ""resource_type"": ""gce_instance"", ""resource_zone"": ""us-central1-a"", ""vm"": ""mooc-loadgen""}",1
2026-09-27T05:12:00Z,"{""instance_name"": ""mooc-loadgen"", ""loadbalanced"": ""false"", ""resource_instance_id"": ""502815831568494144"", ""resource_project_id"": ""proyecto-2-cloud-509714"", ""resource_type"": ""gce_instance"", ""resource_zone"": ""us-central1-a"", ""vm"": ""mooc-loadgen""}",1
2026-09-27T05:11:00Z,"{""instance_name"": ""mooc-loadgen"", ""loadbalanced"": ""false"", ""resource_instance_id"": ""502815831568494144"", ""resource_project_id"": ""proyecto-2-cloud-509714"", ""resource_type"": ""gce_instance"", ""resource_zone"": ""us-central1-a"", ""vm"": ""mooc-loadgen""}",1
2026-09-27T05:10:00Z,"{""instance_name"": ""mooc-loadgen"", ""loadbalanced"": ""false"", ""resource_instance_id"": ""502815831568494144"", ""resource_project_id"": ""proyecto-2-cloud-509714"", ""resource_type"": ""gce_instance"", ""resource_zone"": ""us-central1-a"", ""vm"": ""mooc-loadgen""}",1
2026-09-27T05:09:00Z,"{""instance_name"": ""mooc-loadgen"", ""loadbalanced"": ""false"", ""resource_instance_id"": ""502815831568494144"", ""resource_project_id"": ""proyecto-2-cloud-509714"", ""resource_type"": ""gce_instance"", ""resource_zone"": ""us-central1-a"", ""vm"": ""mooc-loadgen""}",1
2026-09-27T05:08:00Z,"{""instance_name"": ""mooc-loadgen"", ""loadbalanced"": ""false"", ""resource_instance_id"": ""502815831568494144"", ""resource_project_id"": ""proyecto-2-cloud-509714"", ""resource_type"": ""gce_instance"", ""resource_zone"": ""us-central1-a"", ""vm"": ""mooc-loadgen""}",1
2026-09-27T05:07:00Z,"{""instance_name"": ""mooc-loadgen"", ""loadbalanced"": ""false"", ""resource_instance_id"": ""502815831568494144"", ""resource_project_id"": ""proyecto-2-cloud-509714"", ""resource_type"": ""gce_instance"", ""resource_zone"": ""us-central1-a"", ""vm"": ""mooc-loadgen""}",8
2026-09-27T05:06:00Z,"{""instance_name"": ""mooc-loadgen"", ""loadbalanced"": ""false"", ""resource_instance_id"": ""502815831568494144"", ""resource_project_id"": ""proyecto-2-cloud-509714"", ""resource_type"": ""gce_instance"", ""resource_zone"": ""us-central1-a"", ""vm"": ""mooc-loadgen""}",4
2026-09-27T05:05:00Z,"{""instance_name"": ""mooc-loadgen"", ""loadbalanced"": ""false"", ""resource_instance_id"": ""502815831568494144"", ""resource_project_id"": ""proyecto-2-cloud-509714"", ""resource_type"": ""gce_instance"", ""resource_zone"": ""us-central1-a"", ""vm"": ""mooc-loadgen""}",1
2026-09-27T05:04:00Z,"{""instance_name"": ""mooc-loadgen"", ""loadbalanced"": ""false"", ""resource_instance_id"": ""502815831568494144"", ""resource_project_id"": ""proyecto-2-cloud-509714"", ""resource_type"": ""gce_instance"", ""resource_zone"": ""us-central1-a"", ""vm"": ""mooc-loadgen""}",1
2026-09-27T05:03:00Z,"{""instance_name"": ""mooc-loadgen"", ""loadbalanced"": ""false"", ""resource_instance_id"": ""502815831568494144"", ""resource_project_id"": ""proyecto-2-cloud-509714"", ""resource_type"": ""gce_instance"", ""resource_zone"": ""us-central1-a"", ""vm"": ""mooc-loadgen""}",1
2026-09-27T05:02:00Z,"{""instance_name"": ""mooc-loadgen"", ""loadbalanced"": ""false"", ""resource_instance_id"": ""502815831568494144"", ""resource_project_id"": ""proyecto-2-cloud-509714"", ""resource_type"": ""gce_instance"", ""resource_zone"": ""us-central1-a"", ""vm"": ""mooc-loadgen""}",1
2026-09-27T05:01:00Z,"{""instance_name"": ""mooc-loadgen"", ""loadbalanced"": ""false"", ""resource_instance_id"": ""502815831568494144"", ""resource_project_id"": ""proyecto-2-cloud-509714"", ""resource_type"": ""gce_instance"", ""resource_zone"": ""us-central1-a"", ""vm"": ""mooc-loadgen""}",1
2026-09-27T05:00:00Z,"{""instance_name"": ""mooc-loadgen"", ""loadbalanced"": ""false"", ""resource_instance_id"": ""502815831568494144"", ""resource_project_id"": ""proyecto-2-cloud-509714"", ""resource_type"": ""gce_instance"", ""resource_zone"": ""us-central1-a"", ""vm"": ""mooc-loadgen""}",1
2026-09-27T04:59:00Z,"{""instance_name"": ""mooc-loadgen"", ""loadbalanced"": ""false"", ""resource_instance_id"": ""502815831568494144"", ""resource_project_id"": ""proyecto-2-cloud-509714"", ""resource_type"": ""gce_instance"", ""resource_zone"": ""us-central1-a"", ""vm"": ""mooc-loadgen""}",8
2026-09-27T04:58:00Z,"{""instance_name"": ""mooc-loadgen"", ""loadbalanced"": ""false"", ""resource_instance_id"": ""502815831568494144"", ""resource_project_id"": ""proyecto-2-cloud-509714"", ""resource_type"": ""gce_instance"", ""resource_zone"": ""us-central1-a"", ""vm"": ""mooc-loadgen""}",4
2026-09-27T04:57:00Z,"{""instance_name"": ""mooc-loadgen"", ""loadbalanced"": ""false"", ""resource_instance_id"": ""502815831568494144"", ""resource_project_id"": ""proyecto-2-cloud-509714"", ""resource_type"": ""gce_instance"", ""resource_zone"": ""us-central1-a"", ""vm"": ""mooc-loadgen""}",1
2026-09-27T04:56:00Z,"{""instance_name"": ""mooc-loadgen"", ""loadbalanced"": ""false"", ""resource_instance_id"": ""502815831568494144"", ""resource_project_id"": ""proyecto-2-cloud-509714"", ""resource_type"": ""gce_instance"", ""resource_zone"": ""us-central1-a"", ""vm"": ""mooc-loadgen""}",1
2026-09-27T04:55:00Z,"{""instance_name"": ""mooc-loadgen"", ""loadbalanced"": ""false"", ""resource_instance_id"": ""502815831568494144"", ""resource_project_id"": ""proyecto-2-cloud-509714"", ""resource_type"": ""gce_instance"", ""resource_zone"": ""us-central1-a"", ""vm"": ""mooc-loadgen""}",1
2026-09-27T04:54:00Z,"{""instance_name"": ""mooc-loadgen"", ""loadbalanced"": ""false"", ""resource_instance_id"": ""502815831568494144"", ""resource_project_id"": ""proyecto-2-cloud-509714"", ""resource_type"": ""gce_instance"", ""resource_zone"": ""us-central1-a"", ""vm"": ""mooc-loadgen""}",1
2026-09-27T04:53:00Z,"{""instance_name"": ""mooc-loadgen"", ""loadbalanced"": ""false"", ""resource_instance_id"": ""502815831568494144"", ""resource_project_id"": ""proyecto-2-cloud-509714"", ""resource_type"": ""gce_instance"", ""resource_zone"": ""us-central1-a"", ""vm"": ""mooc-loadgen""}",1
2026-09-27T04:52:00Z,"{""instance_name"": ""mooc-loadgen"", ""loadbalanced"": ""false"", ""resource_instance_id"": ""502815831568494144"", ""resource_project_id"": ""proyecto-2-cloud-509714"", ""resource_type"": ""gce_instance"", ""resource_zone"": ""us-central1-a"", ""vm"": ""mooc-loadgen""}",1
2026-09-27T04:51:00Z,"{""instance_name"": ""mooc-loadgen"", ""loadbalanced"": ""false"", ""resource_instance_id"": ""502815831568494144"", ""resource_project_id"": ""proyecto-2-cloud-509714"", ""resource_type"": ""gce_instance"", ""resource_zone"": ""us-central1-a"", ""vm"": ""mooc-loadgen""}",8
2026-09-27T04:50:00Z,"{""instance_name"": ""mooc-loadgen"", ""loadbalanced"": ""false"", ""resource_instance_id"": ""502815831568494144"", ""resource_project_id"": ""proyecto-2-cloud-509714"", ""resource_type"": ""gce_instance"", ""resource_zone"": ""us-central1-a"", ""vm"": ""mooc-loadgen""}",17
2026-09-27T04:49:00Z,"{""instance_name"": ""mooc-loadgen"", ""loadbalanced"": ""false"", ""resource_instance_id"": ""502815831568494144"", ""resource_project_id"": ""proyecto-2-cloud-509714"", ""resource_type"": ""gce_instance"", ""resource_zone"": ""us-central1-a"", ""vm"": ""mooc-loadgen""}",5
2026-09-27T04:48:00Z,"{""instance_name"": ""mooc-loadgen"", ""loadbalanced"": ""false"", ""resource_instance_id"": ""502815831568494144"", ""resource_project_id"": ""proyecto-2-cloud-509714"", ""resource_type"": ""gce_instance"", ""resource_zone"": ""us-central1-a"", ""vm"": ""mooc-loadgen""}",1
2026-09-27T04:47:00Z,"{""instance_name"": ""mooc-loadgen"", ""loadbalanced"": ""false"", ""resource_instance_id"": ""502815831568494144"", ""resource_project_id"": ""proyecto-2-cloud-509714"", ""resource_type"": ""gce_instance"", ""resource_zone"": ""us-central1-a"", ""vm"": ""mooc-loadgen""}",1
2026-09-27T04:46:00Z,"{""instance_name"": ""mooc-loadgen"", ""loadbalanced"": ""false"", ""resource_instance_id"": ""502815831568494144"", ""resource_project_id"": ""proyecto-2-cloud-509714"", ""resource_type"": ""gce_instance"", ""resource_zone"": ""us-central1-a"", ""vm"": ""mooc-loadgen""}",1
2026-09-27T04:45:00Z,"{""instance_name"": ""mooc-loadgen"", ""loadbalanced"": ""false"", ""resource_instance_id"": ""502815831568494144"", ""resource_project_id"": ""proyecto-2-cloud-509714"", ""resource_type"": ""gce_instance"", ""resource_zone"": ""us-central1-a"", ""vm"": ""mooc-loadgen""}",2
2026-09-27T04:44:00Z,"{""instance_name"": ""mooc-loadgen"", ""loadbalanced"": ""false"", ""resource_instance_id"": ""502815831568494144"", ""resource_project_id"": ""proyecto-2-cloud-509714"", ""resource_type"": ""gce_instance"", ""resource_zone"": ""us-central1-a"", ""vm"": ""mooc-loadgen""}",4
2026-09-27T04:43:00Z,"{""instance_name"": ""mooc-loadgen"", ""loadbalanced"": ""false"", ""resource_instance_id"": ""502815831568494144"", ""resource_project_id"": ""proyecto-2-cloud-509714"", ""resource_type"": ""gce_instance"", ""resource_zone"": ""us-central1-a"", ""vm"": ""mooc-loadgen""}",14
2026-09-27T04:42:00Z,"{""instance_name"": ""mooc-loadgen"", ""loadbalanced"": ""false"", ""resource_instance_id"": ""502815831568494144"", ""resource_project_id"": ""proyecto-2-cloud-509714"", ""resource_type"": ""gce_instance"", ""resource_zone"": ""us-central1-a"", ""vm"": ""mooc-loadgen""}",8
2026-09-27T04:41:00Z,"{""instance_name"": ""mooc-loadgen"", ""loadbalanced"": ""false"", ""resource_instance_id"": ""502815831568494144"", ""resource_project_id"": ""proyecto-2-cloud-509714"", ""resource_type"": ""gce_instance"", ""resource_zone"": ""us-central1-a"", ""vm"": ""mooc-loadgen""}",5
2026-09-27T04:40:00Z,"{""instance_name"": ""mooc-loadgen"", ""loadbalanced"": ""false"", ""resource_instance_id"": ""502815831568494144"", ""resource_project_id"": ""proyecto-2-cloud-509714"", ""resource_type"": ""gce_instance"", ""resource_zone"": ""us-central1-a"", ""vm"": ""mooc-loadgen""}",5
2026-09-27T04:39:00Z,"{""instance_name"": ""mooc-loadgen"", ""loadbalanced"": ""false"", ""resource_instance_id"": ""502815831568494144"", ""resource_project_id"": ""proyecto-2-cloud-509714"", ""resource_type"": ""gce_instance"", ""resource_zone"": ""us-central1-a"", ""vm"": ""mooc-loadgen""}",5
2026-09-27T04:38:00Z,"{""instance_name"": ""mooc-loadgen"", ""loadbalanced"": ""false"", ""resource_instance_id"": ""502815831568494144"", ""resource_project_id"": ""proyecto-2-cloud-509714"", ""resource_type"": ""gce_instance"", ""resource_zone"": ""us-central1-a"", ""vm"": ""mooc-loadgen""}",5
2026-09-27T04:37:00Z,"{""instance_name"": ""mooc-loadgen"", ""loadbalanced"": ""false"", ""resource_instance_id"": ""502815831568494144"", ""resource_project_id"": ""proyecto-2-cloud-509714"", ""resource_type"": ""gce_instance"", ""resource_zone"": ""us-central1-a"", ""vm"": ""mooc-loadgen""}",5
2026-09-27T04:36:00Z,"{""instance_name"": ""mooc-loadgen"", ""loadbalanced"": ""false"", ""resource_instance_id"": ""502815831568494144"", ""resource_project_id"": ""proyecto-2-cloud-509714"", ""resource_type"": ""gce_instance"", ""resource_zone"": ""us-central1-a"", ""vm"": ""mooc-loadgen""}",5
2026-09-27T04:35:00Z,"{""instance_name"": ""mooc-loadgen"", ""loadbalanced"": ""false"", ""resource_instance_id"": ""502815831568494144"", ""resource_project_id"": ""proyecto-2-cloud-509714"", ""resource_type"": ""gce_instance"", ""resource_zone"": ""us-central1-a"", ""vm"": ""mooc-loadgen""}",32
2026-09-27T04:34:00Z,"{""instance_name"": ""mooc-loadgen"", ""loadbalanced"": ""false"", ""resource_instance_id"": ""502815831568494144"", ""resource_project_id"": ""proyecto-2-cloud-509714"", ""resource_type"": ""gce_instance"", ""resource_zone"": ""us-central1-a"", ""vm"": ""mooc-loadgen""}",11
2026-09-27T04:33:00Z,"{""instance_name"": ""mooc-loadgen"", ""loadbalanced"": ""false"", ""resource_instance_id"": ""502815831568494144"", ""resource_project_id"": ""proyecto-2-cloud-509714"", ""resource_type"": ""gce_instance"", ""resource_zone"": ""us-central1-a"", ""vm"": ""mooc-loadgen""}",1
2026-09-27T04:32:00Z,"{""instance_name"": ""mooc-loadgen"", ""loadbalanced"": ""false"", ""resource_instance_id"": ""502815831568494144"", ""resource_project_id"": ""proyecto-2-cloud-509714"", ""resource_type"": ""gce_instance"", ""resource_zone"": ""us-central1-a"", ""vm"": ""mooc-loadgen""}",1
2026-09-27T04:31:00Z,"{""instance_name"": ""mooc-loadgen"", ""loadbalanced"": ""false"", ""resource_instance_id"": ""502815831568494144"", ""resource_project_id"": ""proyecto-2-cloud-509714"", ""resource_type"": ""gce_instance"", ""resource_zone"": ""us-central1-a"", ""vm"": ""mooc-loadgen""}",1
2026-09-27T04:30:00Z,"{""instance_name"": ""mooc-loadgen"", ""loadbalanced"": ""false"", ""resource_instance_id"": ""502815831568494144"", ""resource_project_id"": ""proyecto-2-cloud-509714"", ""resource_type"": ""gce_instance"", ""resource_zone"": ""us-central1-a"", ""vm"": ""mooc-loadgen""}",1
2026-09-27T04:29:00Z,"{""instance_name"": ""mooc-loadgen"", ""loadbalanced"": ""false"", ""resource_instance_id"": ""502815831568494144"", ""resource_project_id"": ""proyecto-2-cloud-509714"", ""resource_type"": ""gce_instance"", ""resource_zone"": ""us-central1-a"", ""vm"": ""mooc-loadgen""}",1
2026-09-27T04:28:00Z,"{""instance_name"": ""mooc-loadgen"", ""loadbalanced"": ""false"", ""resource_instance_id"": ""502815831568494144"", ""resource_project_id"": ""proyecto-2-cloud-509714"", ""resource_type"": ""gce_instance"", ""resource_zone"": ""us-central1-a"", ""vm"": ""mooc-loadgen""}",1
2026-09-27T04:27:00Z,"{""instance_name"": ""mooc-loadgen"", ""loadbalanced"": ""false"", ""resource_instance_id"": ""502815831568494144"", ""resource_project_id"": ""proyecto-2-cloud-509714"", ""resource_type"": ""gce_instance"", ""resource_zone"": ""us-central1-a"", ""vm"": ""mooc-loadgen""}",8
2026-09-27T04:26:00Z,"{""instance_name"": ""mooc-loadgen"", ""loadbalanced"": ""false"", ""resource_instance_id"": ""502815831568494144"", ""resource_project_id"": ""proyecto-2-cloud-509714"", ""resource_type"": ""gce_instance"", ""resource_zone"": ""us-central1-a"", ""vm"": ""mooc-loadgen""}",4
2026-09-27T04:25:00Z,"{""instance_name"": ""mooc-loadgen"", ""loadbalanced"": ""false"", ""resource_instance_id"": ""502815831568494144"", ""resource_project_id"": ""proyecto-2-cloud-509714"", ""resource_type"": ""gce_instance"", ""resource_zone"": ""us-central1-a"", ""vm"": ""mooc-loadgen""}",1
2026-09-27T04:24:00Z,"{""instance_name"": ""mooc-loadgen"", ""loadbalanced"": ""false"", ""resource_instance_id"": ""502815831568494144"", ""resource_project_id"": ""proyecto-2-cloud-509714"", ""resource_type"": ""gce_instance"", ""resource_zone"": ""us-central1-a"", ""vm"": ""mooc-loadgen""}",1
2026-09-27T04:23:00Z,"{""instance_name"": ""mooc-loadgen"", ""loadbalanced"": ""false"", ""resource_instance_id"": ""502815831568494144"", ""resource_project_id"": ""proyecto-2-cloud-509714"", ""resource_type"": ""gce_instance"", ""resource_zone"": ""us-central1-a"", ""vm"": ""mooc-loadgen""}",1
2026-09-27T04:22:00Z,"{""instance_name"": ""mooc-loadgen"", ""loadbalanced"": ""false"", ""resource_instance_id"": ""502815831568494144"", ""resource_project_id"": ""proyecto-2-cloud-509714"", ""resource_type"": ""gce_instance"", ""resource_zone"": ""us-central1-a"", ""vm"": ""mooc-loadgen""}",1
2026-09-27T04:21:00Z,"{""instance_name"": ""mooc-loadgen"", ""loadbalanced"": ""false"", ""resource_instance_id"": ""502815831568494144"", ""resource_project_id"": ""proyecto-2-cloud-509714"", ""resource_type"": ""gce_instance"", ""resource_zone"": ""us-central1-a"", ""vm"": ""mooc-loadgen""}",1
2026-09-27T04:20:00Z,"{""instance_name"": ""mooc-loadgen"", ""loadbalanced"": ""false"", ""resource_instance_id"": ""502815831568494144"", ""resource_project_id"": ""proyecto-2-cloud-509714"", ""resource_type"": ""gce_instance"", ""resource_zone"": ""us-central1-a"", ""vm"": ""mooc-loadgen""}",4
2026-09-27T04:19:00Z,"{""instance_name"": ""mooc-loadgen"", ""loadbalanced"": ""false"", ""resource_instance_id"": ""502815831568494144"", ""resource_project_id"": ""proyecto-2-cloud-509714"", ""resource_type"": ""gce_instance"", ""resource_zone"": ""us-central1-a"", ""vm"": ""mooc-loadgen""}",20
2026-09-27T04:18:00Z,"{""instance_name"": ""mooc-loadgen"", ""loadbalanced"": ""false"", ""resource_instance_id"": ""502815831568494144"", ""resource_project_id"": ""proyecto-2-cloud-509714"", ""resource_type"": ""gce_instance"", ""resource_zone"": ""us-central1-a"", ""vm"": ""mooc-loadgen""}",10
2026-09-27T04:17:00Z,"{""instance_name"": ""mooc-loadgen"", ""loadbalanced"": ""false"", ""resource_instance_id"": ""502815831568494144"", ""resource_project_id"": ""proyecto-2-cloud-509714"", ""resource_type"": ""gce_instance"", ""resource_zone"": ""us-central1-a"", ""vm"": ""mooc-loadgen""}",7
2026-09-27T04:16:00Z,"{""instance_name"": ""mooc-loadgen"", ""loadbalanced"": ""false"", ""resource_instance_id"": ""502815831568494144"", ""resource_project_id"": ""proyecto-2-cloud-509714"", ""resource_type"": ""gce_instance"", ""resource_zone"": ""us-central1-a"", ""vm"": ""mooc-loadgen""}",17
2026-09-27T04:15:00Z,"{""instance_name"": ""mooc-loadgen"", ""loadbalanced"": ""false"", ""resource_instance_id"": ""502815831568494144"", ""resource_project_id"": ""proyecto-2-cloud-509714"", ""resource_type"": ""gce_instance"", ""resource_zone"": ""us-central1-a"", ""vm"": ""mooc-loadgen""}",15
2026-09-27T04:14:00Z,"{""instance_name"": ""mooc-loadgen"", ""loadbalanced"": ""false"", ""resource_instance_id"": ""502815831568494144"", ""resource_project_id"": ""proyecto-2-cloud-509714"", ""resource_type"": ""gce_instance"", ""resource_zone"": ""us-central1-a"", ""vm"": ""mooc-loadgen""}",13
2026-09-27T04:13:00Z,"{""instance_name"": ""mooc-loadgen"", ""loadbalanced"": ""false"", ""resource_instance_id"": ""502815831568494144"", ""resource_project_id"": ""proyecto-2-cloud-509714"", ""resource_type"": ""gce_instance"", ""resource_zone"": ""us-central1-a"", ""vm"": ""mooc-loadgen""}",13
2026-09-27T04:12:00Z,"{""instance_name"": ""mooc-loadgen"", ""loadbalanced"": ""false"", ""resource_instance_id"": ""502815831568494144"", ""resource_project_id"": ""proyecto-2-cloud-509714"", ""resource_type"": ""gce_instance"", ""resource_zone"": ""us-central1-a"", ""vm"": ""mooc-loadgen""}",13
2026-09-27T04:11:00Z,"{""instance_name"": ""mooc-loadgen"", ""loadbalanced"": ""false"", ""resource_instance_id"": ""502815831568494144"", ""resource_project_id"": ""proyecto-2-cloud-509714"", ""resource_type"": ""gce_instance"", ""resource_zone"": ""us-central1-a"", ""vm"": ""mooc-loadgen""}",14
2026-09-27T04:10:00Z,"{""instance_name"": ""mooc-loadgen"", ""loadbalanced"": ""false"", ""resource_instance_id"": ""502815831568494144"", ""resource_project_id"": ""proyecto-2-cloud-509714"", ""resource_type"": ""gce_instance"", ""resource_zone"": ""us-central1-a"", ""vm"": ""mooc-loadgen""}",34
2026-09-27T04:09:00Z,"{""instance_name"": ""mooc-loadgen"", ""loadbalanced"": ""false"", ""resource_instance_id"": ""502815831568494144"", ""resource_project_id"": ""proyecto-2-cloud-509714"", ""resource_type"": ""gce_instance"", ""resource_zone"": ""us-central1-a"", ""vm"": ""mooc-loadgen""}",16
2026-09-27T04:08:00Z,"{""instance_name"": ""mooc-loadgen"", ""loadbalanced"": ""false"", ""resource_instance_id"": ""502815831568494144"", ""resource_project_id"": ""proyecto-2-cloud-509714"", ""resource_type"": ""gce_instance"", ""resource_zone"": ""us-central1-a"", ""vm"": ""mooc-loadgen""}",17
2026-09-27T04:07:00Z,"{""instance_name"": ""mooc-loadgen"", ""loadbalanced"": ""false"", ""resource_instance_id"": ""502815831568494144"", ""resource_project_id"": ""proyecto-2-cloud-509714"", ""resource_type"": ""gce_instance"", ""resource_zone"": ""us-central1-a"", ""vm"": ""mooc-loadgen""}",38
2026-09-27T04:06:00Z,"{""instance_name"": ""mooc-loadgen"", ""loadbalanced"": ""false"", ""resource_instance_id"": ""502815831568494144"", ""resource_project_id"": ""proyecto-2-cloud-509714"", ""resource_type"": ""gce_instance"", ""resource_zone"": ""us-central1-a"", ""vm"": ""mooc-loadgen""}",31
2026-09-27T04:05:00Z,"{""instance_name"": ""mooc-loadgen"", ""loadbalanced"": ""false"", ""resource_instance_id"": ""502815831568494144"", ""resource_project_id"": ""proyecto-2-cloud-509714"", ""resource_type"": ""gce_instance"", ""resource_zone"": ""us-central1-a"", ""vm"": ""mooc-loadgen""}",28
2026-09-27T04:04:00Z,"{""instance_name"": ""mooc-loadgen"", ""loadbalanced"": ""false"", ""resource_instance_id"": ""502815831568494144"", ""resource_project_id"": ""proyecto-2-cloud-509714"", ""resource_type"": ""gce_instance"", ""resource_zone"": ""us-central1-a"", ""vm"": ""mooc-loadgen""}",8
2026-09-27T04:03:00Z,"{""instance_name"": ""mooc-loadgen"", ""loadbalanced"": ""false"", ""resource_instance_id"": ""502815831568494144"", ""resource_project_id"": ""proyecto-2-cloud-509714"", ""resource_type"": ""gce_instance"", ""resource_zone"": ""us-central1-a"", ""vm"": ""mooc-loadgen""}",1
2026-09-27T04:02:00Z,"{""instance_name"": ""mooc-loadgen"", ""loadbalanced"": ""false"", ""resource_instance_id"": ""502815831568494144"", ""resource_project_id"": ""proyecto-2-cloud-509714"", ""resource_type"": ""gce_instance"", ""resource_zone"": ""us-central1-a"", ""vm"": ""mooc-loadgen""}",1
2026-09-27T04:01:00Z,"{""instance_name"": ""mooc-loadgen"", ""loadbalanced"": ""false"", ""resource_instance_id"": ""502815831568494144"", ""resource_project_id"": ""proyecto-2-cloud-509714"", ""resource_type"": ""gce_instance"", ""resource_zone"": ""us-central1-a"", ""vm"": ""mooc-loadgen""}",2
2026-09-27T04:00:00Z,"{""instance_name"": ""mooc-loadgen"", ""loadbalanced"": ""false"", ""resource_instance_id"": ""502815831568494144"", ""resource_project_id"": ""proyecto-2-cloud-509714"", ""resource_type"": ""gce_instance"", ""resource_zone"": ""us-central1-a"", ""vm"": ""mooc-loadgen""}",21
2026-09-27T03:59:00Z,"{""instance_name"": ""mooc-loadgen"", ""loadbalanced"": ""false"", ""resource_instance_id"": ""502815831568494144"", ""resource_project_id"": ""proyecto-2-cloud-509714"", ""resource_type"": ""gce_instance"", ""resource_zone"": ""us-central1-a"", ""vm"": ""mooc-loadgen""}",21
2026-09-27T03:58:00Z,"{""instance_name"": ""mooc-loadgen"", ""loadbalanced"": ""false"", ""resource_instance_id"": ""502815831568494144"", ""resource_project_id"": ""proyecto-2-cloud-509714"", ""resource_type"": ""gce_instance"", ""resource_zone"": ""us-central1-a"", ""vm"": ""mooc-loadgen""}",23
2026-09-27T03:57:00Z,"{""instance_name"": ""mooc-loadgen"", ""loadbalanced"": ""false"", ""resource_instance_id"": ""502815831568494144"", ""resource_project_id"": ""proyecto-2-cloud-509714"", ""resource_type"": ""gce_instance"", ""resource_zone"": ""us-central1-a"", ""vm"": ""mooc-loadgen""}",21
2026-09-27T03:56:00Z,"{""instance_name"": ""mooc-loadgen"", ""loadbalanced"": ""false"", ""resource_instance_id"": ""502815831568494144"", ""resource_project_id"": ""proyecto-2-cloud-509714"", ""resource_type"": ""gce_instance"", ""resource_zone"": ""us-central1-a"", ""vm"": ""mooc-loadgen""}",24
2026-09-27T03:55:00Z,"{""instance_name"": ""mooc-loadgen"", ""loadbalanced"": ""false"", ""resource_instance_id"": ""502815831568494144"", ""resource_project_id"": ""proyecto-2-cloud-509714"", ""resource_type"": ""gce_instance"", ""resource_zone"": ""us-central1-a"", ""vm"": ""mooc-loadgen""}",24
2026-09-27T03:54:00Z,"{""instance_name"": ""mooc-loadgen"", ""loadbalanced"": ""false"", ""resource_instance_id"": ""502815831568494144"", ""resource_project_id"": ""proyecto-2-cloud-509714"", ""resource_type"": ""gce_instance"", ""resource_zone"": ""us-central1-a"", ""vm"": ""mooc-loadgen""}",27
2026-09-27T03:53:00Z,"{""instance_name"": ""mooc-loadgen"", ""loadbalanced"": ""false"", ""resource_instance_id"": ""502815831568494144"", ""resource_project_id"": ""proyecto-2-cloud-509714"", ""resource_type"": ""gce_instance"", ""resource_zone"": ""us-central1-a"", ""vm"": ""mooc-loadgen""}",24
2026-09-27T03:52:00Z,"{""instance_name"": ""mooc-loadgen"", ""loadbalanced"": ""false"", ""resource_instance_id"": ""502815831568494144"", ""resource_project_id"": ""proyecto-2-cloud-509714"", ""resource_type"": ""gce_instance"", ""resource_zone"": ""us-central1-a"", ""vm"": ""mooc-loadgen""}",32
2026-09-27T03:51:00Z,"{""instance_name"": ""mooc-loadgen"", ""loadbalanced"": ""false"", ""resource_instance_id"": ""502815831568494144"", ""resource_project_id"": ""proyecto-2-cloud-509714"", ""resource_type"": ""gce_instance"", ""resource_zone"": ""us-central1-a"", ""vm"": ""mooc-loadgen""}",46
2026-09-27T03:50:00Z,"{""instance_name"": ""mooc-loadgen"", ""loadbalanced"": ""false"", ""resource_instance_id"": ""502815831568494144"", ""resource_project_id"": ""proyecto-2-cloud-509714"", ""resource_type"": ""gce_instance"", ""resource_zone"": ""us-central1-a"", ""vm"": ""mooc-loadgen""}",164
2026-09-27T03:49:00Z,"{""instance_name"": ""mooc-loadgen"", ""loadbalanced"": ""false"", ""resource_instance_id"": ""502815831568494144"", ""resource_project_id"": ""proyecto-2-cloud-509714"", ""resource_type"": ""gce_instance"", ""resource_zone"": ""us-central1-a"", ""vm"": ""mooc-loadgen""}",54
2026-09-27T03:48:00Z,"{""instance_name"": ""mooc-loadgen"", ""loadbalanced"": ""false"", ""resource_instance_id"": ""502815831568494144"", ""resource_project_id"": ""proyecto-2-cloud-509714"", ""resource_type"": ""gce_instance"", ""resource_zone"": ""us-central1-a"", ""vm"": ""mooc-loadgen""}",15
2026-09-27T03:47:00Z,"{""instance_name"": ""mooc-loadgen"", ""loadbalanced"": ""false"", ""resource_instance_id"": ""502815831568494144"", ""resource_project_id"": ""proyecto-2-cloud-509714"", ""resource_type"": ""gce_instance"", ""resource_zone"": ""us-central1-a"", ""vm"": ""mooc-loadgen""}",29
2026-09-27T03:46:00Z,"{""instance_name"": ""mooc-loadgen"", ""loadbalanced"": ""false"", ""resource_instance_id"": ""502815831568494144"", ""resource_project_id"": ""proyecto-2-cloud-509714"", ""resource_type"": ""gce_instance"", ""resource_zone"": ""us-central1-a"", ""vm"": ""mooc-loadgen""}",9
2026-09-27T03:45:00Z,"{""instance_name"": ""mooc-loadgen"", ""loadbalanced"": ""false"", ""resource_instance_id"": ""502815831568494144"", ""resource_project_id"": ""proyecto-2-cloud-509714"", ""resource_type"": ""gce_instance"", ""resource_zone"": ""us-central1-a"", ""vm"": ""mooc-loadgen""}",16385
2026-09-27T03:44:00Z,"{""instance_name"": ""mooc-loadgen"", ""loadbalanced"": ""false"", ""resource_instance_id"": ""502815831568494144"", ""resource_project_id"": ""proyecto-2-cloud-509714"", ""resource_type"": ""gce_instance"", ""resource_zone"": ""us-central1-a"", ""vm"": ""mooc-loadgen""}",103846
2026-09-27T03:43:00Z,"{""instance_name"": ""mooc-loadgen"", ""loadbalanced"": ""false"", ""resource_instance_id"": ""502815831568494144"", ""resource_project_id"": ""proyecto-2-cloud-509714"", ""resource_type"": ""gce_instance"", ""resource_zone"": ""us-central1-a"", ""vm"": ""mooc-loadgen""}",28724
2026-09-27T05:04:00Z,"{""instance_name"": ""mooc-worker"", ""loadbalanced"": ""false"", ""resource_instance_id"": ""8057035535632679842"", ""resource_project_id"": ""proyecto-2-cloud-509714"", ""resource_type"": ""gce_instance"", ""resource_zone"": ""us-central1-a"", ""vm"": ""8057035535632679842""}",20167
2026-09-27T05:03:00Z,"{""instance_name"": ""mooc-worker"", ""loadbalanced"": ""false"", ""resource_instance_id"": ""8057035535632679842"", ""resource_project_id"": ""proyecto-2-cloud-509714"", ""resource_type"": ""gce_instance"", ""resource_zone"": ""us-central1-a"", ""vm"": ""8057035535632679842""}",192994
2026-09-27T05:02:00Z,"{""instance_name"": ""mooc-worker"", ""loadbalanced"": ""false"", ""resource_instance_id"": ""8057035535632679842"", ""resource_project_id"": ""proyecto-2-cloud-509714"", ""resource_type"": ""gce_instance"", ""resource_zone"": ""us-central1-a"", ""vm"": ""8057035535632679842""}",117394
2026-09-27T05:01:00Z,"{""instance_name"": ""mooc-worker"", ""loadbalanced"": ""false"", ""resource_instance_id"": ""8057035535632679842"", ""resource_project_id"": ""proyecto-2-cloud-509714"", ""resource_type"": ""gce_instance"", ""resource_zone"": ""us-central1-a"", ""vm"": ""8057035535632679842""}",161322
2026-09-27T05:00:00Z,"{""instance_name"": ""mooc-worker"", ""loadbalanced"": ""false"", ""resource_instance_id"": ""8057035535632679842"", ""resource_project_id"": ""proyecto-2-cloud-509714"", ""resource_type"": ""gce_instance"", ""resource_zone"": ""us-central1-a"", ""vm"": ""8057035535632679842""}",7853
2026-09-27T04:59:00Z,"{""instance_name"": ""mooc-worker"", ""loadbalanced"": ""false"", ""resource_instance_id"": ""8057035535632679842"", ""resource_project_id"": ""proyecto-2-cloud-509714"", ""resource_type"": ""gce_instance"", ""resource_zone"": ""us-central1-a"", ""vm"": ""8057035535632679842""}",26071
2026-09-27T04:58:00Z,"{""instance_name"": ""mooc-worker"", ""loadbalanced"": ""false"", ""resource_instance_id"": ""8057035535632679842"", ""resource_project_id"": ""proyecto-2-cloud-509714"", ""resource_type"": ""gce_instance"", ""resource_zone"": ""us-central1-a"", ""vm"": ""8057035535632679842""}",306
2026-09-27T04:57:00Z,"{""instance_name"": ""mooc-worker"", ""loadbalanced"": ""false"", ""resource_instance_id"": ""8057035535632679842"", ""resource_project_id"": ""proyecto-2-cloud-509714"", ""resource_type"": ""gce_instance"", ""resource_zone"": ""us-central1-a"", ""vm"": ""8057035535632679842""}",322
2026-09-27T04:56:00Z,"{""instance_name"": ""mooc-worker"", ""loadbalanced"": ""false"", ""resource_instance_id"": ""8057035535632679842"", ""resource_project_id"": ""proyecto-2-cloud-509714"", ""resource_type"": ""gce_instance"", ""resource_zone"": ""us-central1-a"", ""vm"": ""8057035535632679842""}",1067
2026-09-27T04:55:00Z,"{""instance_name"": ""mooc-worker"", ""loadbalanced"": ""false"", ""resource_instance_id"": ""8057035535632679842"", ""resource_project_id"": ""proyecto-2-cloud-509714"", ""resource_type"": ""gce_instance"", ""resource_zone"": ""us-central1-a"", ""vm"": ""8057035535632679842""}",7075
2026-09-27T04:54:00Z,"{""instance_name"": ""mooc-worker"", ""loadbalanced"": ""false"", ""resource_instance_id"": ""8057035535632679842"", ""resource_project_id"": ""proyecto-2-cloud-509714"", ""resource_type"": ""gce_instance"", ""resource_zone"": ""us-central1-a"", ""vm"": ""8057035535632679842""}",2769
2026-09-27T04:53:00Z,"{""instance_name"": ""mooc-worker"", ""loadbalanced"": ""false"", ""resource_instance_id"": ""8057035535632679842"", ""resource_project_id"": ""proyecto-2-cloud-509714"", ""resource_type"": ""gce_instance"", ""resource_zone"": ""us-central1-a"", ""vm"": ""8057035535632679842""}",4864
2026-09-27T04:52:00Z,"{""instance_name"": ""mooc-worker"", ""loadbalanced"": ""false"", ""resource_instance_id"": ""8057035535632679842"", ""resource_project_id"": ""proyecto-2-cloud-509714"", ""resource_type"": ""gce_instance"", ""resource_zone"": ""us-central1-a"", ""vm"": ""8057035535632679842""}",2058
2026-09-27T04:51:00Z,"{""instance_name"": ""mooc-worker"", ""loadbalanced"": ""false"", ""resource_instance_id"": ""8057035535632679842"", ""resource_project_id"": ""proyecto-2-cloud-509714"", ""resource_type"": ""gce_instance"", ""resource_zone"": ""us-central1-a"", ""vm"": ""8057035535632679842""}",1997
2026-09-27T04:50:00Z,"{""instance_name"": ""mooc-worker"", ""loadbalanced"": ""false"", ""resource_instance_id"": ""8057035535632679842"", ""resource_project_id"": ""proyecto-2-cloud-509714"", ""resource_type"": ""gce_instance"", ""resource_zone"": ""us-central1-a"", ""vm"": ""8057035535632679842""}",10233
2026-09-27T04:49:00Z,"{""instance_name"": ""mooc-worker"", ""loadbalanced"": ""false"", ""resource_instance_id"": ""8057035535632679842"", ""resource_project_id"": ""proyecto-2-cloud-509714"", ""resource_type"": ""gce_instance"", ""resource_zone"": ""us-central1-a"", ""vm"": ""8057035535632679842""}",867
2026-09-27T04:48:00Z,"{""instance_name"": ""mooc-worker"", ""loadbalanced"": ""false"", ""resource_instance_id"": ""8057035535632679842"", ""resource_project_id"": ""proyecto-2-cloud-509714"", ""resource_type"": ""gce_instance"", ""resource_zone"": ""us-central1-a"", ""vm"": ""8057035535632679842""}",1781
2026-09-27T04:47:00Z,"{""instance_name"": ""mooc-worker"", ""loadbalanced"": ""false"", ""resource_instance_id"": ""8057035535632679842"", ""resource_project_id"": ""proyecto-2-cloud-509714"", ""resource_type"": ""gce_instance"", ""resource_zone"": ""us-central1-a"", ""vm"": ""8057035535632679842""}",9490
2026-09-27T04:46:00Z,"{""instance_name"": ""mooc-worker"", ""loadbalanced"": ""false"", ""resource_instance_id"": ""8057035535632679842"", ""resource_project_id"": ""proyecto-2-cloud-509714"", ""resource_type"": ""gce_instance"", ""resource_zone"": ""us-central1-a"", ""vm"": ""8057035535632679842""}",8339
2026-09-27T04:45:00Z,"{""instance_name"": ""mooc-worker"", ""loadbalanced"": ""false"", ""resource_instance_id"": ""8057035535632679842"", ""resource_project_id"": ""proyecto-2-cloud-509714"", ""resource_type"": ""gce_instance"", ""resource_zone"": ""us-central1-a"", ""vm"": ""8057035535632679842""}",46979
2026-09-27T04:44:00Z,"{""instance_name"": ""mooc-worker"", ""loadbalanced"": ""false"", ""resource_instance_id"": ""8057035535632679842"", ""resource_project_id"": ""proyecto-2-cloud-509714"", ""resource_type"": ""gce_instance"", ""resource_zone"": ""us-central1-a"", ""vm"": ""8057035535632679842""}",34240
2026-09-27T04:43:00Z,"{""instance_name"": ""mooc-worker"", ""loadbalanced"": ""false"", ""resource_instance_id"": ""8057035535632679842"", ""resource_project_id"": ""proyecto-2-cloud-509714"", ""resource_type"": ""gce_instance"", ""resource_zone"": ""us-central1-a"", ""vm"": ""8057035535632679842""}",23709
2026-09-27T04:42:00Z,"{""instance_name"": ""mooc-worker"", ""loadbalanced"": ""false"", ""resource_instance_id"": ""8057035535632679842"", ""resource_project_id"": ""proyecto-2-cloud-509714"", ""resource_type"": ""gce_instance"", ""resource_zone"": ""us-central1-a"", ""vm"": ""8057035535632679842""}",2998
2026-09-27T04:41:00Z,"{""instance_name"": ""mooc-worker"", ""loadbalanced"": ""false"", ""resource_instance_id"": ""8057035535632679842"", ""resource_project_id"": ""proyecto-2-cloud-509714"", ""resource_type"": ""gce_instance"", ""resource_zone"": ""us-central1-a"", ""vm"": ""8057035535632679842""}",331
2026-09-27T04:40:00Z,"{""instance_name"": ""mooc-worker"", ""loadbalanced"": ""false"", ""resource_instance_id"": ""8057035535632679842"", ""resource_project_id"": ""proyecto-2-cloud-509714"", ""resource_type"": ""gce_instance"", ""resource_zone"": ""us-central1-a"", ""vm"": ""8057035535632679842""}",695
2026-09-27T04:39:00Z,"{""instance_name"": ""mooc-worker"", ""loadbalanced"": ""false"", ""resource_instance_id"": ""8057035535632679842"", ""resource_project_id"": ""proyecto-2-cloud-509714"", ""resource_type"": ""gce_instance"", ""resource_zone"": ""us-central1-a"", ""vm"": ""8057035535632679842""}",4350
2026-09-27T04:38:00Z,"{""instance_name"": ""mooc-worker"", ""loadbalanced"": ""false"", ""resource_instance_id"": ""8057035535632679842"", ""resource_project_id"": ""proyecto-2-cloud-509714"", ""resource_type"": ""gce_instance"", ""resource_zone"": ""us-central1-a"", ""vm"": ""8057035535632679842""}",176
2026-09-27T04:37:00Z,"{""instance_name"": ""mooc-worker"", ""loadbalanced"": ""false"", ""resource_instance_id"": ""8057035535632679842"", ""resource_project_id"": ""proyecto-2-cloud-509714"", ""resource_type"": ""gce_instance"", ""resource_zone"": ""us-central1-a"", ""vm"": ""8057035535632679842""}",379
2026-09-27T04:36:00Z,"{""instance_name"": ""mooc-worker"", ""loadbalanced"": ""false"", ""resource_instance_id"": ""8057035535632679842"", ""resource_project_id"": ""proyecto-2-cloud-509714"", ""resource_type"": ""gce_instance"", ""resource_zone"": ""us-central1-a"", ""vm"": ""8057035535632679842""}",2590
2026-09-27T04:35:00Z,"{""instance_name"": ""mooc-worker"", ""loadbalanced"": ""false"", ""resource_instance_id"": ""8057035535632679842"", ""resource_project_id"": ""proyecto-2-cloud-509714"", ""resource_type"": ""gce_instance"", ""resource_zone"": ""us-central1-a"", ""vm"": ""8057035535632679842""}",7042
2026-09-27T04:34:00Z,"{""instance_name"": ""mooc-worker"", ""loadbalanced"": ""false"", ""resource_instance_id"": ""8057035535632679842"", ""resource_project_id"": ""proyecto-2-cloud-509714"", ""resource_type"": ""gce_instance"", ""resource_zone"": ""us-central1-a"", ""vm"": ""8057035535632679842""}",1020
2026-09-27T04:33:00Z,"{""instance_name"": ""mooc-worker"", ""loadbalanced"": ""false"", ""resource_instance_id"": ""8057035535632679842"", ""resource_project_id"": ""proyecto-2-cloud-509714"", ""resource_type"": ""gce_instance"", ""resource_zone"": ""us-central1-a"", ""vm"": ""8057035535632679842""}",4898
2026-09-27T04:32:00Z,"{""instance_name"": ""mooc-worker"", ""loadbalanced"": ""false"", ""resource_instance_id"": ""8057035535632679842"", ""resource_project_id"": ""proyecto-2-cloud-509714"", ""resource_type"": ""gce_instance"", ""resource_zone"": ""us-central1-a"", ""vm"": ""8057035535632679842""}",1986
2026-09-27T04:31:00Z,"{""instance_name"": ""mooc-worker"", ""loadbalanced"": ""false"", ""resource_instance_id"": ""8057035535632679842"", ""resource_project_id"": ""proyecto-2-cloud-509714"", ""resource_type"": ""gce_instance"", ""resource_zone"": ""us-central1-a"", ""vm"": ""8057035535632679842""}",628
2026-09-27T04:30:00Z,"{""instance_name"": ""mooc-worker"", ""loadbalanced"": ""false"", ""resource_instance_id"": ""8057035535632679842"", ""resource_project_id"": ""proyecto-2-cloud-509714"", ""resource_type"": ""gce_instance"", ""resource_zone"": ""us-central1-a"", ""vm"": ""8057035535632679842""}",514
2026-09-27T04:29:00Z,"{""instance_name"": ""mooc-worker"", ""loadbalanced"": ""false"", ""resource_instance_id"": ""8057035535632679842"", ""resource_project_id"": ""proyecto-2-cloud-509714"", ""resource_type"": ""gce_instance"", ""resource_zone"": ""us-central1-a"", ""vm"": ""8057035535632679842""}",15964
2026-09-27T04:28:00Z,"{""instance_name"": ""mooc-worker"", ""loadbalanced"": ""false"", ""resource_instance_id"": ""8057035535632679842"", ""resource_project_id"": ""proyecto-2-cloud-509714"", ""resource_type"": ""gce_instance"", ""resource_zone"": ""us-central1-a"", ""vm"": ""8057035535632679842""}",142563
2026-09-27T04:27:00Z,"{""instance_name"": ""mooc-worker"", ""loadbalanced"": ""false"", ""resource_instance_id"": ""8057035535632679842"", ""resource_project_id"": ""proyecto-2-cloud-509714"", ""resource_type"": ""gce_instance"", ""resource_zone"": ""us-central1-a"", ""vm"": ""8057035535632679842""}",214
2026-09-27T04:26:00Z,"{""instance_name"": ""mooc-worker"", ""loadbalanced"": ""false"", ""resource_instance_id"": ""8057035535632679842"", ""resource_project_id"": ""proyecto-2-cloud-509714"", ""resource_type"": ""gce_instance"", ""resource_zone"": ""us-central1-a"", ""vm"": ""8057035535632679842""}",34
2026-09-27T04:25:00Z,"{""instance_name"": ""mooc-worker"", ""loadbalanced"": ""false"", ""resource_instance_id"": ""8057035535632679842"", ""resource_project_id"": ""proyecto-2-cloud-509714"", ""resource_type"": ""gce_instance"", ""resource_zone"": ""us-central1-a"", ""vm"": ""8057035535632679842""}",71
2026-09-27T04:24:00Z,"{""instance_name"": ""mooc-worker"", ""loadbalanced"": ""false"", ""resource_instance_id"": ""8057035535632679842"", ""resource_project_id"": ""proyecto-2-cloud-509714"", ""resource_type"": ""gce_instance"", ""resource_zone"": ""us-central1-a"", ""vm"": ""8057035535632679842""}",96
2026-09-27T04:23:00Z,"{""instance_name"": ""mooc-worker"", ""loadbalanced"": ""false"", ""resource_instance_id"": ""8057035535632679842"", ""resource_project_id"": ""proyecto-2-cloud-509714"", ""resource_type"": ""gce_instance"", ""resource_zone"": ""us-central1-a"", ""vm"": ""8057035535632679842""}",76
2026-09-27T04:22:00Z,"{""instance_name"": ""mooc-worker"", ""loadbalanced"": ""false"", ""resource_instance_id"": ""8057035535632679842"", ""resource_project_id"": ""proyecto-2-cloud-509714"", ""resource_type"": ""gce_instance"", ""resource_zone"": ""us-central1-a"", ""vm"": ""8057035535632679842""}",66
2026-09-27T04:21:00Z,"{""instance_name"": ""mooc-worker"", ""loadbalanced"": ""false"", ""resource_instance_id"": ""8057035535632679842"", ""resource_project_id"": ""proyecto-2-cloud-509714"", ""resource_type"": ""gce_instance"", ""resource_zone"": ""us-central1-a"", ""vm"": ""8057035535632679842""}",15221
2026-09-27T04:20:00Z,"{""instance_name"": ""mooc-worker"", ""loadbalanced"": ""false"", ""resource_instance_id"": ""8057035535632679842"", ""resource_project_id"": ""proyecto-2-cloud-509714"", ""resource_type"": ""gce_instance"", ""resource_zone"": ""us-central1-a"", ""vm"": ""8057035535632679842""}",136766
2026-09-27T04:19:00Z,"{""instance_name"": ""mooc-worker"", ""loadbalanced"": ""false"", ""resource_instance_id"": ""8057035535632679842"", ""resource_project_id"": ""proyecto-2-cloud-509714"", ""resource_type"": ""gce_instance"", ""resource_zone"": ""us-central1-a"", ""vm"": ""8057035535632679842""}",49
2026-09-27T04:18:00Z,"{""instance_name"": ""mooc-worker"", ""loadbalanced"": ""false"", ""resource_instance_id"": ""8057035535632679842"", ""resource_project_id"": ""proyecto-2-cloud-509714"", ""resource_type"": ""gce_instance"", ""resource_zone"": ""us-central1-a"", ""vm"": ""8057035535632679842""}",42
2026-09-27T04:17:00Z,"{""instance_name"": ""mooc-worker"", ""loadbalanced"": ""false"", ""resource_instance_id"": ""8057035535632679842"", ""resource_project_id"": ""proyecto-2-cloud-509714"", ""resource_type"": ""gce_instance"", ""resource_zone"": ""us-central1-a"", ""vm"": ""8057035535632679842""}",49
2026-09-27T04:16:00Z,"{""instance_name"": ""mooc-worker"", ""loadbalanced"": ""false"", ""resource_instance_id"": ""8057035535632679842"", ""resource_project_id"": ""proyecto-2-cloud-509714"", ""resource_type"": ""gce_instance"", ""resource_zone"": ""us-central1-a"", ""vm"": ""8057035535632679842""}",71
2026-09-27T04:15:00Z,"{""instance_name"": ""mooc-worker"", ""loadbalanced"": ""false"", ""resource_instance_id"": ""8057035535632679842"", ""resource_project_id"": ""proyecto-2-cloud-509714"", ""resource_type"": ""gce_instance"", ""resource_zone"": ""us-central1-a"", ""vm"": ""8057035535632679842""}",95
2026-09-27T04:14:00Z,"{""instance_name"": ""mooc-worker"", ""loadbalanced"": ""false"", ""resource_instance_id"": ""8057035535632679842"", ""resource_project_id"": ""proyecto-2-cloud-509714"", ""resource_type"": ""gce_instance"", ""resource_zone"": ""us-central1-a"", ""vm"": ""8057035535632679842""}",76
2026-09-27T04:13:00Z,"{""instance_name"": ""mooc-worker"", ""loadbalanced"": ""false"", ""resource_instance_id"": ""8057035535632679842"", ""resource_project_id"": ""proyecto-2-cloud-509714"", ""resource_type"": ""gce_instance"", ""resource_zone"": ""us-central1-a"", ""vm"": ""8057035535632679842""}",1233
2026-09-27T04:12:00Z,"{""instance_name"": ""mooc-worker"", ""loadbalanced"": ""false"", ""resource_instance_id"": ""8057035535632679842"", ""resource_project_id"": ""proyecto-2-cloud-509714"", ""resource_type"": ""gce_instance"", ""resource_zone"": ""us-central1-a"", ""vm"": ""8057035535632679842""}",25673
2026-09-27T04:11:00Z,"{""instance_name"": ""mooc-worker"", ""loadbalanced"": ""false"", ""resource_instance_id"": ""8057035535632679842"", ""resource_project_id"": ""proyecto-2-cloud-509714"", ""resource_type"": ""gce_instance"", ""resource_zone"": ""us-central1-a"", ""vm"": ""8057035535632679842""}",136939
2026-09-27T04:10:00Z,"{""instance_name"": ""mooc-worker"", ""loadbalanced"": ""false"", ""resource_instance_id"": ""8057035535632679842"", ""resource_project_id"": ""proyecto-2-cloud-509714"", ""resource_type"": ""gce_instance"", ""resource_zone"": ""us-central1-a"", ""vm"": ""8057035535632679842""}",69
2026-09-27T04:09:00Z,"{""instance_name"": ""mooc-worker"", ""loadbalanced"": ""false"", ""resource_instance_id"": ""8057035535632679842"", ""resource_project_id"": ""proyecto-2-cloud-509714"", ""resource_type"": ""gce_instance"", ""resource_zone"": ""us-central1-a"", ""vm"": ""8057035535632679842""}",78
2026-09-27T04:08:00Z,"{""instance_name"": ""mooc-worker"", ""loadbalanced"": ""false"", ""resource_instance_id"": ""8057035535632679842"", ""resource_project_id"": ""proyecto-2-cloud-509714"", ""resource_type"": ""gce_instance"", ""resource_zone"": ""us-central1-a"", ""vm"": ""8057035535632679842""}",132
2026-09-27T04:07:00Z,"{""instance_name"": ""mooc-worker"", ""loadbalanced"": ""false"", ""resource_instance_id"": ""8057035535632679842"", ""resource_project_id"": ""proyecto-2-cloud-509714"", ""resource_type"": ""gce_instance"", ""resource_zone"": ""us-central1-a"", ""vm"": ""8057035535632679842""}",66
2026-09-27T04:06:00Z,"{""instance_name"": ""mooc-worker"", ""loadbalanced"": ""false"", ""resource_instance_id"": ""8057035535632679842"", ""resource_project_id"": ""proyecto-2-cloud-509714"", ""resource_type"": ""gce_instance"", ""resource_zone"": ""us-central1-a"", ""vm"": ""8057035535632679842""}",64
2026-09-27T04:05:00Z,"{""instance_name"": ""mooc-worker"", ""loadbalanced"": ""false"", ""resource_instance_id"": ""8057035535632679842"", ""resource_project_id"": ""proyecto-2-cloud-509714"", ""resource_type"": ""gce_instance"", ""resource_zone"": ""us-central1-a"", ""vm"": ""8057035535632679842""}",63
2026-09-27T04:04:00Z,"{""instance_name"": ""mooc-worker"", ""loadbalanced"": ""false"", ""resource_instance_id"": ""8057035535632679842"", ""resource_project_id"": ""proyecto-2-cloud-509714"", ""resource_type"": ""gce_instance"", ""resource_zone"": ""us-central1-a"", ""vm"": ""8057035535632679842""}",58
2026-09-27T04:03:00Z,"{""instance_name"": ""mooc-worker"", ""loadbalanced"": ""false"", ""resource_instance_id"": ""8057035535632679842"", ""resource_project_id"": ""proyecto-2-cloud-509714"", ""resource_type"": ""gce_instance"", ""resource_zone"": ""us-central1-a"", ""vm"": ""8057035535632679842""}",44
2026-09-27T04:02:00Z,"{""instance_name"": ""mooc-worker"", ""loadbalanced"": ""false"", ""resource_instance_id"": ""8057035535632679842"", ""resource_project_id"": ""proyecto-2-cloud-509714"", ""resource_type"": ""gce_instance"", ""resource_zone"": ""us-central1-a"", ""vm"": ""8057035535632679842""}",57
2026-09-27T04:01:00Z,"{""instance_name"": ""mooc-worker"", ""loadbalanced"": ""false"", ""resource_instance_id"": ""8057035535632679842"", ""resource_project_id"": ""proyecto-2-cloud-509714"", ""resource_type"": ""gce_instance"", ""resource_zone"": ""us-central1-a"", ""vm"": ""8057035535632679842""}",52
2026-09-27T04:00:00Z,"{""instance_name"": ""mooc-worker"", ""loadbalanced"": ""false"", ""resource_instance_id"": ""8057035535632679842"", ""resource_project_id"": ""proyecto-2-cloud-509714"", ""resource_type"": ""gce_instance"", ""resource_zone"": ""us-central1-a"", ""vm"": ""8057035535632679842""}",63
2026-09-27T03:59:00Z,"{""instance_name"": ""mooc-worker"", ""loadbalanced"": ""false"", ""resource_instance_id"": ""8057035535632679842"", ""resource_project_id"": ""proyecto-2-cloud-509714"", ""resource_type"": ""gce_instance"", ""resource_zone"": ""us-central1-a"", ""vm"": ""8057035535632679842""}",81
2026-09-27T03:58:00Z,"{""instance_name"": ""mooc-worker"", ""loadbalanced"": ""false"", ""resource_instance_id"": ""8057035535632679842"", ""resource_project_id"": ""proyecto-2-cloud-509714"", ""resource_type"": ""gce_instance"", ""resource_zone"": ""us-central1-a"", ""vm"": ""8057035535632679842""}",60
2026-09-27T03:57:00Z,"{""instance_name"": ""mooc-worker"", ""loadbalanced"": ""false"", ""resource_instance_id"": ""8057035535632679842"", ""resource_project_id"": ""proyecto-2-cloud-509714"", ""resource_type"": ""gce_instance"", ""resource_zone"": ""us-central1-a"", ""vm"": ""8057035535632679842""}",57
2026-09-27T03:56:00Z,"{""instance_name"": ""mooc-worker"", ""loadbalanced"": ""false"", ""resource_instance_id"": ""8057035535632679842"", ""resource_project_id"": ""proyecto-2-cloud-509714"", ""resource_type"": ""gce_instance"", ""resource_zone"": ""us-central1-a"", ""vm"": ""8057035535632679842""}",73
2026-09-27T03:55:00Z,"{""instance_name"": ""mooc-worker"", ""loadbalanced"": ""false"", ""resource_instance_id"": ""8057035535632679842"", ""resource_project_id"": ""proyecto-2-cloud-509714"", ""resource_type"": ""gce_instance"", ""resource_zone"": ""us-central1-a"", ""vm"": ""8057035535632679842""}",64
2026-09-27T03:54:00Z,"{""instance_name"": ""mooc-worker"", ""loadbalanced"": ""false"", ""resource_instance_id"": ""8057035535632679842"", ""resource_project_id"": ""proyecto-2-cloud-509714"", ""resource_type"": ""gce_instance"", ""resource_zone"": ""us-central1-a"", ""vm"": ""8057035535632679842""}",221
2026-09-27T03:53:00Z,"{""instance_name"": ""mooc-worker"", ""loadbalanced"": ""false"", ""resource_instance_id"": ""8057035535632679842"", ""resource_project_id"": ""proyecto-2-cloud-509714"", ""resource_type"": ""gce_instance"", ""resource_zone"": ""us-central1-a"", ""vm"": ""8057035535632679842""}",157
2026-09-27T03:52:00Z,"{""instance_name"": ""mooc-worker"", ""loadbalanced"": ""false"", ""resource_instance_id"": ""8057035535632679842"", ""resource_project_id"": ""proyecto-2-cloud-509714"", ""resource_type"": ""gce_instance"", ""resource_zone"": ""us-central1-a"", ""vm"": ""8057035535632679842""}",234
2026-09-27T03:51:00Z,"{""instance_name"": ""mooc-worker"", ""loadbalanced"": ""false"", ""resource_instance_id"": ""8057035535632679842"", ""resource_project_id"": ""proyecto-2-cloud-509714"", ""resource_type"": ""gce_instance"", ""resource_zone"": ""us-central1-a"", ""vm"": ""8057035535632679842""}",224
2026-09-27T03:50:00Z,"{""instance_name"": ""mooc-worker"", ""loadbalanced"": ""false"", ""resource_instance_id"": ""8057035535632679842"", ""resource_project_id"": ""proyecto-2-cloud-509714"", ""resource_type"": ""gce_instance"", ""resource_zone"": ""us-central1-a"", ""vm"": ""8057035535632679842""}",206
2026-09-27T03:49:00Z,"{""instance_name"": ""mooc-worker"", ""loadbalanced"": ""false"", ""resource_instance_id"": ""8057035535632679842"", ""resource_project_id"": ""proyecto-2-cloud-509714"", ""resource_type"": ""gce_instance"", ""resource_zone"": ""us-central1-a"", ""vm"": ""8057035535632679842""}",118
2026-09-27T03:48:00Z,"{""instance_name"": ""mooc-worker"", ""loadbalanced"": ""false"", ""resource_instance_id"": ""8057035535632679842"", ""resource_project_id"": ""proyecto-2-cloud-509714"", ""resource_type"": ""gce_instance"", ""resource_zone"": ""us-central1-a"", ""vm"": ""8057035535632679842""}",1546
2026-09-27T03:47:00Z,"{""instance_name"": ""mooc-worker"", ""loadbalanced"": ""false"", ""resource_instance_id"": ""8057035535632679842"", ""resource_project_id"": ""proyecto-2-cloud-509714"", ""resource_type"": ""gce_instance"", ""resource_zone"": ""us-central1-a"", ""vm"": ""8057035535632679842""}",13229
2026-09-27T03:46:00Z,"{""instance_name"": ""mooc-worker"", ""loadbalanced"": ""false"", ""resource_instance_id"": ""8057035535632679842"", ""resource_project_id"": ""proyecto-2-cloud-509714"", ""resource_type"": ""gce_instance"", ""resource_zone"": ""us-central1-a"", ""vm"": ""8057035535632679842""}",4154
2026-09-27T03:45:00Z,"{""instance_name"": ""mooc-worker"", ""loadbalanced"": ""false"", ""resource_instance_id"": ""8057035535632679842"", ""resource_project_id"": ""proyecto-2-cloud-509714"", ""resource_type"": ""gce_instance"", ""resource_zone"": ""us-central1-a"", ""vm"": ""8057035535632679842""}",10605
2026-09-27T03:44:00Z,"{""instance_name"": ""mooc-worker"", ""loadbalanced"": ""false"", ""resource_instance_id"": ""8057035535632679842"", ""resource_project_id"": ""proyecto-2-cloud-509714"", ""resource_type"": ""gce_instance"", ""resource_zone"": ""us-central1-a"", ""vm"": ""8057035535632679842""}",3177
2026-09-27T03:43:00Z,"{""instance_name"": ""mooc-worker"", ""loadbalanced"": ""false"", ""resource_instance_id"": ""8057035535632679842"", ""resource_project_id"": ""proyecto-2-cloud-509714"", ""resource_type"": ""gce_instance"", ""resource_zone"": ""us-central1-a"", ""vm"": ""8057035535632679842""}",6055
2026-09-27T03:42:00Z,"{""instance_name"": ""mooc-worker"", ""loadbalanced"": ""false"", ""resource_instance_id"": ""8057035535632679842"", ""resource_project_id"": ""proyecto-2-cloud-509714"", ""resource_type"": ""gce_instance"", ""resource_zone"": ""us-central1-a"", ""vm"": ""8057035535632679842""}",1453
2026-09-27T03:41:00Z,"{""instance_name"": ""mooc-worker"", ""loadbalanced"": ""false"", ""resource_instance_id"": ""8057035535632679842"", ""resource_project_id"": ""proyecto-2-cloud-509714"", ""resource_type"": ""gce_instance"", ""resource_zone"": ""us-central1-a"", ""vm"": ""8057035535632679842""}",1883
2026-09-27T03:40:00Z,"{""instance_name"": ""mooc-worker"", ""loadbalanced"": ""false"", ""resource_instance_id"": ""8057035535632679842"", ""resource_project_id"": ""proyecto-2-cloud-509714"", ""resource_type"": ""gce_instance"", ""resource_zone"": ""us-central1-a"", ""vm"": ""8057035535632679842""}",1861
2026-09-27T03:39:00Z,"{""instance_name"": ""mooc-worker"", ""loadbalanced"": ""false"", ""resource_instance_id"": ""8057035535632679842"", ""resource_project_id"": ""proyecto-2-cloud-509714"", ""resource_type"": ""gce_instance"", ""resource_zone"": ""us-central1-a"", ""vm"": ""8057035535632679842""}",1784
2026-09-27T03:38:00Z,"{""instance_name"": ""mooc-worker"", ""loadbalanced"": ""false"", ""resource_instance_id"": ""8057035535632679842"", ""resource_project_id"": ""proyecto-2-cloud-509714"", ""resource_type"": ""gce_instance"", ""resource_zone"": ""us-central1-a"", ""vm"": ""8057035535632679842""}",4120
2026-09-27T03:37:00Z,"{""instance_name"": ""mooc-worker"", ""loadbalanced"": ""false"", ""resource_instance_id"": ""8057035535632679842"", ""resource_project_id"": ""proyecto-2-cloud-509714"", ""resource_type"": ""gce_instance"", ""resource_zone"": ""us-central1-a"", ""vm"": ""8057035535632679842""}",2294
2026-09-27T03:36:00Z,"{""instance_name"": ""mooc-worker"", ""loadbalanced"": ""false"", ""resource_instance_id"": ""8057035535632679842"", ""resource_project_id"": ""proyecto-2-cloud-509714"", ""resource_type"": ""gce_instance"", ""resource_zone"": ""us-central1-a"", ""vm"": ""8057035535632679842""}",2491
2026-09-27T03:35:00Z,"{""instance_name"": ""mooc-worker"", ""loadbalanced"": ""false"", ""resource_instance_id"": ""8057035535632679842"", ""resource_project_id"": ""proyecto-2-cloud-509714"", ""resource_type"": ""gce_instance"", ""resource_zone"": ""us-central1-a"", ""vm"": ""8057035535632679842""}",2359
2026-09-27T03:34:00Z,"{""instance_name"": ""mooc-worker"", ""loadbalanced"": ""false"", ""resource_instance_id"": ""8057035535632679842"", ""resource_project_id"": ""proyecto-2-cloud-509714"", ""resource_type"": ""gce_instance"", ""resource_zone"": ""us-central1-a"", ""vm"": ""8057035535632679842""}",2296
2026-09-27T03:33:00Z,"{""instance_name"": ""mooc-worker"", ""loadbalanced"": ""false"", ""resource_instance_id"": ""8057035535632679842"", ""resource_project_id"": ""proyecto-2-cloud-509714"", ""resource_type"": ""gce_instance"", ""resource_zone"": ""us-central1-a"", ""vm"": ""8057035535632679842""}",3739
2026-09-27T03:32:00Z,"{""instance_name"": ""mooc-worker"", ""loadbalanced"": ""false"", ""resource_instance_id"": ""8057035535632679842"", ""resource_project_id"": ""proyecto-2-cloud-509714"", ""resource_type"": ""gce_instance"", ""resource_zone"": ""us-central1-a"", ""vm"": ""8057035535632679842""}",2226
2026-09-27T03:31:00Z,"{""instance_name"": ""mooc-worker"", ""loadbalanced"": ""false"", ""resource_instance_id"": ""8057035535632679842"", ""resource_project_id"": ""proyecto-2-cloud-509714"", ""resource_type"": ""gce_instance"", ""resource_zone"": ""us-central1-a"", ""vm"": ""8057035535632679842""}",1900
2026-09-27T03:30:00Z,"{""instance_name"": ""mooc-worker"", ""loadbalanced"": ""false"", ""resource_instance_id"": ""8057035535632679842"", ""resource_project_id"": ""proyecto-2-cloud-509714"", ""resource_type"": ""gce_instance"", ""resource_zone"": ""us-central1-a"", ""vm"": ""8057035535632679842""}",1976
2026-09-27T03:29:00Z,"{""instance_name"": ""mooc-worker"", ""loadbalanced"": ""false"", ""resource_instance_id"": ""8057035535632679842"", ""resource_project_id"": ""proyecto-2-cloud-509714"", ""resource_type"": ""gce_instance"", ""resource_zone"": ""us-central1-a"", ""vm"": ""8057035535632679842""}",1942
2026-09-27T03:28:00Z,"{""instance_name"": ""mooc-worker"", ""loadbalanced"": ""false"", ""resource_instance_id"": ""8057035535632679842"", ""resource_project_id"": ""proyecto-2-cloud-509714"", ""resource_type"": ""gce_instance"", ""resource_zone"": ""us-central1-a"", ""vm"": ""8057035535632679842""}",3423
2026-09-27T03:27:00Z,"{""instance_name"": ""mooc-worker"", ""loadbalanced"": ""false"", ""resource_instance_id"": ""8057035535632679842"", ""resource_project_id"": ""proyecto-2-cloud-509714"", ""resource_type"": ""gce_instance"", ""resource_zone"": ""us-central1-a"", ""vm"": ""8057035535632679842""}",2206
2026-09-27T03:26:00Z,"{""instance_name"": ""mooc-worker"", ""loadbalanced"": ""false"", ""resource_instance_id"": ""8057035535632679842"", ""resource_project_id"": ""proyecto-2-cloud-509714"", ""resource_type"": ""gce_instance"", ""resource_zone"": ""us-central1-a"", ""vm"": ""8057035535632679842""}",1269
2026-09-27T03:25:00Z,"{""instance_name"": ""mooc-worker"", ""loadbalanced"": ""false"", ""resource_instance_id"": ""8057035535632679842"", ""resource_project_id"": ""proyecto-2-cloud-509714"", ""resource_type"": ""gce_instance"", ""resource_zone"": ""us-central1-a"", ""vm"": ""8057035535632679842""}",1328
2026-09-27T03:24:00Z,"{""instance_name"": ""mooc-worker"", ""loadbalanced"": ""false"", ""resource_instance_id"": ""8057035535632679842"", ""resource_project_id"": ""proyecto-2-cloud-509714"", ""resource_type"": ""gce_instance"", ""resource_zone"": ""us-central1-a"", ""vm"": ""8057035535632679842""}",1610
2026-09-27T03:23:00Z,"{""instance_name"": ""mooc-worker"", ""loadbalanced"": ""false"", ""resource_instance_id"": ""8057035535632679842"", ""resource_project_id"": ""proyecto-2-cloud-509714"", ""resource_type"": ""gce_instance"", ""resource_zone"": ""us-central1-a"", ""vm"": ""8057035535632679842""}",4104
2026-09-27T03:22:00Z,"{""instance_name"": ""mooc-worker"", ""loadbalanced"": ""false"", ""resource_instance_id"": ""8057035535632679842"", ""resource_project_id"": ""proyecto-2-cloud-509714"", ""resource_type"": ""gce_instance"", ""resource_zone"": ""us-central1-a"", ""vm"": ""8057035535632679842""}",1144
2026-09-27T03:21:00Z,"{""instance_name"": ""mooc-worker"", ""loadbalanced"": ""false"", ""resource_instance_id"": ""8057035535632679842"", ""resource_project_id"": ""proyecto-2-cloud-509714"", ""resource_type"": ""gce_instance"", ""resource_zone"": ""us-central1-a"", ""vm"": ""8057035535632679842""}",1010
2026-09-27T03:20:00Z,"{""instance_name"": ""mooc-worker"", ""loadbalanced"": ""false"", ""resource_instance_id"": ""8057035535632679842"", ""resource_project_id"": ""proyecto-2-cloud-509714"", ""resource_type"": ""gce_instance"", ""resource_zone"": ""us-central1-a"", ""vm"": ""8057035535632679842""}",931
2026-09-27T03:19:00Z,"{""instance_name"": ""mooc-worker"", ""loadbalanced"": ""false"", ""resource_instance_id"": ""8057035535632679842"", ""resource_project_id"": ""proyecto-2-cloud-509714"", ""resource_type"": ""gce_instance"", ""resource_zone"": ""us-central1-a"", ""vm"": ""8057035535632679842""}",1254
2026-09-27T03:18:00Z,"{""instance_name"": ""mooc-worker"", ""loadbalanced"": ""false"", ""resource_instance_id"": ""8057035535632679842"", ""resource_project_id"": ""proyecto-2-cloud-509714"", ""resource_type"": ""gce_instance"", ""resource_zone"": ""us-central1-a"", ""vm"": ""8057035535632679842""}",4350
2026-09-27T03:17:00Z,"{""instance_name"": ""mooc-worker"", ""loadbalanced"": ""false"", ""resource_instance_id"": ""8057035535632679842"", ""resource_project_id"": ""proyecto-2-cloud-509714"", ""resource_type"": ""gce_instance"", ""resource_zone"": ""us-central1-a"", ""vm"": ""8057035535632679842""}",656
2026-09-27T03:16:00Z,"{""instance_name"": ""mooc-worker"", ""loadbalanced"": ""false"", ""resource_instance_id"": ""8057035535632679842"", ""resource_project_id"": ""proyecto-2-cloud-509714"", ""resource_type"": ""gce_instance"", ""resource_zone"": ""us-central1-a"", ""vm"": ""8057035535632679842""}",726
2026-09-27T03:15:00Z,"{""instance_name"": ""mooc-worker"", ""loadbalanced"": ""false"", ""resource_instance_id"": ""8057035535632679842"", ""resource_project_id"": ""proyecto-2-cloud-509714"", ""resource_type"": ""gce_instance"", ""resource_zone"": ""us-central1-a"", ""vm"": ""8057035535632679842""}",1022
2026-09-27T03:14:00Z,"{""instance_name"": ""mooc-worker"", ""loadbalanced"": ""false"", ""resource_instance_id"": ""8057035535632679842"", ""resource_project_id"": ""proyecto-2-cloud-509714"", ""resource_type"": ""gce_instance"", ""resource_zone"": ""us-central1-a"", ""vm"": ""8057035535632679842""}",3393
2026-09-27T03:13:00Z,"{""instance_name"": ""mooc-worker"", ""loadbalanced"": ""false"", ""resource_instance_id"": ""8057035535632679842"", ""resource_project_id"": ""proyecto-2-cloud-509714"", ""resource_type"": ""gce_instance"", ""resource_zone"": ""us-central1-a"", ""vm"": ""8057035535632679842""}",1806
2026-09-27T03:12:00Z,"{""instance_name"": ""mooc-worker"", ""loadbalanced"": ""false"", ""resource_instance_id"": ""8057035535632679842"", ""resource_project_id"": ""proyecto-2-cloud-509714"", ""resource_type"": ""gce_instance"", ""resource_zone"": ""us-central1-a"", ""vm"": ""8057035535632679842""}",3439
2026-09-27T03:11:00Z,"{""instance_name"": ""mooc-worker"", ""loadbalanced"": ""false"", ""resource_instance_id"": ""8057035535632679842"", ""resource_project_id"": ""proyecto-2-cloud-509714"", ""resource_type"": ""gce_instance"", ""resource_zone"": ""us-central1-a"", ""vm"": ""8057035535632679842""}",14785
2026-09-27T03:10:00Z,"{""instance_name"": ""mooc-worker"", ""loadbalanced"": ""false"", ""resource_instance_id"": ""8057035535632679842"", ""resource_project_id"": ""proyecto-2-cloud-509714"", ""resource_type"": ""gce_instance"", ""resource_zone"": ""us-central1-a"", ""vm"": ""8057035535632679842""}",736
2026-09-27T03:09:00Z,"{""instance_name"": ""mooc-worker"", ""loadbalanced"": ""false"", ""resource_instance_id"": ""8057035535632679842"", ""resource_project_id"": ""proyecto-2-cloud-509714"", ""resource_type"": ""gce_instance"", ""resource_zone"": ""us-central1-a"", ""vm"": ""8057035535632679842""}",811
2026-09-27T03:08:00Z,"{""instance_name"": ""mooc-worker"", ""loadbalanced"": ""false"", ""resource_instance_id"": ""8057035535632679842"", ""resource_project_id"": ""proyecto-2-cloud-509714"", ""resource_type"": ""gce_instance"", ""resource_zone"": ""us-central1-a"", ""vm"": ""8057035535632679842""}",2320
2026-09-27T03:07:00Z,"{""instance_name"": ""mooc-worker"", ""loadbalanced"": ""false"", ""resource_instance_id"": ""8057035535632679842"", ""resource_project_id"": ""proyecto-2-cloud-509714"", ""resource_type"": ""gce_instance"", ""resource_zone"": ""us-central1-a"", ""vm"": ""8057035535632679842""}",2785
2026-09-27T03:06:00Z,"{""instance_name"": ""mooc-worker"", ""loadbalanced"": ""false"", ""resource_instance_id"": ""8057035535632679842"", ""resource_project_id"": ""proyecto-2-cloud-509714"", ""resource_type"": ""gce_instance"", ""resource_zone"": ""us-central1-a"", ""vm"": ""8057035535632679842""}",445
2026-09-27T03:05:00Z,"{""instance_name"": ""mooc-worker"", ""loadbalanced"": ""false"", ""resource_instance_id"": ""8057035535632679842"", ""resource_project_id"": ""proyecto-2-cloud-509714"", ""resource_type"": ""gce_instance"", ""resource_zone"": ""us-central1-a"", ""vm"": ""8057035535632679842""}",475
2026-09-27T03:04:00Z,"{""instance_name"": ""mooc-worker"", ""loadbalanced"": ""false"", ""resource_instance_id"": ""8057035535632679842"", ""resource_project_id"": ""proyecto-2-cloud-509714"", ""resource_type"": ""gce_instance"", ""resource_zone"": ""us-central1-a"", ""vm"": ""8057035535632679842""}",865
2026-09-27T03:03:00Z,"{""instance_name"": ""mooc-worker"", ""loadbalanced"": ""false"", ""resource_instance_id"": ""8057035535632679842"", ""resource_project_id"": ""proyecto-2-cloud-509714"", ""resource_type"": ""gce_instance"", ""resource_zone"": ""us-central1-a"", ""vm"": ""8057035535632679842""}",4070
2026-09-27T03:02:00Z,"{""instance_name"": ""mooc-worker"", ""loadbalanced"": ""false"", ""resource_instance_id"": ""8057035535632679842"", ""resource_project_id"": ""proyecto-2-cloud-509714"", ""resource_type"": ""gce_instance"", ""resource_zone"": ""us-central1-a"", ""vm"": ""8057035535632679842""}",1378
2026-09-27T03:01:00Z,"{""instance_name"": ""mooc-worker"", ""loadbalanced"": ""false"", ""resource_instance_id"": ""8057035535632679842"", ""resource_project_id"": ""proyecto-2-cloud-509714"", ""resource_type"": ""gce_instance"", ""resource_zone"": ""us-central1-a"", ""vm"": ""8057035535632679842""}",1464
2026-09-27T03:00:00Z,"{""instance_name"": ""mooc-worker"", ""loadbalanced"": ""false"", ""resource_instance_id"": ""8057035535632679842"", ""resource_project_id"": ""proyecto-2-cloud-509714"", ""resource_type"": ""gce_instance"", ""resource_zone"": ""us-central1-a"", ""vm"": ""8057035535632679842""}",2283
2026-09-27T02:59:00Z,"{""instance_name"": ""mooc-worker"", ""loadbalanced"": ""false"", ""resource_instance_id"": ""8057035535632679842"", ""resource_project_id"": ""proyecto-2-cloud-509714"", ""resource_type"": ""gce_instance"", ""resource_zone"": ""us-central1-a"", ""vm"": ""8057035535632679842""}",1779
2026-09-27T02:58:00Z,"{""instance_name"": ""mooc-worker"", ""loadbalanced"": ""false"", ""resource_instance_id"": ""8057035535632679842"", ""resource_project_id"": ""proyecto-2-cloud-509714"", ""resource_type"": ""gce_instance"", ""resource_zone"": ""us-central1-a"", ""vm"": ""8057035535632679842""}",423
2026-09-27T02:57:00Z,"{""instance_name"": ""mooc-worker"", ""loadbalanced"": ""false"", ""resource_instance_id"": ""8057035535632679842"", ""resource_project_id"": ""proyecto-2-cloud-509714"", ""resource_type"": ""gce_instance"", ""resource_zone"": ""us-central1-a"", ""vm"": ""8057035535632679842""}",434
2026-09-27T02:56:00Z,"{""instance_name"": ""mooc-worker"", ""loadbalanced"": ""false"", ""resource_instance_id"": ""8057035535632679842"", ""resource_project_id"": ""proyecto-2-cloud-509714"", ""resource_type"": ""gce_instance"", ""resource_zone"": ""us-central1-a"", ""vm"": ""8057035535632679842""}",419
2026-09-27T02:55:00Z,"{""instance_name"": ""mooc-worker"", ""loadbalanced"": ""false"", ""resource_instance_id"": ""8057035535632679842"", ""resource_project_id"": ""proyecto-2-cloud-509714"", ""resource_type"": ""gce_instance"", ""resource_zone"": ""us-central1-a"", ""vm"": ""8057035535632679842""}",657
2026-09-27T02:54:00Z,"{""instance_name"": ""mooc-worker"", ""loadbalanced"": ""false"", ""resource_instance_id"": ""8057035535632679842"", ""resource_project_id"": ""proyecto-2-cloud-509714"", ""resource_type"": ""gce_instance"", ""resource_zone"": ""us-central1-a"", ""vm"": ""8057035535632679842""}",2189
2026-09-27T02:53:00Z,"{""instance_name"": ""mooc-worker"", ""loadbalanced"": ""false"", ""resource_instance_id"": ""8057035535632679842"", ""resource_project_id"": ""proyecto-2-cloud-509714"", ""resource_type"": ""gce_instance"", ""resource_zone"": ""us-central1-a"", ""vm"": ""8057035535632679842""}",1206
2026-09-27T02:52:00Z,"{""instance_name"": ""mooc-worker"", ""loadbalanced"": ""false"", ""resource_instance_id"": ""8057035535632679842"", ""resource_project_id"": ""proyecto-2-cloud-509714"", ""resource_type"": ""gce_instance"", ""resource_zone"": ""us-central1-a"", ""vm"": ""8057035535632679842""}",845
2026-09-27T02:51:00Z,"{""instance_name"": ""mooc-worker"", ""loadbalanced"": ""false"", ""resource_instance_id"": ""8057035535632679842"", ""resource_project_id"": ""proyecto-2-cloud-509714"", ""resource_type"": ""gce_instance"", ""resource_zone"": ""us-central1-a"", ""vm"": ""8057035535632679842""}",3878
2026-09-27T02:50:00Z,"{""instance_name"": ""mooc-worker"", ""loadbalanced"": ""false"", ""resource_instance_id"": ""8057035535632679842"", ""resource_project_id"": ""proyecto-2-cloud-509714"", ""resource_type"": ""gce_instance"", ""resource_zone"": ""us-central1-a"", ""vm"": ""8057035535632679842""}",1526
2026-09-27T02:49:00Z,"{""instance_name"": ""mooc-worker"", ""loadbalanced"": ""false"", ""resource_instance_id"": ""8057035535632679842"", ""resource_project_id"": ""proyecto-2-cloud-509714"", ""resource_type"": ""gce_instance"", ""resource_zone"": ""us-central1-a"", ""vm"": ""8057035535632679842""}",425
2026-09-27T02:48:00Z,"{""instance_name"": ""mooc-worker"", ""loadbalanced"": ""false"", ""resource_instance_id"": ""8057035535632679842"", ""resource_project_id"": ""proyecto-2-cloud-509714"", ""resource_type"": ""gce_instance"", ""resource_zone"": ""us-central1-a"", ""vm"": ""8057035535632679842""}",425
2026-09-27T02:47:00Z,"{""instance_name"": ""mooc-worker"", ""loadbalanced"": ""false"", ""resource_instance_id"": ""8057035535632679842"", ""resource_project_id"": ""proyecto-2-cloud-509714"", ""resource_type"": ""gce_instance"", ""resource_zone"": ""us-central1-a"", ""vm"": ""8057035535632679842""}",428
2026-09-27T02:46:00Z,"{""instance_name"": ""mooc-worker"", ""loadbalanced"": ""false"", ""resource_instance_id"": ""8057035535632679842"", ""resource_project_id"": ""proyecto-2-cloud-509714"", ""resource_type"": ""gce_instance"", ""resource_zone"": ""us-central1-a"", ""vm"": ""8057035535632679842""}",447
2026-09-27T02:45:00Z,"{""instance_name"": ""mooc-worker"", ""loadbalanced"": ""false"", ""resource_instance_id"": ""8057035535632679842"", ""resource_project_id"": ""proyecto-2-cloud-509714"", ""resource_type"": ""gce_instance"", ""resource_zone"": ""us-central1-a"", ""vm"": ""8057035535632679842""}",447
2026-09-27T02:44:00Z,"{""instance_name"": ""mooc-worker"", ""loadbalanced"": ""false"", ""resource_instance_id"": ""8057035535632679842"", ""resource_project_id"": ""proyecto-2-cloud-509714"", ""resource_type"": ""gce_instance"", ""resource_zone"": ""us-central1-a"", ""vm"": ""8057035535632679842""}",440
2026-09-27T02:43:00Z,"{""instance_name"": ""mooc-worker"", ""loadbalanced"": ""false"", ""resource_instance_id"": ""8057035535632679842"", ""resource_project_id"": ""proyecto-2-cloud-509714"", ""resource_type"": ""gce_instance"", ""resource_zone"": ""us-central1-a"", ""vm"": ""8057035535632679842""}",439
2026-09-27T02:42:00Z,"{""instance_name"": ""mooc-worker"", ""loadbalanced"": ""false"", ""resource_instance_id"": ""8057035535632679842"", ""resource_project_id"": ""proyecto-2-cloud-509714"", ""resource_type"": ""gce_instance"", ""resource_zone"": ""us-central1-a"", ""vm"": ""8057035535632679842""}",520
2026-09-27T02:41:00Z,"{""instance_name"": ""mooc-worker"", ""loadbalanced"": ""false"", ""resource_instance_id"": ""8057035535632679842"", ""resource_project_id"": ""proyecto-2-cloud-509714"", ""resource_type"": ""gce_instance"", ""resource_zone"": ""us-central1-a"", ""vm"": ""8057035535632679842""}",527
2026-09-27T02:40:00Z,"{""instance_name"": ""mooc-worker"", ""loadbalanced"": ""false"", ""resource_instance_id"": ""8057035535632679842"", ""resource_project_id"": ""proyecto-2-cloud-509714"", ""resource_type"": ""gce_instance"", ""resource_zone"": ""us-central1-a"", ""vm"": ""8057035535632679842""}",388
2026-09-27T02:39:00Z,"{""instance_name"": ""mooc-worker"", ""loadbalanced"": ""false"", ""resource_instance_id"": ""8057035535632679842"", ""resource_project_id"": ""proyecto-2-cloud-509714"", ""resource_type"": ""gce_instance"", ""resource_zone"": ""us-central1-a"", ""vm"": ""8057035535632679842""}",391
2026-09-27T02:38:00Z,"{""instance_name"": ""mooc-worker"", ""loadbalanced"": ""false"", ""resource_instance_id"": ""8057035535632679842"", ""resource_project_id"": ""proyecto-2-cloud-509714"", ""resource_type"": ""gce_instance"", ""resource_zone"": ""us-central1-a"", ""vm"": ""8057035535632679842""}",421
2026-09-27T02:37:00Z,"{""instance_name"": ""mooc-worker"", ""loadbalanced"": ""false"", ""resource_instance_id"": ""8057035535632679842"", ""resource_project_id"": ""proyecto-2-cloud-509714"", ""resource_type"": ""gce_instance"", ""resource_zone"": ""us-central1-a"", ""vm"": ""8057035535632679842""}",405
2026-09-27T02:36:00Z,"{""instance_name"": ""mooc-worker"", ""loadbalanced"": ""false"", ""resource_instance_id"": ""8057035535632679842"", ""resource_project_id"": ""proyecto-2-cloud-509714"", ""resource_type"": ""gce_instance"", ""resource_zone"": ""us-central1-a"", ""vm"": ""8057035535632679842""}",413
2026-09-27T02:35:00Z,"{""instance_name"": ""mooc-worker"", ""loadbalanced"": ""false"", ""resource_instance_id"": ""8057035535632679842"", ""resource_project_id"": ""proyecto-2-cloud-509714"", ""resource_type"": ""gce_instance"", ""resource_zone"": ""us-central1-a"", ""vm"": ""8057035535632679842""}",391
2026-09-27T02:34:00Z,"{""instance_name"": ""mooc-worker"", ""loadbalanced"": ""false"", ""resource_instance_id"": ""8057035535632679842"", ""resource_project_id"": ""proyecto-2-cloud-509714"", ""resource_type"": ""gce_instance"", ""resource_zone"": ""us-central1-a"", ""vm"": ""8057035535632679842""}",403
2026-09-27T02:33:00Z,"{""instance_name"": ""mooc-worker"", ""loadbalanced"": ""false"", ""resource_instance_id"": ""8057035535632679842"", ""resource_project_id"": ""proyecto-2-cloud-509714"", ""resource_type"": ""gce_instance"", ""resource_zone"": ""us-central1-a"", ""vm"": ""8057035535632679842""}",413
2026-09-27T02:32:00Z,"{""instance_name"": ""mooc-worker"", ""loadbalanced"": ""false"", ""resource_instance_id"": ""8057035535632679842"", ""resource_project_id"": ""proyecto-2-cloud-509714"", ""resource_type"": ""gce_instance"", ""resource_zone"": ""us-central1-a"", ""vm"": ""8057035535632679842""}",522
2026-09-27T02:31:00Z,"{""instance_name"": ""mooc-worker"", ""loadbalanced"": ""false"", ""resource_instance_id"": ""8057035535632679842"", ""resource_project_id"": ""proyecto-2-cloud-509714"", ""resource_type"": ""gce_instance"", ""resource_zone"": ""us-central1-a"", ""vm"": ""8057035535632679842""}",12205
2026-09-27T02:30:00Z,"{""instance_name"": ""mooc-worker"", ""loadbalanced"": ""false"", ""resource_instance_id"": ""8057035535632679842"", ""resource_project_id"": ""proyecto-2-cloud-509714"", ""resource_type"": ""gce_instance"", ""resource_zone"": ""us-central1-a"", ""vm"": ""8057035535632679842""}",98035
2026-09-27T02:29:00Z,"{""instance_name"": ""mooc-worker"", ""loadbalanced"": ""false"", ""resource_instance_id"": ""8057035535632679842"", ""resource_project_id"": ""proyecto-2-cloud-509714"", ""resource_type"": ""gce_instance"", ""resource_zone"": ""us-central1-a"", ""vm"": ""8057035535632679842""}",437
2026-09-27T02:28:00Z,"{""instance_name"": ""mooc-worker"", ""loadbalanced"": ""false"", ""resource_instance_id"": ""8057035535632679842"", ""resource_project_id"": ""proyecto-2-cloud-509714"", ""resource_type"": ""gce_instance"", ""resource_zone"": ""us-central1-a"", ""vm"": ""8057035535632679842""}",18
2026-09-27T02:27:00Z,"{""instance_name"": ""mooc-worker"", ""loadbalanced"": ""false"", ""resource_instance_id"": ""8057035535632679842"", ""resource_project_id"": ""proyecto-2-cloud-509714"", ""resource_type"": ""gce_instance"", ""resource_zone"": ""us-central1-a"", ""vm"": ""8057035535632679842""}",1
2026-09-27T02:26:00Z,"{""instance_name"": ""mooc-worker"", ""loadbalanced"": ""false"", ""resource_instance_id"": ""8057035535632679842"", ""resource_project_id"": ""proyecto-2-cloud-509714"", ""resource_type"": ""gce_instance"", ""resource_zone"": ""us-central1-a"", ""vm"": ""8057035535632679842""}",6
2026-09-27T02:25:00Z,"{""instance_name"": ""mooc-worker"", ""loadbalanced"": ""false"", ""resource_instance_id"": ""8057035535632679842"", ""resource_project_id"": ""proyecto-2-cloud-509714"", ""resource_type"": ""gce_instance"", ""resource_zone"": ""us-central1-a"", ""vm"": ""8057035535632679842""}",8
2026-09-27T02:24:00Z,"{""instance_name"": ""mooc-worker"", ""loadbalanced"": ""false"", ""resource_instance_id"": ""8057035535632679842"", ""resource_project_id"": ""proyecto-2-cloud-509714"", ""resource_type"": ""gce_instance"", ""resource_zone"": ""us-central1-a"", ""vm"": ""8057035535632679842""}",1
2026-09-27T02:23:00Z,"{""instance_name"": ""mooc-worker"", ""loadbalanced"": ""false"", ""resource_instance_id"": ""8057035535632679842"", ""resource_project_id"": ""proyecto-2-cloud-509714"", ""resource_type"": ""gce_instance"", ""resource_zone"": ""us-central1-a"", ""vm"": ""8057035535632679842""}",16457
2026-09-27T02:22:00Z,"{""instance_name"": ""mooc-worker"", ""loadbalanced"": ""false"", ""resource_instance_id"": ""8057035535632679842"", ""resource_project_id"": ""proyecto-2-cloud-509714"", ""resource_type"": ""gce_instance"", ""resource_zone"": ""us-central1-a"", ""vm"": ""8057035535632679842""}",171766
2026-09-27T02:21:00Z,"{""instance_name"": ""mooc-worker"", ""loadbalanced"": ""false"", ""resource_instance_id"": ""8057035535632679842"", ""resource_project_id"": ""proyecto-2-cloud-509714"", ""resource_type"": ""gce_instance"", ""resource_zone"": ""us-central1-a"", ""vm"": ""8057035535632679842""}",208400
