timestamp,labels,value
2026-09-27T06:43:00Z,"{""instance_name"": ""mooc-web"", ""loadbalanced"": ""false"", ""resource_instance_id"": ""1398563761166861218"", ""resource_project_id"": ""proyecto-2-cloud-509714"", ""resource_type"": ""gce_instance"", ""resource_zone"": ""us-central1-a"", ""vm"": ""mooc-web""}",976
2026-09-27T06:42:00Z,"{""instance_name"": ""mooc-web"", ""loadbalanced"": ""false"", ""resource_instance_id"": ""1398563761166861218"", ""resource_project_id"": ""proyecto-2-cloud-509714"", ""resource_type"": ""gce_instance"", ""resource_zone"": ""us-central1-a"", ""vm"": ""mooc-web""}",988
2026-09-27T06:41:00Z,"{""instance_name"": ""mooc-web"", ""loadbalanced"": ""false"", ""resource_instance_id"": ""1398563761166861218"", ""resource_project_id"": ""proyecto-2-cloud-509714"", ""resource_type"": ""gce_instance"", ""resource_zone"": ""us-central1-a"", ""vm"": ""mooc-web""}",984
2026-09-27T06:40:00Z,"{""instance_name"": ""mooc-web"", ""loadbalanced"": ""false"", ""resource_instance_id"": ""1398563761166861218"", ""resource_project_id"": ""proyecto-2-cloud-509714"", ""resource_type"": ""gce_instance"", ""resource_zone"": ""us-central1-a"", ""vm"": ""mooc-web""}",1002
2026-09-27T06:39:00Z,"{""instance_name"": ""mooc-web"", ""loadbalanced"": ""false"", ""resource_instance_id"": ""1398563761166861218"", ""resource_project_id"": ""proyecto-2-cloud-509714"", ""resource_type"": ""gce_instance"", ""resource_zone"": ""us-central1-a"", ""vm"": ""mooc-web""}",1002
2026-09-27T06:38:00Z,"{""instance_name"": ""mooc-web"", ""loadbalanced"": ""false"", ""resource_instance_id"": ""1398563761166861218"", ""resource_project_id"": ""proyecto-2-cloud-509714"", ""resource_type"": ""gce_instance"", ""resource_zone"": ""us-central1-a"", ""vm"": ""mooc-web""}",991
2026-09-27T06:37:00Z,"{""instance_name"": ""mooc-web"", ""loadbalanced"": ""false"", ""resource_instance_id"": ""1398563761166861218"", ""resource_project_id"": ""proyecto-2-cloud-509714"", ""resource_type"": ""gce_instance"", ""resource_zone"": ""us-central1-a"", ""vm"": ""mooc-web""}",1121
2026-09-27T06:36:00Z,"{""instance_name"": ""mooc-web"", ""loadbalanced"": ""false"", ""resource_instance_id"": ""1398563761166861218"", ""resource_project_id"": ""proyecto-2-cloud-509714"", ""resource_type"": ""gce_instance"", ""resource_zone"": ""us-central1-a"", ""vm"": ""mooc-web""}",967
2026-09-27T06:35:00Z,"{""instance_name"": ""mooc-web"", ""loadbalanced"": ""false"", ""resource_instance_id"": ""1398563761166861218"", ""resource_project_id"": ""proyecto-2-cloud-509714"", ""resource_type"": ""gce_instance"", ""resource_zone"": ""us-central1-a"", ""vm"": ""mooc-web""}",974
2026-09-27T06:34:00Z,"{""instance_name"": ""mooc-web"", ""loadbalanced"": ""false"", ""resource_instance_id"": ""1398563761166861218"", ""resource_project_id"": ""proyecto-2-cloud-509714"", ""resource_type"": ""gce_instance"", ""resource_zone"": ""us-central1-a"", ""vm"": ""mooc-web""}",974
2026-09-27T06:33:00Z,"{""instance_name"": ""mooc-web"", ""loadbalanced"": ""false"", ""resource_instance_id"": ""1398563761166861218"", ""resource_project_id"": ""proyecto-2-cloud-509714"", ""resource_type"": ""gce_instance"", ""resource_zone"": ""us-central1-a"", ""vm"": ""mooc-web""}",969
2026-09-27T06:32:00Z,"{""instance_name"": ""mooc-web"", ""loadbalanced"": ""false"", ""resource_instance_id"": ""1398563761166861218"", ""resource_project_id"": ""proyecto-2-cloud-509714"", ""resource_type"": ""gce_instance"", ""resource_zone"": ""us-central1-a"", ""vm"": ""mooc-web""}",975
2026-09-27T06:31:00Z,"{""instance_name"": ""mooc-web"", ""loadbalanced"": ""false"", ""resource_instance_id"": ""1398563761166861218"", ""resource_project_id"": ""proyecto-2-cloud-509714"", ""resource_type"": ""gce_instance"", ""resource_zone"": ""us-central1-a"", ""vm"": ""mooc-web""}",981
2026-09-27T06:30:00Z,"{""instance_name"": ""mooc-web"", ""loadbalanced"": ""false"", ""resource_instance_id"": ""1398563761166861218"", ""resource_project_id"": ""proyecto-2-cloud-509714"", ""resource_type"": ""gce_instance"", ""resource_zone"": ""us-central1-a"", ""vm"": ""mooc-web""}",991
2026-09-27T06:29:00Z,"{""instance_name"": ""mooc-web"", ""loadbalanced"": ""false"", ""resource_instance_id"": ""1398563761166861218"", ""resource_project_id"": ""proyecto-2-cloud-509714"", ""resource_type"": ""gce_instance"", ""resource_zone"": ""us-central1-a"", ""vm"": ""mooc-web""}",1014
2026-09-27T06:28:00Z,"{""instance_name"": ""mooc-web"", ""loadbalanced"": ""false"", ""resource_instance_id"": ""1398563761166861218"", ""resource_project_id"": ""proyecto-2-cloud-509714"", ""resource_type"": ""gce_instance"", ""resource_zone"": ""us-central1-a"", ""vm"": ""mooc-web""}",967
2026-09-27T06:27:00Z,"{""instance_name"": ""mooc-web"", ""loadbalanced"": ""false"", ""resource_instance_id"": ""1398563761166861218"", ""resource_project_id"": ""proyecto-2-cloud-509714"", ""resource_type"": ""gce_instance"", ""resource_zone"": ""us-central1-a"", ""vm"": ""mooc-web""}",972
2026-09-27T06:26:00Z,"{""instance_name"": ""mooc-web"", ""loadbalanced"": ""false"", ""resource_instance_id"": ""1398563761166861218"", ""resource_project_id"": ""proyecto-2-cloud-509714"", ""resource_type"": ""gce_instance"", ""resource_zone"": ""us-central1-a"", ""vm"": ""mooc-web""}",988
2026-09-27T06:25:00Z,"{""instance_name"": ""mooc-web"", ""loadbalanced"": ""false"", ""resource_instance_id"": ""1398563761166861218"", ""resource_project_id"": ""proyecto-2-cloud-509714"", ""resource_type"": ""gce_instance"", ""resource_zone"": ""us-central1-a"", ""vm"": ""mooc-web""}",963
2026-09-27T06:24:00Z,"{""instance_name"": ""mooc-web"", ""loadbalanced"": ""false"", ""resource_instance_id"": ""1398563761166861218"", ""resource_project_id"": ""proyecto-2-cloud-509714"", ""resource_type"": ""gce_instance"", ""resource_zone"": ""us-central1-a"", ""vm"": ""mooc-web""}",968
2026-09-27T06:23:00Z,"{""instance_name"": ""mooc-web"", ""loadbalanced"": ""false"", ""resource_instance_id"": ""1398563761166861218"", ""resource_project_id"": ""proyecto-2-cloud-509714"", ""resource_type"": ""gce_instance"", ""resource_zone"": ""us-central1-a"", ""vm"": ""mooc-web""}",995
2026-09-27T06:22:00Z,"{""instance_name"": ""mooc-web"", ""loadbalanced"": ""false"", ""resource_instance_id"": ""1398563761166861218"", ""resource_project_id"": ""proyecto-2-cloud-509714"", ""resource_type"": ""gce_instance"", ""resource_zone"": ""us-central1-a"", ""vm"": ""mooc-web""}",983
2026-09-27T06:21:00Z,"{""instance_name"": ""mooc-web"", ""loadbalanced"": ""false"", ""resource_instance_id"": ""1398563761166861218"", ""resource_project_id"": ""proyecto-2-cloud-509714"", ""resource_type"": ""gce_instance"", ""resource_zone"": ""us-central1-a"", ""vm"": ""mooc-web""}",981
2026-09-27T06:20:00Z,"{""instance_name"": ""mooc-web"", ""loadbalanced"": ""false"", ""resource_instance_id"": ""1398563761166861218"", ""resource_project_id"": ""proyecto-2-cloud-509714"", ""resource_type"": ""gce_instance"", ""resource_zone"": ""us-central1-a"", ""vm"": ""mooc-web""}",994
2026-09-27T06:19:00Z,"{""instance_name"": ""mooc-web"", ""loadbalanced"": ""false"", ""resource_instance_id"": ""1398563761166861218"", ""resource_project_id"": ""proyecto-2-cloud-509714"", ""resource_type"": ""gce_instance"", ""resource_zone"": ""us-central1-a"", ""vm"": ""mooc-web""}",963
2026-09-27T06:18:00Z,"{""instance_name"": ""mooc-web"", ""loadbalanced"": ""false"", ""resource_instance_id"": ""1398563761166861218"", ""resource_project_id"": ""proyecto-2-cloud-509714"", ""resource_type"": ""gce_instance"", ""resource_zone"": ""us-central1-a"", ""vm"": ""mooc-web""}",982
2026-09-27T06:17:00Z,"{""instance_name"": ""mooc-web"", ""loadbalanced"": ""false"", ""resource_instance_id"": ""1398563761166861218"", ""resource_project_id"": ""proyecto-2-cloud-509714"", ""resource_type"": ""gce_instance"", ""resource_zone"": ""us-central1-a"", ""vm"": ""mooc-web""}",974
2026-09-27T06:16:00Z,"{""instance_name"": ""mooc-web"", ""loadbalanced"": ""false"", ""resource_instance_id"": ""1398563761166861218"", ""resource_project_id"": ""proyecto-2-cloud-509714"", ""resource_type"": ""gce_instance"", ""resource_zone"": ""us-central1-a"", ""vm"": ""mooc-web""}",975
2026-09-27T06:15:00Z,"{""instance_name"": ""mooc-web"", ""loadbalanced"": ""false"", ""resource_instance_id"": ""1398563761166861218"", ""resource_project_id"": ""proyecto-2-cloud-509714"", ""resource_type"": ""gce_instance"", ""resource_zone"": ""us-central1-a"", ""vm"": ""mooc-web""}",1041
2026-09-27T06:14:00Z,"{""instance_name"": ""mooc-web"", ""loadbalanced"": ""false"", ""resource_instance_id"": ""1398563761166861218"", ""resource_project_id"": ""proyecto-2-cloud-509714"", ""resource_type"": ""gce_instance"", ""resource_zone"": ""us-central1-a"", ""vm"": ""mooc-web""}",971
2026-09-27T06:13:00Z,"{""instance_name"": ""mooc-web"", ""loadbalanced"": ""false"", ""resource_instance_id"": ""1398563761166861218"", ""resource_project_id"": ""proyecto-2-cloud-509714"", ""resource_type"": ""gce_instance"", ""resource_zone"": ""us-central1-a"", ""vm"": ""mooc-web""}",971
2026-09-27T06:12:00Z,"{""instance_name"": ""mooc-web"", ""loadbalanced"": ""false"", ""resource_instance_id"": ""1398563761166861218"", ""resource_project_id"": ""proyecto-2-cloud-509714"", ""resource_type"": ""gce_instance"", ""resource_zone"": ""us-central1-a"", ""vm"": ""mooc-web""}",973
2026-09-27T06:11:00Z,"{""instance_name"": ""mooc-web"", ""loadbalanced"": ""false"", ""resource_instance_id"": ""1398563761166861218"", ""resource_project_id"": ""proyecto-2-cloud-509714"", ""resource_type"": ""gce_instance"", ""resource_zone"": ""us-central1-a"", ""vm"": ""mooc-web""}",973
2026-09-27T06:10:00Z,"{""instance_name"": ""mooc-web"", ""loadbalanced"": ""false"", ""resource_instance_id"": ""1398563761166861218"", ""resource_project_id"": ""proyecto-2-cloud-509714"", ""resource_type"": ""gce_instance"", ""resource_zone"": ""us-central1-a"", ""vm"": ""mooc-web""}",972
2026-09-27T06:09:00Z,"{""instance_name"": ""mooc-web"", ""loadbalanced"": ""false"", ""resource_instance_id"": ""1398563761166861218"", ""resource_project_id"": ""proyecto-2-cloud-509714"", ""resource_type"": ""gce_instance"", ""resource_zone"": ""us-central1-a"", ""vm"": ""mooc-web""}",980
2026-09-27T06:08:00Z,"{""instance_name"": ""mooc-web"", ""loadbalanced"": ""false"", ""resource_instance_id"": ""1398563761166861218"", ""resource_project_id"": ""proyecto-2-cloud-509714"", ""resource_type"": ""gce_instance"", ""resource_zone"": ""us-central1-a"", ""vm"": ""mooc-web""}",966
2026-09-27T06:07:00Z,"{""instance_name"": ""mooc-web"", ""loadbalanced"": ""false"", ""resource_instance_id"": ""1398563761166861218"", ""resource_project_id"": ""proyecto-2-cloud-509714"", ""resource_type"": ""gce_instance"", ""resource_zone"": ""us-central1-a"", ""vm"": ""mooc-web""}",972
2026-09-27T06:06:00Z,"{""instance_name"": ""mooc-web"", ""loadbalanced"": ""false"", ""resource_instance_id"": ""1398563761166861218"", ""resource_project_id"": ""proyecto-2-cloud-509714"", ""resource_type"": ""gce_instance"", ""resource_zone"": ""us-central1-a"", ""vm"": ""mooc-web""}",971
2026-09-27T06:05:00Z,"{""instance_name"": ""mooc-web"", ""loadbalanced"": ""false"", ""resource_instance_id"": ""1398563761166861218"", ""resource_project_id"": ""proyecto-2-cloud-509714"", ""resource_type"": ""gce_instance"", ""resource_zone"": ""us-central1-a"", ""vm"": ""mooc-web""}",971
2026-09-27T06:04:00Z,"{""instance_name"": ""mooc-web"", ""loadbalanced"": ""false"", ""resource_instance_id"": ""1398563761166861218"", ""resource_project_id"": ""proyecto-2-cloud-509714"", ""resource_type"": ""gce_instance"", ""resource_zone"": ""us-central1-a"", ""vm"": ""mooc-web""}",971
2026-09-27T06:03:00Z,"{""instance_name"": ""mooc-web"", ""loadbalanced"": ""false"", ""resource_instance_id"": ""1398563761166861218"", ""resource_project_id"": ""proyecto-2-cloud-509714"", ""resource_type"": ""gce_instance"", ""resource_zone"": ""us-central1-a"", ""vm"": ""mooc-web""}",971
2026-09-27T06:02:00Z,"{""instance_name"": ""mooc-web"", ""loadbalanced"": ""false"", ""resource_instance_id"": ""1398563761166861218"", ""resource_project_id"": ""proyecto-2-cloud-509714"", ""resource_type"": ""gce_instance"", ""resource_zone"": ""us-central1-a"", ""vm"": ""mooc-web""}",1270
2026-09-27T06:01:00Z,"{""instance_name"": ""mooc-web"", ""loadbalanced"": ""false"", ""resource_instance_id"": ""1398563761166861218"", ""resource_project_id"": ""proyecto-2-cloud-509714"", ""resource_type"": ""gce_instance"", ""resource_zone"": ""us-central1-a"", ""vm"": ""mooc-web""}",5942
2026-09-27T06:00:00Z,"{""instance_name"": ""mooc-web"", ""loadbalanced"": ""false"", ""resource_instance_id"": ""1398563761166861218"", ""resource_project_id"": ""proyecto-2-cloud-509714"", ""resource_type"": ""gce_instance"", ""resource_zone"": ""us-central1-a"", ""vm"": ""mooc-web""}",11629
2026-09-27T05:59:00Z,"{""instance_name"": ""mooc-web"", ""loadbalanced"": ""false"", ""resource_instance_id"": ""1398563761166861218"", ""resource_project_id"": ""proyecto-2-cloud-509714"", ""resource_type"": ""gce_instance"", ""resource_zone"": ""us-central1-a"", ""vm"": ""mooc-web""}",10516
2026-09-27T05:58:00Z,"{""instance_name"": ""mooc-web"", ""loadbalanced"": ""false"", ""resource_instance_id"": ""1398563761166861218"", ""resource_project_id"": ""proyecto-2-cloud-509714"", ""resource_type"": ""gce_instance"", ""resource_zone"": ""us-central1-a"", ""vm"": ""mooc-web""}",9325
2026-09-27T05:57:00Z,"{""instance_name"": ""mooc-web"", ""loadbalanced"": ""false"", ""resource_instance_id"": ""1398563761166861218"", ""resource_project_id"": ""proyecto-2-cloud-509714"", ""resource_type"": ""gce_instance"", ""resource_zone"": ""us-central1-a"", ""vm"": ""mooc-web""}",8298
2026-09-27T05:56:00Z,"{""instance_name"": ""mooc-web"", ""loadbalanced"": ""false"", ""resource_instance_id"": ""1398563761166861218"", ""resource_project_id"": ""proyecto-2-cloud-509714"", ""resource_type"": ""gce_instance"", ""resource_zone"": ""us-central1-a"", ""vm"": ""mooc-web""}",4211
2026-09-27T05:55:00Z,"{""instance_name"": ""mooc-web"", ""loadbalanced"": ""false"", ""resource_instance_id"": ""1398563761166861218"", ""resource_project_id"": ""proyecto-2-cloud-509714"", ""resource_type"": ""gce_instance"", ""resource_zone"": ""us-central1-a"", ""vm"": ""mooc-web""}",4700
2026-09-27T05:54:00Z,"{""instance_name"": ""mooc-web"", ""loadbalanced"": ""false"", ""resource_instance_id"": ""1398563761166861218"", ""resource_project_id"": ""proyecto-2-cloud-509714"", ""resource_type"": ""gce_instance"", ""resource_zone"": ""us-central1-a"", ""vm"": ""mooc-web""}",4837
2026-09-27T05:53:00Z,"{""instance_name"": ""mooc-web"", ""loadbalanced"": ""false"", ""resource_instance_id"": ""1398563761166861218"", ""resource_project_id"": ""proyecto-2-cloud-509714"", ""resource_type"": ""gce_instance"", ""resource_zone"": ""us-central1-a"", ""vm"": ""mooc-web""}",4467
2026-09-27T05:52:00Z,"{""instance_name"": ""mooc-web"", ""loadbalanced"": ""false"", ""resource_instance_id"": ""1398563761166861218"", ""resource_project_id"": ""proyecto-2-cloud-509714"", ""resource_type"": ""gce_instance"", ""resource_zone"": ""us-central1-a"", ""vm"": ""mooc-web""}",3210
2026-09-27T05:51:00Z,"{""instance_name"": ""mooc-web"", ""loadbalanced"": ""false"", ""resource_instance_id"": ""1398563761166861218"", ""resource_project_id"": ""proyecto-2-cloud-509714"", ""resource_type"": ""gce_instance"", ""resource_zone"": ""us-central1-a"", ""vm"": ""mooc-web""}",2518
2026-09-27T05:50:00Z,"{""instance_name"": ""mooc-web"", ""loadbalanced"": ""false"", ""resource_instance_id"": ""1398563761166861218"", ""resource_project_id"": ""proyecto-2-cloud-509714"", ""resource_type"": ""gce_instance"", ""resource_zone"": ""us-central1-a"", ""vm"": ""mooc-web""}",2696
2026-09-27T05:49:00Z,"{""instance_name"": ""mooc-web"", ""loadbalanced"": ""false"", ""resource_instance_id"": ""1398563761166861218"", ""resource_project_id"": ""proyecto-2-cloud-509714"", ""resource_type"": ""gce_instance"", ""resource_zone"": ""us-central1-a"", ""vm"": ""mooc-web""}",2653
2026-09-27T05:48:00Z,"{""instance_name"": ""mooc-web"", ""loadbalanced"": ""false"", ""resource_instance_id"": ""1398563761166861218"", ""resource_project_id"": ""proyecto-2-cloud-509714"", ""resource_type"": ""gce_instance"", ""resource_zone"": ""us-central1-a"", ""vm"": ""mooc-web""}",2541
2026-09-27T05:47:00Z,"{""instance_name"": ""mooc-web"", ""loadbalanced"": ""false"", ""resource_instance_id"": ""1398563761166861218"", ""resource_project_id"": ""proyecto-2-cloud-509714"", ""resource_type"": ""gce_instance"", ""resource_zone"": ""us-central1-a"", ""vm"": ""mooc-web""}",1301
2026-09-27T05:46:00Z,"{""instance_name"": ""mooc-web"", ""loadbalanced"": ""false"", ""resource_instance_id"": ""1398563761166861218"", ""resource_project_id"": ""proyecto-2-cloud-509714"", ""resource_type"": ""gce_instance"", ""resource_zone"": ""us-central1-a"", ""vm"": ""mooc-web""}",992
2026-09-27T05:45:00Z,"{""instance_name"": ""mooc-web"", ""loadbalanced"": ""false"", ""resource_instance_id"": ""1398563761166861218"", ""resource_project_id"": ""proyecto-2-cloud-509714"", ""resource_type"": ""gce_instance"", ""resource_zone"": ""us-central1-a"", ""vm"": ""mooc-web""}",988
2026-09-27T05:44:00Z,"{""instance_name"": ""mooc-web"", ""loadbalanced"": ""false"", ""resource_instance_id"": ""1398563761166861218"", ""resource_project_id"": ""proyecto-2-cloud-509714"", ""resource_type"": ""gce_instance"", ""resource_zone"": ""us-central1-a"", ""vm"": ""mooc-web""}",974
2026-09-27T05:43:00Z,"{""instance_name"": ""mooc-web"", ""loadbalanced"": ""false"", ""resource_instance_id"": ""1398563761166861218"", ""resource_project_id"": ""proyecto-2-cloud-509714"", ""resource_type"": ""gce_instance"", ""resource_zone"": ""us-central1-a"", ""vm"": ""mooc-web""}",973
2026-09-27T05:42:00Z,"{""instance_name"": ""mooc-web"", ""loadbalanced"": ""false"", ""resource_instance_id"": ""1398563761166861218"", ""resource_project_id"": ""proyecto-2-cloud-509714"", ""resource_type"": ""gce_instance"", ""resource_zone"": ""us-central1-a"", ""vm"": ""mooc-web""}",970
2026-09-27T05:41:00Z,"{""instance_name"": ""mooc-web"", ""loadbalanced"": ""false"", ""resource_instance_id"": ""1398563761166861218"", ""resource_project_id"": ""proyecto-2-cloud-509714"", ""resource_type"": ""gce_instance"", ""resource_zone"": ""us-central1-a"", ""vm"": ""mooc-web""}",1042
2026-09-27T05:40:00Z,"{""instance_name"": ""mooc-web"", ""loadbalanced"": ""false"", ""resource_instance_id"": ""1398563761166861218"", ""resource_project_id"": ""proyecto-2-cloud-509714"", ""resource_type"": ""gce_instance"", ""resource_zone"": ""us-central1-a"", ""vm"": ""mooc-web""}",2013
2026-09-27T05:39:00Z,"{""instance_name"": ""mooc-web"", ""loadbalanced"": ""false"", ""resource_instance_id"": ""1398563761166861218"", ""resource_project_id"": ""proyecto-2-cloud-509714"", ""resource_type"": ""gce_instance"", ""resource_zone"": ""us-central1-a"", ""vm"": ""mooc-web""}",1135
2026-09-27T05:38:00Z,"{""instance_name"": ""mooc-web"", ""loadbalanced"": ""false"", ""resource_instance_id"": ""1398563761166861218"", ""resource_project_id"": ""proyecto-2-cloud-509714"", ""resource_type"": ""gce_instance"", ""resource_zone"": ""us-central1-a"", ""vm"": ""mooc-web""}",1072
2026-09-27T05:37:00Z,"{""instance_name"": ""mooc-web"", ""loadbalanced"": ""false"", ""resource_instance_id"": ""1398563761166861218"", ""resource_project_id"": ""proyecto-2-cloud-509714"", ""resource_type"": ""gce_instance"", ""resource_zone"": ""us-central1-a"", ""vm"": ""mooc-web""}",1080
2026-09-27T05:36:00Z,"{""instance_name"": ""mooc-web"", ""loadbalanced"": ""false"", ""resource_instance_id"": ""1398563761166861218"", ""resource_project_id"": ""proyecto-2-cloud-509714"", ""resource_type"": ""gce_instance"", ""resource_zone"": ""us-central1-a"", ""vm"": ""mooc-web""}",1090
2026-09-27T05:35:00Z,"{""instance_name"": ""mooc-web"", ""loadbalanced"": ""false"", ""resource_instance_id"": ""1398563761166861218"", ""resource_project_id"": ""proyecto-2-cloud-509714"", ""resource_type"": ""gce_instance"", ""resource_zone"": ""us-central1-a"", ""vm"": ""mooc-web""}",1072
2026-09-27T05:34:00Z,"{""instance_name"": ""mooc-web"", ""loadbalanced"": ""false"", ""resource_instance_id"": ""1398563761166861218"", ""resource_project_id"": ""proyecto-2-cloud-509714"", ""resource_type"": ""gce_instance"", ""resource_zone"": ""us-central1-a"", ""vm"": ""mooc-web""}",1073
2026-09-27T05:33:00Z,"{""instance_name"": ""mooc-web"", ""loadbalanced"": ""false"", ""resource_instance_id"": ""1398563761166861218"", ""resource_project_id"": ""proyecto-2-cloud-509714"", ""resource_type"": ""gce_instance"", ""resource_zone"": ""us-central1-a"", ""vm"": ""mooc-web""}",1099
2026-09-27T05:32:00Z,"{""instance_name"": ""mooc-web"", ""loadbalanced"": ""false"", ""resource_instance_id"": ""1398563761166861218"", ""resource_project_id"": ""proyecto-2-cloud-509714"", ""resource_type"": ""gce_instance"", ""resource_zone"": ""us-central1-a"", ""vm"": ""mooc-web""}",1082
2026-09-27T05:31:00Z,"{""instance_name"": ""mooc-web"", ""loadbalanced"": ""false"", ""resource_instance_id"": ""1398563761166861218"", ""resource_project_id"": ""proyecto-2-cloud-509714"", ""resource_type"": ""gce_instance"", ""resource_zone"": ""us-central1-a"", ""vm"": ""mooc-web""}",1149
2026-09-27T05:30:00Z,"{""instance_name"": ""mooc-web"", ""loadbalanced"": ""false"", ""resource_instance_id"": ""1398563761166861218"", ""resource_project_id"": ""proyecto-2-cloud-509714"", ""resource_type"": ""gce_instance"", ""resource_zone"": ""us-central1-a"", ""vm"": ""mooc-web""}",1212
2026-09-27T05:29:00Z,"{""instance_name"": ""mooc-web"", ""loadbalanced"": ""false"", ""resource_instance_id"": ""1398563761166861218"", ""resource_project_id"": ""proyecto-2-cloud-509714"", ""resource_type"": ""gce_instance"", ""resource_zone"": ""us-central1-a"", ""vm"": ""mooc-web""}",976
2026-09-27T05:28:00Z,"{""instance_name"": ""mooc-web"", ""loadbalanced"": ""false"", ""resource_instance_id"": ""1398563761166861218"", ""resource_project_id"": ""proyecto-2-cloud-509714"", ""resource_type"": ""gce_instance"", ""resource_zone"": ""us-central1-a"", ""vm"": ""mooc-web""}",1188
2026-09-27T05:27:00Z,"{""instance_name"": ""mooc-web"", ""loadbalanced"": ""false"", ""resource_instance_id"": ""1398563761166861218"", ""resource_project_id"": ""proyecto-2-cloud-509714"", ""resource_type"": ""gce_instance"", ""resource_zone"": ""us-central1-a"", ""vm"": ""mooc-web""}",4102
2026-09-27T05:26:00Z,"{""instance_name"": ""mooc-web"", ""loadbalanced"": ""false"", ""resource_instance_id"": ""1398563761166861218"", ""resource_project_id"": ""proyecto-2-cloud-509714"", ""resource_type"": ""gce_instance"", ""resource_zone"": ""us-central1-a"", ""vm"": ""mooc-web""}",9934
2026-09-27T05:25:00Z,"{""instance_name"": ""mooc-web"", ""loadbalanced"": ""false"", ""resource_instance_id"": ""1398563761166861218"", ""resource_project_id"": ""proyecto-2-cloud-509714"", ""resource_type"": ""gce_instance"", ""resource_zone"": ""us-central1-a"", ""vm"": ""mooc-web""}",9454
2026-09-27T05:24:00Z,"{""instance_name"": ""mooc-web"", ""loadbalanced"": ""false"", ""resource_instance_id"": ""1398563761166861218"", ""resource_project_id"": ""proyecto-2-cloud-509714"", ""resource_type"": ""gce_instance"", ""resource_zone"": ""us-central1-a"", ""vm"": ""mooc-web""}",2786
2026-09-27T05:23:00Z,"{""instance_name"": ""mooc-web"", ""loadbalanced"": ""false"", ""resource_instance_id"": ""1398563761166861218"", ""resource_project_id"": ""proyecto-2-cloud-509714"", ""resource_type"": ""gce_instance"", ""resource_zone"": ""us-central1-a"", ""vm"": ""mooc-web""}",2134
2026-09-27T05:22:00Z,"{""instance_name"": ""mooc-web"", ""loadbalanced"": ""false"", ""resource_instance_id"": ""1398563761166861218"", ""resource_project_id"": ""proyecto-2-cloud-509714"", ""resource_type"": ""gce_instance"", ""resource_zone"": ""us-central1-a"", ""vm"": ""mooc-web""}",18108
2026-09-27T05:21:00Z,"{""instance_name"": ""mooc-web"", ""loadbalanced"": ""false"", ""resource_instance_id"": ""1398563761166861218"", ""resource_project_id"": ""proyecto-2-cloud-509714"", ""resource_type"": ""gce_instance"", ""resource_zone"": ""us-central1-a"", ""vm"": ""mooc-web""}",5192
2026-09-27T05:20:00Z,"{""instance_name"": ""mooc-web"", ""loadbalanced"": ""false"", ""resource_instance_id"": ""1398563761166861218"", ""resource_project_id"": ""proyecto-2-cloud-509714"", ""resource_type"": ""gce_instance"", ""resource_zone"": ""us-central1-a"", ""vm"": ""mooc-web""}",973
2026-09-27T05:19:00Z,"{""instance_name"": ""mooc-web"", ""loadbalanced"": ""false"", ""resource_instance_id"": ""1398563761166861218"", ""resource_project_id"": ""proyecto-2-cloud-509714"", ""resource_type"": ""gce_instance"", ""resource_zone"": ""us-central1-a"", ""vm"": ""mooc-web""}",976
2026-09-27T05:18:00Z,"{""instance_name"": ""mooc-web"", ""loadbalanced"": ""false"", ""resource_instance_id"": ""1398563761166861218"", ""resource_project_id"": ""proyecto-2-cloud-509714"", ""resource_type"": ""gce_instance"", ""resource_zone"": ""us-central1-a"", ""vm"": ""mooc-web""}",991
2026-09-27T05:17:00Z,"{""instance_name"": ""mooc-web"", ""loadbalanced"": ""false"", ""resource_instance_id"": ""1398563761166861218"", ""resource_project_id"": ""proyecto-2-cloud-509714"", ""resource_type"": ""gce_instance"", ""resource_zone"": ""us-central1-a"", ""vm"": ""mooc-web""}",1238
2026-09-27T05:16:00Z,"{""instance_name"": ""mooc-web"", ""loadbalanced"": ""false"", ""resource_instance_id"": ""1398563761166861218"", ""resource_project_id"": ""proyecto-2-cloud-509714"", ""resource_type"": ""gce_instance"", ""resource_zone"": ""us-central1-a"", ""vm"": ""mooc-web""}",969
2026-09-27T05:15:00Z,"{""instance_name"": ""mooc-web"", ""loadbalanced"": ""false"", ""resource_instance_id"": ""1398563761166861218"", ""resource_project_id"": ""proyecto-2-cloud-509714"", ""resource_type"": ""gce_instance"", ""resource_zone"": ""us-central1-a"", ""vm"": ""mooc-web""}",943
2026-09-27T05:14:00Z,"{""instance_name"": ""mooc-web"", ""loadbalanced"": ""false"", ""resource_instance_id"": ""1398563761166861218"", ""resource_project_id"": ""proyecto-2-cloud-509714"", ""resource_type"": ""gce_instance"", ""resource_zone"": ""us-central1-a"", ""vm"": ""mooc-web""}",952
2026-09-27T05:13:00Z,"{""instance_name"": ""mooc-web"", ""loadbalanced"": ""false"", ""resource_instance_id"": ""1398563761166861218"", ""resource_project_id"": ""proyecto-2-cloud-509714"", ""resource_type"": ""gce_instance"", ""resource_zone"": ""us-central1-a"", ""vm"": ""mooc-web""}",1002
2026-09-27T05:12:00Z,"{""instance_name"": ""mooc-web"", ""loadbalanced"": ""false"", ""resource_instance_id"": ""1398563761166861218"", ""resource_project_id"": ""proyecto-2-cloud-509714"", ""resource_type"": ""gce_instance"", ""resource_zone"": ""us-central1-a"", ""vm"": ""mooc-web""}",1041
2026-09-27T05:11:00Z,"{""instance_name"": ""mooc-web"", ""loadbalanced"": ""false"", ""resource_instance_id"": ""1398563761166861218"", ""resource_project_id"": ""proyecto-2-cloud-509714"", ""resource_type"": ""gce_instance"", ""resource_zone"": ""us-central1-a"", ""vm"": ""mooc-web""}",1025
2026-09-27T05:10:00Z,"{""instance_name"": ""mooc-web"", ""loadbalanced"": ""false"", ""resource_instance_id"": ""1398563761166861218"", ""resource_project_id"": ""proyecto-2-cloud-509714"", ""resource_type"": ""gce_instance"", ""resource_zone"": ""us-central1-a"", ""vm"": ""mooc-web""}",1041
2026-09-27T05:09:00Z,"{""instance_name"": ""mooc-web"", ""loadbalanced"": ""false"", ""resource_instance_id"": ""1398563761166861218"", ""resource_project_id"": ""proyecto-2-cloud-509714"", ""resource_type"": ""gce_instance"", ""resource_zone"": ""us-central1-a"", ""vm"": ""mooc-web""}",1036
2026-09-27T05:08:00Z,"{""instance_name"": ""mooc-web"", ""loadbalanced"": ""false"", ""resource_instance_id"": ""1398563761166861218"", ""resource_project_id"": ""proyecto-2-cloud-509714"", ""resource_type"": ""gce_instance"", ""resource_zone"": ""us-central1-a"", ""vm"": ""mooc-web""}",1029
2026-09-27T05:07:00Z,"{""instance_name"": ""mooc-web"", ""loadbalanced"": ""false"", ""resource_instance_id"": ""1398563761166861218"", ""resource_project_id"": ""proyecto-2-cloud-509714"", ""resource_type"": ""gce_instance"", ""resource_zone"": ""us-central1-a"", ""vm"": ""mooc-web""}",1024
2026-09-27T05:06:00Z,"{""instance_name"": ""mooc-web"", ""loadbalanced"": ""false"", ""resource_instance_id"": ""1398563761166861218"", ""resource_project_id"": ""proyecto-2-cloud-509714"", ""resource_type"": ""gce_instance"", ""resource_zone"": ""us-central1-a"", ""vm"": ""mooc-web""}",1025
2026-09-27T05:05:00Z,"{""instance_name"": ""mooc-web"", ""loadbalanced"": ""false"", ""resource_instance_id"": ""1398563761166861218"", ""resource_project_id"": ""proyecto-2-cloud-509714"", ""resource_type"": ""gce_instance"", ""resource_zone"": ""us-central1-a"", ""vm"": ""mooc-web""}",1024
2026-09-27T05:04:00Z,"{""instance_name"": ""mooc-web"", ""loadbalanced"": ""false"", ""resource_instance_id"": ""1398563761166861218"", ""resource_project_id"": ""proyecto-2-cloud-509714"", ""resource_type"": ""gce_instance"", ""resource_zone"": ""us-central1-a"", ""vm"": ""mooc-web""}",951
2026-09-27T05:03:00Z,"{""instance_name"": ""mooc-web"", ""loadbalanced"": ""false"", ""resource_instance_id"": ""1398563761166861218"", ""resource_project_id"": ""proyecto-2-cloud-509714"", ""resource_type"": ""gce_instance"", ""resource_zone"": ""us-central1-a"", ""vm"": ""mooc-web""}",958
2026-09-27T05:02:00Z,"{""instance_name"": ""mooc-web"", ""loadbalanced"": ""false"", ""resource_instance_id"": ""1398563761166861218"", ""resource_project_id"": ""proyecto-2-cloud-509714"", ""resource_type"": ""gce_instance"", ""resource_zone"": ""us-central1-a"", ""vm"": ""mooc-web""}",956
2026-09-27T05:01:00Z,"{""instance_name"": ""mooc-web"", ""loadbalanced"": ""false"", ""resource_instance_id"": ""1398563761166861218"", ""resource_project_id"": ""proyecto-2-cloud-509714"", ""resource_type"": ""gce_instance"", ""resource_zone"": ""us-central1-a"", ""vm"": ""mooc-web""}",959
2026-09-27T05:00:00Z,"{""instance_name"": ""mooc-web"", ""loadbalanced"": ""false"", ""resource_instance_id"": ""1398563761166861218"", ""resource_project_id"": ""proyecto-2-cloud-509714"", ""resource_type"": ""gce_instance"", ""resource_zone"": ""us-central1-a"", ""vm"": ""mooc-web""}",977
2026-09-27T04:59:00Z,"{""instance_name"": ""mooc-web"", ""loadbalanced"": ""false"", ""resource_instance_id"": ""1398563761166861218"", ""resource_project_id"": ""proyecto-2-cloud-509714"", ""resource_type"": ""gce_instance"", ""resource_zone"": ""us-central1-a"", ""vm"": ""mooc-web""}",962
2026-09-27T04:58:00Z,"{""instance_name"": ""mooc-web"", ""loadbalanced"": ""false"", ""resource_instance_id"": ""1398563761166861218"", ""resource_project_id"": ""proyecto-2-cloud-509714"", ""resource_type"": ""gce_instance"", ""resource_zone"": ""us-central1-a"", ""vm"": ""mooc-web""}",975
2026-09-27T04:57:00Z,"{""instance_name"": ""mooc-web"", ""loadbalanced"": ""false"", ""resource_instance_id"": ""1398563761166861218"", ""resource_project_id"": ""proyecto-2-cloud-509714"", ""resource_type"": ""gce_instance"", ""resource_zone"": ""us-central1-a"", ""vm"": ""mooc-web""}",968
2026-09-27T04:56:00Z,"{""instance_name"": ""mooc-web"", ""loadbalanced"": ""false"", ""resource_instance_id"": ""1398563761166861218"", ""resource_project_id"": ""proyecto-2-cloud-509714"", ""resource_type"": ""gce_instance"", ""resource_zone"": ""us-central1-a"", ""vm"": ""mooc-web""}",1508
2026-09-27T04:55:00Z,"{""instance_name"": ""mooc-web"", ""loadbalanced"": ""false"", ""resource_instance_id"": ""1398563761166861218"", ""resource_project_id"": ""proyecto-2-cloud-509714"", ""resource_type"": ""gce_instance"", ""resource_zone"": ""us-central1-a"", ""vm"": ""mooc-web""}",9146
2026-09-27T04:54:00Z,"{""instance_name"": ""mooc-web"", ""loadbalanced"": ""false"", ""resource_instance_id"": ""1398563761166861218"", ""resource_project_id"": ""proyecto-2-cloud-509714"", ""resource_type"": ""gce_instance"", ""resource_zone"": ""us-central1-a"", ""vm"": ""mooc-web""}",11926
2026-09-27T04:53:00Z,"{""instance_name"": ""mooc-web"", ""loadbalanced"": ""false"", ""resource_instance_id"": ""1398563761166861218"", ""resource_project_id"": ""proyecto-2-cloud-509714"", ""resource_type"": ""gce_instance"", ""resource_zone"": ""us-central1-a"", ""vm"": ""mooc-web""}",11018
2026-09-27T04:52:00Z,"{""instance_name"": ""mooc-web"", ""loadbalanced"": ""false"", ""resource_instance_id"": ""1398563761166861218"", ""resource_project_id"": ""proyecto-2-cloud-509714"", ""resource_type"": ""gce_instance"", ""resource_zone"": ""us-central1-a"", ""vm"": ""mooc-web""}",10087
2026-09-27T04:51:00Z,"{""instance_name"": ""mooc-web"", ""loadbalanced"": ""false"", ""resource_instance_id"": ""1398563761166861218"", ""resource_project_id"": ""proyecto-2-cloud-509714"", ""resource_type"": ""gce_instance"", ""resource_zone"": ""us-central1-a"", ""vm"": ""mooc-web""}",7130
2026-09-27T04:50:00Z,"{""instance_name"": ""mooc-web"", ""loadbalanced"": ""false"", ""resource_instance_id"": ""1398563761166861218"", ""resource_project_id"": ""proyecto-2-cloud-509714"", ""resource_type"": ""gce_instance"", ""resource_zone"": ""us-central1-a"", ""vm"": ""mooc-web""}",5338
2026-09-27T04:49:00Z,"{""instance_name"": ""mooc-web"", ""loadbalanced"": ""false"", ""resource_instance_id"": ""1398563761166861218"", ""resource_project_id"": ""proyecto-2-cloud-509714"", ""resource_type"": ""gce_instance"", ""resource_zone"": ""us-central1-a"", ""vm"": ""mooc-web""}",5280
2026-09-27T04:48:00Z,"{""instance_name"": ""mooc-web"", ""loadbalanced"": ""false"", ""resource_instance_id"": ""1398563761166861218"", ""resource_project_id"": ""proyecto-2-cloud-509714"", ""resource_type"": ""gce_instance"", ""resource_zone"": ""us-central1-a"", ""vm"": ""mooc-web""}",4983
2026-09-27T04:47:00Z,"{""instance_name"": ""mooc-web"", ""loadbalanced"": ""false"", ""resource_instance_id"": ""1398563761166861218"", ""resource_project_id"": ""proyecto-2-cloud-509714"", ""resource_type"": ""gce_instance"", ""resource_zone"": ""us-central1-a"", ""vm"": ""mooc-web""}",4720
2026-09-27T04:46:00Z,"{""instance_name"": ""mooc-web"", ""loadbalanced"": ""false"", ""resource_instance_id"": ""1398563761166861218"", ""resource_project_id"": ""proyecto-2-cloud-509714"", ""resource_type"": ""gce_instance"", ""resource_zone"": ""us-central1-a"", ""vm"": ""mooc-web""}",2754
2026-09-27T04:45:00Z,"{""instance_name"": ""mooc-web"", ""loadbalanced"": ""false"", ""resource_instance_id"": ""1398563761166861218"", ""resource_project_id"": ""proyecto-2-cloud-509714"", ""resource_type"": ""gce_instance"", ""resource_zone"": ""us-central1-a"", ""vm"": ""mooc-web""}",2680
2026-09-27T04:44:00Z,"{""instance_name"": ""mooc-web"", ""loadbalanced"": ""false"", ""resource_instance_id"": ""1398563761166861218"", ""resource_project_id"": ""proyecto-2-cloud-509714"", ""resource_type"": ""gce_instance"", ""resource_zone"": ""us-central1-a"", ""vm"": ""mooc-web""}",2817
2026-09-27T04:43:00Z,"{""instance_name"": ""mooc-web"", ""loadbalanced"": ""false"", ""resource_instance_id"": ""1398563761166861218"", ""resource_project_id"": ""proyecto-2-cloud-509714"", ""resource_type"": ""gce_instance"", ""resource_zone"": ""us-central1-a"", ""vm"": ""mooc-web""}",2706
2026-09-27T04:42:00Z,"{""instance_name"": ""mooc-web"", ""loadbalanced"": ""false"", ""resource_instance_id"": ""1398563761166861218"", ""resource_project_id"": ""proyecto-2-cloud-509714"", ""resource_type"": ""gce_instance"", ""resource_zone"": ""us-central1-a"", ""vm"": ""mooc-web""}",2346
2026-09-27T04:41:00Z,"{""instance_name"": ""mooc-web"", ""loadbalanced"": ""false"", ""resource_instance_id"": ""1398563761166861218"", ""resource_project_id"": ""proyecto-2-cloud-509714"", ""resource_type"": ""gce_instance"", ""resource_zone"": ""us-central1-a"", ""vm"": ""mooc-web""}",1005
2026-09-27T04:40:00Z,"{""instance_name"": ""mooc-web"", ""loadbalanced"": ""false"", ""resource_instance_id"": ""1398563761166861218"", ""resource_project_id"": ""proyecto-2-cloud-509714"", ""resource_type"": ""gce_instance"", ""resource_zone"": ""us-central1-a"", ""vm"": ""mooc-web""}",987
2026-09-27T04:39:00Z,"{""instance_name"": ""mooc-web"", ""loadbalanced"": ""false"", ""resource_instance_id"": ""1398563761166861218"", ""resource_project_id"": ""proyecto-2-cloud-509714"", ""resource_type"": ""gce_instance"", ""resource_zone"": ""us-central1-a"", ""vm"": ""mooc-web""}",970
2026-09-27T04:38:00Z,"{""instance_name"": ""mooc-web"", ""loadbalanced"": ""false"", ""resource_instance_id"": ""1398563761166861218"", ""resource_project_id"": ""proyecto-2-cloud-509714"", ""resource_type"": ""gce_instance"", ""resource_zone"": ""us-central1-a"", ""vm"": ""mooc-web""}",962
2026-09-27T04:37:00Z,"{""instance_name"": ""mooc-web"", ""loadbalanced"": ""false"", ""resource_instance_id"": ""1398563761166861218"", ""resource_project_id"": ""proyecto-2-cloud-509714"", ""resource_type"": ""gce_instance"", ""resource_zone"": ""us-central1-a"", ""vm"": ""mooc-web""}",990
2026-09-27T04:36:00Z,"{""instance_name"": ""mooc-web"", ""loadbalanced"": ""false"", ""resource_instance_id"": ""1398563761166861218"", ""resource_project_id"": ""proyecto-2-cloud-509714"", ""resource_type"": ""gce_instance"", ""resource_zone"": ""us-central1-a"", ""vm"": ""mooc-web""}",1015
2026-09-27T04:35:00Z,"{""instance_name"": ""mooc-web"", ""loadbalanced"": ""false"", ""resource_instance_id"": ""1398563761166861218"", ""resource_project_id"": ""proyecto-2-cloud-509714"", ""resource_type"": ""gce_instance"", ""resource_zone"": ""us-central1-a"", ""vm"": ""mooc-web""}",998
2026-09-27T04:34:00Z,"{""instance_name"": ""mooc-web"", ""loadbalanced"": ""false"", ""resource_instance_id"": ""1398563761166861218"", ""resource_project_id"": ""proyecto-2-cloud-509714"", ""resource_type"": ""gce_instance"", ""resource_zone"": ""us-central1-a"", ""vm"": ""mooc-web""}",1009
2026-09-27T04:33:00Z,"{""instance_name"": ""mooc-web"", ""loadbalanced"": ""false"", ""resource_instance_id"": ""1398563761166861218"", ""resource_project_id"": ""proyecto-2-cloud-509714"", ""resource_type"": ""gce_instance"", ""resource_zone"": ""us-central1-a"", ""vm"": ""mooc-web""}",1107
2026-09-27T04:32:00Z,"{""instance_name"": ""mooc-web"", ""loadbalanced"": ""false"", ""resource_instance_id"": ""1398563761166861218"", ""resource_project_id"": ""proyecto-2-cloud-509714"", ""resource_type"": ""gce_instance"", ""resource_zone"": ""us-central1-a"", ""vm"": ""mooc-web""}",1005
2026-09-27T04:31:00Z,"{""instance_name"": ""mooc-web"", ""loadbalanced"": ""false"", ""resource_instance_id"": ""1398563761166861218"", ""resource_project_id"": ""proyecto-2-cloud-509714"", ""resource_type"": ""gce_instance"", ""resource_zone"": ""us-central1-a"", ""vm"": ""mooc-web""}",1001
2026-09-27T04:30:00Z,"{""instance_name"": ""mooc-web"", ""loadbalanced"": ""false"", ""resource_instance_id"": ""1398563761166861218"", ""resource_project_id"": ""proyecto-2-cloud-509714"", ""resource_type"": ""gce_instance"", ""resource_zone"": ""us-central1-a"", ""vm"": ""mooc-web""}",1016
2026-09-27T04:29:00Z,"{""instance_name"": ""mooc-web"", ""loadbalanced"": ""false"", ""resource_instance_id"": ""1398563761166861218"", ""resource_project_id"": ""proyecto-2-cloud-509714"", ""resource_type"": ""gce_instance"", ""resource_zone"": ""us-central1-a"", ""vm"": ""mooc-web""}",1014
2026-09-27T04:28:00Z,"{""instance_name"": ""mooc-web"", ""loadbalanced"": ""false"", ""resource_instance_id"": ""1398563761166861218"", ""resource_project_id"": ""proyecto-2-cloud-509714"", ""resource_type"": ""gce_instance"", ""resource_zone"": ""us-central1-a"", ""vm"": ""mooc-web""}",1033
2026-09-27T04:27:00Z,"{""instance_name"": ""mooc-web"", ""loadbalanced"": ""false"", ""resource_instance_id"": ""1398563761166861218"", ""resource_project_id"": ""proyecto-2-cloud-509714"", ""resource_type"": ""gce_instance"", ""resource_zone"": ""us-central1-a"", ""vm"": ""mooc-web""}",901
2026-09-27T04:26:00Z,"{""instance_name"": ""mooc-web"", ""loadbalanced"": ""false"", ""resource_instance_id"": ""1398563761166861218"", ""resource_project_id"": ""proyecto-2-cloud-509714"", ""resource_type"": ""gce_instance"", ""resource_zone"": ""us-central1-a"", ""vm"": ""mooc-web""}",873
2026-09-27T04:25:00Z,"{""instance_name"": ""mooc-web"", ""loadbalanced"": ""false"", ""resource_instance_id"": ""1398563761166861218"", ""resource_project_id"": ""proyecto-2-cloud-509714"", ""resource_type"": ""gce_instance"", ""resource_zone"": ""us-central1-a"", ""vm"": ""mooc-web""}",909
2026-09-27T04:24:00Z,"{""instance_name"": ""mooc-web"", ""loadbalanced"": ""false"", ""resource_instance_id"": ""1398563761166861218"", ""resource_project_id"": ""proyecto-2-cloud-509714"", ""resource_type"": ""gce_instance"", ""resource_zone"": ""us-central1-a"", ""vm"": ""mooc-web""}",2040
2026-09-27T04:23:00Z,"{""instance_name"": ""mooc-web"", ""loadbalanced"": ""false"", ""resource_instance_id"": ""1398563761166861218"", ""resource_project_id"": ""proyecto-2-cloud-509714"", ""resource_type"": ""gce_instance"", ""resource_zone"": ""us-central1-a"", ""vm"": ""mooc-web""}",17160
2026-09-27T04:22:00Z,"{""instance_name"": ""mooc-web"", ""loadbalanced"": ""false"", ""resource_instance_id"": ""1398563761166861218"", ""resource_project_id"": ""proyecto-2-cloud-509714"", ""resource_type"": ""gce_instance"", ""resource_zone"": ""us-central1-a"", ""vm"": ""mooc-web""}",848
2026-09-27T04:21:00Z,"{""instance_name"": ""mooc-web"", ""loadbalanced"": ""false"", ""resource_instance_id"": ""1398563761166861218"", ""resource_project_id"": ""proyecto-2-cloud-509714"", ""resource_type"": ""gce_instance"", ""resource_zone"": ""us-central1-a"", ""vm"": ""mooc-web""}",865
2026-09-27T04:20:00Z,"{""instance_name"": ""mooc-web"", ""loadbalanced"": ""false"", ""resource_instance_id"": ""1398563761166861218"", ""resource_project_id"": ""proyecto-2-cloud-509714"", ""resource_type"": ""gce_instance"", ""resource_zone"": ""us-central1-a"", ""vm"": ""mooc-web""}",944
2026-09-27T04:19:00Z,"{""instance_name"": ""mooc-web"", ""loadbalanced"": ""false"", ""resource_instance_id"": ""1398563761166861218"", ""resource_project_id"": ""proyecto-2-cloud-509714"", ""resource_type"": ""gce_instance"", ""resource_zone"": ""us-central1-a"", ""vm"": ""mooc-web""}",862
2026-09-27T04:18:00Z,"{""instance_name"": ""mooc-web"", ""loadbalanced"": ""false"", ""resource_instance_id"": ""1398563761166861218"", ""resource_project_id"": ""proyecto-2-cloud-509714"", ""resource_type"": ""gce_instance"", ""resource_zone"": ""us-central1-a"", ""vm"": ""mooc-web""}",861
2026-09-27T04:17:00Z,"{""instance_name"": ""mooc-web"", ""loadbalanced"": ""false"", ""resource_instance_id"": ""1398563761166861218"", ""resource_project_id"": ""proyecto-2-cloud-509714"", ""resource_type"": ""gce_instance"", ""resource_zone"": ""us-central1-a"", ""vm"": ""mooc-web""}",864
2026-09-27T04:16:00Z,"{""instance_name"": ""mooc-web"", ""loadbalanced"": ""false"", ""resource_instance_id"": ""1398563761166861218"", ""resource_project_id"": ""proyecto-2-cloud-509714"", ""resource_type"": ""gce_instance"", ""resource_zone"": ""us-central1-a"", ""vm"": ""mooc-web""}",858
2026-09-27T04:15:00Z,"{""instance_name"": ""mooc-web"", ""loadbalanced"": ""false"", ""resource_instance_id"": ""1398563761166861218"", ""resource_project_id"": ""proyecto-2-cloud-509714"", ""resource_type"": ""gce_instance"", ""resource_zone"": ""us-central1-a"", ""vm"": ""mooc-web""}",876
2026-09-27T04:14:00Z,"{""instance_name"": ""mooc-web"", ""loadbalanced"": ""false"", ""resource_instance_id"": ""1398563761166861218"", ""resource_project_id"": ""proyecto-2-cloud-509714"", ""resource_type"": ""gce_instance"", ""resource_zone"": ""us-central1-a"", ""vm"": ""mooc-web""}",895
2026-09-27T04:13:00Z,"{""instance_name"": ""mooc-web"", ""loadbalanced"": ""false"", ""resource_instance_id"": ""1398563761166861218"", ""resource_project_id"": ""proyecto-2-cloud-509714"", ""resource_type"": ""gce_instance"", ""resource_zone"": ""us-central1-a"", ""vm"": ""mooc-web""}",910
2026-09-27T04:12:00Z,"{""instance_name"": ""mooc-web"", ""loadbalanced"": ""false"", ""resource_instance_id"": ""1398563761166861218"", ""resource_project_id"": ""proyecto-2-cloud-509714"", ""resource_type"": ""gce_instance"", ""resource_zone"": ""us-central1-a"", ""vm"": ""mooc-web""}",987
2026-09-27T04:11:00Z,"{""instance_name"": ""mooc-web"", ""loadbalanced"": ""false"", ""resource_instance_id"": ""1398563761166861218"", ""resource_project_id"": ""proyecto-2-cloud-509714"", ""resource_type"": ""gce_instance"", ""resource_zone"": ""us-central1-a"", ""vm"": ""mooc-web""}",954
2026-09-27T04:10:00Z,"{""instance_name"": ""mooc-web"", ""loadbalanced"": ""false"", ""resource_instance_id"": ""1398563761166861218"", ""resource_project_id"": ""proyecto-2-cloud-509714"", ""resource_type"": ""gce_instance"", ""resource_zone"": ""us-central1-a"", ""vm"": ""mooc-web""}",925
2026-09-27T04:09:00Z,"{""instance_name"": ""mooc-web"", ""loadbalanced"": ""false"", ""resource_instance_id"": ""1398563761166861218"", ""resource_project_id"": ""proyecto-2-cloud-509714"", ""resource_type"": ""gce_instance"", ""resource_zone"": ""us-central1-a"", ""vm"": ""mooc-web""}",839
2026-09-27T04:08:00Z,"{""instance_name"": ""mooc-web"", ""loadbalanced"": ""false"", ""resource_instance_id"": ""1398563761166861218"", ""resource_project_id"": ""proyecto-2-cloud-509714"", ""resource_type"": ""gce_instance"", ""resource_zone"": ""us-central1-a"", ""vm"": ""mooc-web""}",835
2026-09-27T04:07:00Z,"{""instance_name"": ""mooc-web"", ""loadbalanced"": ""false"", ""resource_instance_id"": ""1398563761166861218"", ""resource_project_id"": ""proyecto-2-cloud-509714"", ""resource_type"": ""gce_instance"", ""resource_zone"": ""us-central1-a"", ""vm"": ""mooc-web""}",882
2026-09-27T04:06:00Z,"{""instance_name"": ""mooc-web"", ""loadbalanced"": ""false"", ""resource_instance_id"": ""1398563761166861218"", ""resource_project_id"": ""proyecto-2-cloud-509714"", ""resource_type"": ""gce_instance"", ""resource_zone"": ""us-central1-a"", ""vm"": ""mooc-web""}",2046
2026-09-27T04:05:00Z,"{""instance_name"": ""mooc-web"", ""loadbalanced"": ""false"", ""resource_instance_id"": ""1398563761166861218"", ""resource_project_id"": ""proyecto-2-cloud-509714"", ""resource_type"": ""gce_instance"", ""resource_zone"": ""us-central1-a"", ""vm"": ""mooc-web""}",11236
2026-09-27T04:04:00Z,"{""instance_name"": ""mooc-web"", ""loadbalanced"": ""false"", ""resource_instance_id"": ""1398563761166861218"", ""resource_project_id"": ""proyecto-2-cloud-509714"", ""resource_type"": ""gce_instance"", ""resource_zone"": ""us-central1-a"", ""vm"": ""mooc-web""}",6136
2026-09-27T04:03:00Z,"{""instance_name"": ""mooc-web"", ""loadbalanced"": ""false"", ""resource_instance_id"": ""1398563761166861218"", ""resource_project_id"": ""proyecto-2-cloud-509714"", ""resource_type"": ""gce_instance"", ""resource_zone"": ""us-central1-a"", ""vm"": ""mooc-web""}",1041
2026-09-27T04:02:00Z,"{""instance_name"": ""mooc-web"", ""loadbalanced"": ""false"", ""resource_instance_id"": ""1398563761166861218"", ""resource_project_id"": ""proyecto-2-cloud-509714"", ""resource_type"": ""gce_instance"", ""resource_zone"": ""us-central1-a"", ""vm"": ""mooc-web""}",840
2026-09-27T04:01:00Z,"{""instance_name"": ""mooc-web"", ""loadbalanced"": ""false"", ""resource_instance_id"": ""1398563761166861218"", ""resource_project_id"": ""proyecto-2-cloud-509714"", ""resource_type"": ""gce_instance"", ""resource_zone"": ""us-central1-a"", ""vm"": ""mooc-web""}",849
2026-09-27T04:00:00Z,"{""instance_name"": ""mooc-web"", ""loadbalanced"": ""false"", ""resource_instance_id"": ""1398563761166861218"", ""resource_project_id"": ""proyecto-2-cloud-509714"", ""resource_type"": ""gce_instance"", ""resource_zone"": ""us-central1-a"", ""vm"": ""mooc-web""}",862
2026-09-27T03:59:00Z,"{""instance_name"": ""mooc-web"", ""loadbalanced"": ""false"", ""resource_instance_id"": ""1398563761166861218"", ""resource_project_id"": ""proyecto-2-cloud-509714"", ""resource_type"": ""gce_instance"", ""resource_zone"": ""us-central1-a"", ""vm"": ""mooc-web""}",886
2026-09-27T03:58:00Z,"{""instance_name"": ""mooc-web"", ""loadbalanced"": ""false"", ""resource_instance_id"": ""1398563761166861218"", ""resource_project_id"": ""proyecto-2-cloud-509714"", ""resource_type"": ""gce_instance"", ""resource_zone"": ""us-central1-a"", ""vm"": ""mooc-web""}",852
2026-09-27T03:57:00Z,"{""instance_name"": ""mooc-web"", ""loadbalanced"": ""false"", ""resource_instance_id"": ""1398563761166861218"", ""resource_project_id"": ""proyecto-2-cloud-509714"", ""resource_type"": ""gce_instance"", ""resource_zone"": ""us-central1-a"", ""vm"": ""mooc-web""}",852
2026-09-27T03:56:00Z,"{""instance_name"": ""mooc-web"", ""loadbalanced"": ""false"", ""resource_instance_id"": ""1398563761166861218"", ""resource_project_id"": ""proyecto-2-cloud-509714"", ""resource_type"": ""gce_instance"", ""resource_zone"": ""us-central1-a"", ""vm"": ""mooc-web""}",849
2026-09-27T03:55:00Z,"{""instance_name"": ""mooc-web"", ""loadbalanced"": ""false"", ""resource_instance_id"": ""1398563761166861218"", ""resource_project_id"": ""proyecto-2-cloud-509714"", ""resource_type"": ""gce_instance"", ""resource_zone"": ""us-central1-a"", ""vm"": ""mooc-web""}",844
2026-09-27T03:54:00Z,"{""instance_name"": ""mooc-web"", ""loadbalanced"": ""false"", ""resource_instance_id"": ""1398563761166861218"", ""resource_project_id"": ""proyecto-2-cloud-509714"", ""resource_type"": ""gce_instance"", ""resource_zone"": ""us-central1-a"", ""vm"": ""mooc-web""}",1081
2026-09-27T03:53:00Z,"{""instance_name"": ""mooc-web"", ""loadbalanced"": ""false"", ""resource_instance_id"": ""1398563761166861218"", ""resource_project_id"": ""proyecto-2-cloud-509714"", ""resource_type"": ""gce_instance"", ""resource_zone"": ""us-central1-a"", ""vm"": ""mooc-web""}",1113
2026-09-27T03:52:00Z,"{""instance_name"": ""mooc-web"", ""loadbalanced"": ""false"", ""resource_instance_id"": ""1398563761166861218"", ""resource_project_id"": ""proyecto-2-cloud-509714"", ""resource_type"": ""gce_instance"", ""resource_zone"": ""us-central1-a"", ""vm"": ""mooc-web""}",1636
2026-09-27T03:51:00Z,"{""instance_name"": ""mooc-web"", ""loadbalanced"": ""false"", ""resource_instance_id"": ""1398563761166861218"", ""resource_project_id"": ""proyecto-2-cloud-509714"", ""resource_type"": ""gce_instance"", ""resource_zone"": ""us-central1-a"", ""vm"": ""mooc-web""}",1312
2026-09-27T03:50:00Z,"{""instance_name"": ""mooc-web"", ""loadbalanced"": ""false"", ""resource_instance_id"": ""1398563761166861218"", ""resource_project_id"": ""proyecto-2-cloud-509714"", ""resource_type"": ""gce_instance"", ""resource_zone"": ""us-central1-a"", ""vm"": ""mooc-web""}",1314
2026-09-27T03:49:00Z,"{""instance_name"": ""mooc-web"", ""loadbalanced"": ""false"", ""resource_instance_id"": ""1398563761166861218"", ""resource_project_id"": ""proyecto-2-cloud-509714"", ""resource_type"": ""gce_instance"", ""resource_zone"": ""us-central1-a"", ""vm"": ""mooc-web""}",953
2026-09-27T03:48:00Z,"{""instance_name"": ""mooc-web"", ""loadbalanced"": ""false"", ""resource_instance_id"": ""1398563761166861218"", ""resource_project_id"": ""proyecto-2-cloud-509714"", ""resource_type"": ""gce_instance"", ""resource_zone"": ""us-central1-a"", ""vm"": ""mooc-web""}",1126
2026-09-27T03:47:00Z,"{""instance_name"": ""mooc-web"", ""loadbalanced"": ""false"", ""resource_instance_id"": ""1398563761166861218"", ""resource_project_id"": ""proyecto-2-cloud-509714"", ""resource_type"": ""gce_instance"", ""resource_zone"": ""us-central1-a"", ""vm"": ""mooc-web""}",2752
2026-09-27T03:46:00Z,"{""instance_name"": ""mooc-web"", ""loadbalanced"": ""false"", ""resource_instance_id"": ""1398563761166861218"", ""resource_project_id"": ""proyecto-2-cloud-509714"", ""resource_type"": ""gce_instance"", ""resource_zone"": ""us-central1-a"", ""vm"": ""mooc-web""}",2589
2026-09-27T03:45:00Z,"{""instance_name"": ""mooc-web"", ""loadbalanced"": ""false"", ""resource_instance_id"": ""1398563761166861218"", ""resource_project_id"": ""proyecto-2-cloud-509714"", ""resource_type"": ""gce_instance"", ""resource_zone"": ""us-central1-a"", ""vm"": ""mooc-web""}",3376
2026-09-27T03:44:00Z,"{""instance_name"": ""mooc-web"", ""loadbalanced"": ""false"", ""resource_instance_id"": ""1398563761166861218"", ""resource_project_id"": ""proyecto-2-cloud-509714"", ""resource_type"": ""gce_instance"", ""resource_zone"": ""us-central1-a"", ""vm"": ""mooc-web""}",15546
2026-09-27T03:43:00Z,"{""instance_name"": ""mooc-web"", ""loadbalanced"": ""false"", ""resource_instance_id"": ""1398563761166861218"", ""resource_project_id"": ""proyecto-2-cloud-509714"", ""resource_type"": ""gce_instance"", ""resource_zone"": ""us-central1-a"", ""vm"": ""mooc-web""}",29033
2026-09-27T03:42:00Z,"{""instance_name"": ""mooc-web"", ""loadbalanced"": ""false"", ""resource_instance_id"": ""1398563761166861218"", ""resource_project_id"": ""proyecto-2-cloud-509714"", ""resource_type"": ""gce_instance"", ""resource_zone"": ""us-central1-a"", ""vm"": ""mooc-web""}",26484
2026-09-27T03:41:00Z,"{""instance_name"": ""mooc-web"", ""loadbalanced"": ""false"", ""resource_instance_id"": ""1398563761166861218"", ""resource_project_id"": ""proyecto-2-cloud-509714"", ""resource_type"": ""gce_instance"", ""resource_zone"": ""us-central1-a"", ""vm"": ""mooc-web""}",32332
2026-09-27T03:40:00Z,"{""instance_name"": ""mooc-web"", ""loadbalanced"": ""false"", ""resource_instance_id"": ""1398563761166861218"", ""resource_project_id"": ""proyecto-2-cloud-509714"", ""resource_type"": ""gce_instance"", ""resource_zone"": ""us-central1-a"", ""vm"": ""mooc-web""}",31436
2026-09-27T03:39:00Z,"{""instance_name"": ""mooc-web"", ""loadbalanced"": ""false"", ""resource_instance_id"": ""1398563761166861218"", ""resource_project_id"": ""proyecto-2-cloud-509714"", ""resource_type"": ""gce_instance"", ""resource_zone"": ""us-central1-a"", ""vm"": ""mooc-web""}",26732
2026-09-27T03:38:00Z,"{""instance_name"": ""mooc-web"", ""loadbalanced"": ""false"", ""resource_instance_id"": ""1398563761166861218"", ""resource_project_id"": ""proyecto-2-cloud-509714"", ""resource_type"": ""gce_instance"", ""resource_zone"": ""us-central1-a"", ""vm"": ""mooc-web""}",30000
2026-09-27T03:37:00Z,"{""instance_name"": ""mooc-web"", ""loadbalanced"": ""false"", ""resource_instance_id"": ""1398563761166861218"", ""resource_project_id"": ""proyecto-2-cloud-509714"", ""resource_type"": ""gce_instance"", ""resource_zone"": ""us-central1-a"", ""vm"": ""mooc-web""}",39699
2026-09-27T03:36:00Z,"{""instance_name"": ""mooc-web"", ""loadbalanced"": ""false"", ""resource_instance_id"": ""1398563761166861218"", ""resource_project_id"": ""proyecto-2-cloud-509714"", ""resource_type"": ""gce_instance"", ""resource_zone"": ""us-central1-a"", ""vm"": ""mooc-web""}",50190
2026-09-27T03:35:00Z,"{""instance_name"": ""mooc-web"", ""loadbalanced"": ""false"", ""resource_instance_id"": ""1398563761166861218"", ""resource_project_id"": ""proyecto-2-cloud-509714"", ""resource_type"": ""gce_instance"", ""resource_zone"": ""us-central1-a"", ""vm"": ""mooc-web""}",49878
2026-09-27T03:34:00Z,"{""instance_name"": ""mooc-web"", ""loadbalanced"": ""false"", ""resource_instance_id"": ""1398563761166861218"", ""resource_project_id"": ""proyecto-2-cloud-509714"", ""resource_type"": ""gce_instance"", ""resource_zone"": ""us-central1-a"", ""vm"": ""mooc-web""}",39586
2026-09-27T03:33:00Z,"{""instance_name"": ""mooc-web"", ""loadbalanced"": ""false"", ""resource_instance_id"": ""1398563761166861218"", ""resource_project_id"": ""proyecto-2-cloud-509714"", ""resource_type"": ""gce_instance"", ""resource_zone"": ""us-central1-a"", ""vm"": ""mooc-web""}",28089
2026-09-27T03:32:00Z,"{""instance_name"": ""mooc-web"", ""loadbalanced"": ""false"", ""resource_instance_id"": ""1398563761166861218"", ""resource_project_id"": ""proyecto-2-cloud-509714"", ""resource_type"": ""gce_instance"", ""resource_zone"": ""us-central1-a"", ""vm"": ""mooc-web""}",27140
2026-09-27T03:31:00Z,"{""instance_name"": ""mooc-web"", ""loadbalanced"": ""false"", ""resource_instance_id"": ""1398563761166861218"", ""resource_project_id"": ""proyecto-2-cloud-509714"", ""resource_type"": ""gce_instance"", ""resource_zone"": ""us-central1-a"", ""vm"": ""mooc-web""}",32560
2026-09-27T03:30:00Z,"{""instance_name"": ""mooc-web"", ""loadbalanced"": ""false"", ""resource_instance_id"": ""1398563761166861218"", ""resource_project_id"": ""proyecto-2-cloud-509714"", ""resource_type"": ""gce_instance"", ""resource_zone"": ""us-central1-a"", ""vm"": ""mooc-web""}",32402
2026-09-27T03:29:00Z,"{""instance_name"": ""mooc-web"", ""loadbalanced"": ""false"", ""resource_instance_id"": ""1398563761166861218"", ""resource_project_id"": ""proyecto-2-cloud-509714"", ""resource_type"": ""gce_instance"", ""resource_zone"": ""us-central1-a"", ""vm"": ""mooc-web""}",28945
2026-09-27T03:28:00Z,"{""instance_name"": ""mooc-web"", ""loadbalanced"": ""false"", ""resource_instance_id"": ""1398563761166861218"", ""resource_project_id"": ""proyecto-2-cloud-509714"", ""resource_type"": ""gce_instance"", ""resource_zone"": ""us-central1-a"", ""vm"": ""mooc-web""}",24013
2026-09-27T03:27:00Z,"{""instance_name"": ""mooc-web"", ""loadbalanced"": ""false"", ""resource_instance_id"": ""1398563761166861218"", ""resource_project_id"": ""proyecto-2-cloud-509714"", ""resource_type"": ""gce_instance"", ""resource_zone"": ""us-central1-a"", ""vm"": ""mooc-web""}",18725
2026-09-27T03:26:00Z,"{""instance_name"": ""mooc-web"", ""loadbalanced"": ""false"", ""resource_instance_id"": ""1398563761166861218"", ""resource_project_id"": ""proyecto-2-cloud-509714"", ""resource_type"": ""gce_instance"", ""resource_zone"": ""us-central1-a"", ""vm"": ""mooc-web""}",16620
2026-09-27T03:25:00Z,"{""instance_name"": ""mooc-web"", ""loadbalanced"": ""false"", ""resource_instance_id"": ""1398563761166861218"", ""resource_project_id"": ""proyecto-2-cloud-509714"", ""resource_type"": ""gce_instance"", ""resource_zone"": ""us-central1-a"", ""vm"": ""mooc-web""}",17001
2026-09-27T03:24:00Z,"{""instance_name"": ""mooc-web"", ""loadbalanced"": ""false"", ""resource_instance_id"": ""1398563761166861218"", ""resource_project_id"": ""proyecto-2-cloud-509714"", ""resource_type"": ""gce_instance"", ""resource_zone"": ""us-central1-a"", ""vm"": ""mooc-web""}",15527
2026-09-27T03:23:00Z,"{""instance_name"": ""mooc-web"", ""loadbalanced"": ""false"", ""resource_instance_id"": ""1398563761166861218"", ""resource_project_id"": ""proyecto-2-cloud-509714"", ""resource_type"": ""gce_instance"", ""resource_zone"": ""us-central1-a"", ""vm"": ""mooc-web""}",27003
2026-09-27T03:22:00Z,"{""instance_name"": ""mooc-web"", ""loadbalanced"": ""false"", ""resource_instance_id"": ""1398563761166861218"", ""resource_project_id"": ""proyecto-2-cloud-509714"", ""resource_type"": ""gce_instance"", ""resource_zone"": ""us-central1-a"", ""vm"": ""mooc-web""}",7901
2026-09-27T03:21:00Z,"{""instance_name"": ""mooc-web"", ""loadbalanced"": ""false"", ""resource_instance_id"": ""1398563761166861218"", ""resource_project_id"": ""proyecto-2-cloud-509714"", ""resource_type"": ""gce_instance"", ""resource_zone"": ""us-central1-a"", ""vm"": ""mooc-web""}",8923
2026-09-27T03:20:00Z,"{""instance_name"": ""mooc-web"", ""loadbalanced"": ""false"", ""resource_instance_id"": ""1398563761166861218"", ""resource_project_id"": ""proyecto-2-cloud-509714"", ""resource_type"": ""gce_instance"", ""resource_zone"": ""us-central1-a"", ""vm"": ""mooc-web""}",8127
2026-09-27T03:19:00Z,"{""instance_name"": ""mooc-web"", ""loadbalanced"": ""false"", ""resource_instance_id"": ""1398563761166861218"", ""resource_project_id"": ""proyecto-2-cloud-509714"", ""resource_type"": ""gce_instance"", ""resource_zone"": ""us-central1-a"", ""vm"": ""mooc-web""}",8836
2026-09-27T03:18:00Z,"{""instance_name"": ""mooc-web"", ""loadbalanced"": ""false"", ""resource_instance_id"": ""1398563761166861218"", ""resource_project_id"": ""proyecto-2-cloud-509714"", ""resource_type"": ""gce_instance"", ""resource_zone"": ""us-central1-a"", ""vm"": ""mooc-web""}",27211
2026-09-27T03:17:00Z,"{""instance_name"": ""mooc-web"", ""loadbalanced"": ""false"", ""resource_instance_id"": ""1398563761166861218"", ""resource_project_id"": ""proyecto-2-cloud-509714"", ""resource_type"": ""gce_instance"", ""resource_zone"": ""us-central1-a"", ""vm"": ""mooc-web""}",2044
2026-09-27T03:16:00Z,"{""instance_name"": ""mooc-web"", ""loadbalanced"": ""false"", ""resource_instance_id"": ""1398563761166861218"", ""resource_project_id"": ""proyecto-2-cloud-509714"", ""resource_type"": ""gce_instance"", ""resource_zone"": ""us-central1-a"", ""vm"": ""mooc-web""}",4081
2026-09-27T03:15:00Z,"{""instance_name"": ""mooc-web"", ""loadbalanced"": ""false"", ""resource_instance_id"": ""1398563761166861218"", ""resource_project_id"": ""proyecto-2-cloud-509714"", ""resource_type"": ""gce_instance"", ""resource_zone"": ""us-central1-a"", ""vm"": ""mooc-web""}",4808
2026-09-27T03:14:00Z,"{""instance_name"": ""mooc-web"", ""loadbalanced"": ""false"", ""resource_instance_id"": ""1398563761166861218"", ""resource_project_id"": ""proyecto-2-cloud-509714"", ""resource_type"": ""gce_instance"", ""resource_zone"": ""us-central1-a"", ""vm"": ""mooc-web""}",21358
2026-09-27T03:13:00Z,"{""instance_name"": ""mooc-web"", ""loadbalanced"": ""false"", ""resource_instance_id"": ""1398563761166861218"", ""resource_project_id"": ""proyecto-2-cloud-509714"", ""resource_type"": ""gce_instance"", ""resource_zone"": ""us-central1-a"", ""vm"": ""mooc-web""}",7696
2026-09-27T03:12:00Z,"{""instance_name"": ""mooc-web"", ""loadbalanced"": ""false"", ""resource_instance_id"": ""1398563761166861218"", ""resource_project_id"": ""proyecto-2-cloud-509714"", ""resource_type"": ""gce_instance"", ""resource_zone"": ""us-central1-a"", ""vm"": ""mooc-web""}",1234
2026-09-27T03:11:00Z,"{""instance_name"": ""mooc-web"", ""loadbalanced"": ""false"", ""resource_instance_id"": ""1398563761166861218"", ""resource_project_id"": ""proyecto-2-cloud-509714"", ""resource_type"": ""gce_instance"", ""resource_zone"": ""us-central1-a"", ""vm"": ""mooc-web""}",1395
2026-09-27T03:10:00Z,"{""instance_name"": ""mooc-web"", ""loadbalanced"": ""false"", ""resource_instance_id"": ""1398563761166861218"", ""resource_project_id"": ""proyecto-2-cloud-509714"", ""resource_type"": ""gce_instance"", ""resource_zone"": ""us-central1-a"", ""vm"": ""mooc-web""}",3702
2026-09-27T03:09:00Z,"{""instance_name"": ""mooc-web"", ""loadbalanced"": ""false"", ""resource_instance_id"": ""1398563761166861218"", ""resource_project_id"": ""proyecto-2-cloud-509714"", ""resource_type"": ""gce_instance"", ""resource_zone"": ""us-central1-a"", ""vm"": ""mooc-web""}",4634
2026-09-27T03:08:00Z,"{""instance_name"": ""mooc-web"", ""loadbalanced"": ""false"", ""resource_instance_id"": ""1398563761166861218"", ""resource_project_id"": ""proyecto-2-cloud-509714"", ""resource_type"": ""gce_instance"", ""resource_zone"": ""us-central1-a"", ""vm"": ""mooc-web""}",19462
2026-09-27T03:07:00Z,"{""instance_name"": ""mooc-web"", ""loadbalanced"": ""false"", ""resource_instance_id"": ""1398563761166861218"", ""resource_project_id"": ""proyecto-2-cloud-509714"", ""resource_type"": ""gce_instance"", ""resource_zone"": ""us-central1-a"", ""vm"": ""mooc-web""}",22793
2026-09-27T03:06:00Z,"{""instance_name"": ""mooc-web"", ""loadbalanced"": ""false"", ""resource_instance_id"": ""1398563761166861218"", ""resource_project_id"": ""proyecto-2-cloud-509714"", ""resource_type"": ""gce_instance"", ""resource_zone"": ""us-central1-a"", ""vm"": ""mooc-web""}",966
2026-09-27T03:05:00Z,"{""instance_name"": ""mooc-web"", ""loadbalanced"": ""false"", ""resource_instance_id"": ""1398563761166861218"", ""resource_project_id"": ""proyecto-2-cloud-509714"", ""resource_type"": ""gce_instance"", ""resource_zone"": ""us-central1-a"", ""vm"": ""mooc-web""}",1026
2026-09-27T03:04:00Z,"{""instance_name"": ""mooc-web"", ""loadbalanced"": ""false"", ""resource_instance_id"": ""1398563761166861218"", ""resource_project_id"": ""proyecto-2-cloud-509714"", ""resource_type"": ""gce_instance"", ""resource_zone"": ""us-central1-a"", ""vm"": ""mooc-web""}",1273
2026-09-27T03:03:00Z,"{""instance_name"": ""mooc-web"", ""loadbalanced"": ""false"", ""resource_instance_id"": ""1398563761166861218"", ""resource_project_id"": ""proyecto-2-cloud-509714"", ""resource_type"": ""gce_instance"", ""resource_zone"": ""us-central1-a"", ""vm"": ""mooc-web""}",5115
2026-09-27T03:02:00Z,"{""instance_name"": ""mooc-web"", ""loadbalanced"": ""false"", ""resource_instance_id"": ""1398563761166861218"", ""resource_project_id"": ""proyecto-2-cloud-509714"", ""resource_type"": ""gce_instance"", ""resource_zone"": ""us-central1-a"", ""vm"": ""mooc-web""}",9282
2026-09-27T03:01:00Z,"{""instance_name"": ""mooc-web"", ""loadbalanced"": ""false"", ""resource_instance_id"": ""1398563761166861218"", ""resource_project_id"": ""proyecto-2-cloud-509714"", ""resource_type"": ""gce_instance"", ""resource_zone"": ""us-central1-a"", ""vm"": ""mooc-web""}",9614
2026-09-27T03:00:00Z,"{""instance_name"": ""mooc-web"", ""loadbalanced"": ""false"", ""resource_instance_id"": ""1398563761166861218"", ""resource_project_id"": ""proyecto-2-cloud-509714"", ""resource_type"": ""gce_instance"", ""resource_zone"": ""us-central1-a"", ""vm"": ""mooc-web""}",15374
2026-09-27T02:59:00Z,"{""instance_name"": ""mooc-web"", ""loadbalanced"": ""false"", ""resource_instance_id"": ""1398563761166861218"", ""resource_project_id"": ""proyecto-2-cloud-509714"", ""resource_type"": ""gce_instance"", ""resource_zone"": ""us-central1-a"", ""vm"": ""mooc-web""}",10403
2026-09-27T02:58:00Z,"{""instance_name"": ""mooc-web"", ""loadbalanced"": ""false"", ""resource_instance_id"": ""1398563761166861218"", ""resource_project_id"": ""proyecto-2-cloud-509714"", ""resource_type"": ""gce_instance"", ""resource_zone"": ""us-central1-a"", ""vm"": ""mooc-web""}",1292
2026-09-27T02:57:00Z,"{""instance_name"": ""mooc-web"", ""loadbalanced"": ""false"", ""resource_instance_id"": ""1398563761166861218"", ""resource_project_id"": ""proyecto-2-cloud-509714"", ""resource_type"": ""gce_instance"", ""resource_zone"": ""us-central1-a"", ""vm"": ""mooc-web""}",895
2026-09-27T02:56:00Z,"{""instance_name"": ""mooc-web"", ""loadbalanced"": ""false"", ""resource_instance_id"": ""1398563761166861218"", ""resource_project_id"": ""proyecto-2-cloud-509714"", ""resource_type"": ""gce_instance"", ""resource_zone"": ""us-central1-a"", ""vm"": ""mooc-web""}",930
2026-09-27T02:55:00Z,"{""instance_name"": ""mooc-web"", ""loadbalanced"": ""false"", ""resource_instance_id"": ""1398563761166861218"", ""resource_project_id"": ""proyecto-2-cloud-509714"", ""resource_type"": ""gce_instance"", ""resource_zone"": ""us-central1-a"", ""vm"": ""mooc-web""}",2165
2026-09-27T02:54:00Z,"{""instance_name"": ""mooc-web"", ""loadbalanced"": ""false"", ""resource_instance_id"": ""1398563761166861218"", ""resource_project_id"": ""proyecto-2-cloud-509714"", ""resource_type"": ""gce_instance"", ""resource_zone"": ""us-central1-a"", ""vm"": ""mooc-web""}",13122
2026-09-27T02:53:00Z,"{""instance_name"": ""mooc-web"", ""loadbalanced"": ""false"", ""resource_instance_id"": ""1398563761166861218"", ""resource_project_id"": ""proyecto-2-cloud-509714"", ""resource_type"": ""gce_instance"", ""resource_zone"": ""us-central1-a"", ""vm"": ""mooc-web""}",5410
2026-09-27T02:52:00Z,"{""instance_name"": ""mooc-web"", ""loadbalanced"": ""false"", ""resource_instance_id"": ""1398563761166861218"", ""resource_project_id"": ""proyecto-2-cloud-509714"", ""resource_type"": ""gce_instance"", ""resource_zone"": ""us-central1-a"", ""vm"": ""mooc-web""}",1413
2026-09-27T02:51:00Z,"{""instance_name"": ""mooc-web"", ""loadbalanced"": ""false"", ""resource_instance_id"": ""1398563761166861218"", ""resource_project_id"": ""proyecto-2-cloud-509714"", ""resource_type"": ""gce_instance"", ""resource_zone"": ""us-central1-a"", ""vm"": ""mooc-web""}",8452
2026-09-27T02:50:00Z,"{""instance_name"": ""mooc-web"", ""loadbalanced"": ""false"", ""resource_instance_id"": ""1398563761166861218"", ""resource_project_id"": ""proyecto-2-cloud-509714"", ""resource_type"": ""gce_instance"", ""resource_zone"": ""us-central1-a"", ""vm"": ""mooc-web""}",2813
2026-09-27T02:49:00Z,"{""instance_name"": ""mooc-web"", ""loadbalanced"": ""false"", ""resource_instance_id"": ""1398563761166861218"", ""resource_project_id"": ""proyecto-2-cloud-509714"", ""resource_type"": ""gce_instance"", ""resource_zone"": ""us-central1-a"", ""vm"": ""mooc-web""}",912
2026-09-27T02:48:00Z,"{""instance_name"": ""mooc-web"", ""loadbalanced"": ""false"", ""resource_instance_id"": ""1398563761166861218"", ""resource_project_id"": ""proyecto-2-cloud-509714"", ""resource_type"": ""gce_instance"", ""resource_zone"": ""us-central1-a"", ""vm"": ""mooc-web""}",1176
2026-09-27T02:47:00Z,"{""instance_name"": ""mooc-web"", ""loadbalanced"": ""false"", ""resource_instance_id"": ""1398563761166861218"", ""resource_project_id"": ""proyecto-2-cloud-509714"", ""resource_type"": ""gce_instance"", ""resource_zone"": ""us-central1-a"", ""vm"": ""mooc-web""}",1328
2026-09-27T02:46:00Z,"{""instance_name"": ""mooc-web"", ""loadbalanced"": ""false"", ""resource_instance_id"": ""1398563761166861218"", ""resource_project_id"": ""proyecto-2-cloud-509714"", ""resource_type"": ""gce_instance"", ""resource_zone"": ""us-central1-a"", ""vm"": ""mooc-web""}",3554
2026-09-27T02:45:00Z,"{""instance_name"": ""mooc-web"", ""loadbalanced"": ""false"", ""resource_instance_id"": ""1398563761166861218"", ""resource_project_id"": ""proyecto-2-cloud-509714"", ""resource_type"": ""gce_instance"", ""resource_zone"": ""us-central1-a"", ""vm"": ""mooc-web""}",882
2026-09-27T02:44:00Z,"{""instance_name"": ""mooc-web"", ""loadbalanced"": ""false"", ""resource_instance_id"": ""1398563761166861218"", ""resource_project_id"": ""proyecto-2-cloud-509714"", ""resource_type"": ""gce_instance"", ""resource_zone"": ""us-central1-a"", ""vm"": ""mooc-web""}",958
2026-09-27T02:43:00Z,"{""instance_name"": ""mooc-web"", ""loadbalanced"": ""false"", ""resource_instance_id"": ""1398563761166861218"", ""resource_project_id"": ""proyecto-2-cloud-509714"", ""resource_type"": ""gce_instance"", ""resource_zone"": ""us-central1-a"", ""vm"": ""mooc-web""}",986
2026-09-27T02:42:00Z,"{""instance_name"": ""mooc-web"", ""loadbalanced"": ""false"", ""resource_instance_id"": ""1398563761166861218"", ""resource_project_id"": ""proyecto-2-cloud-509714"", ""resource_type"": ""gce_instance"", ""resource_zone"": ""us-central1-a"", ""vm"": ""mooc-web""}",906
2026-09-27T02:41:00Z,"{""instance_name"": ""mooc-web"", ""loadbalanced"": ""false"", ""resource_instance_id"": ""1398563761166861218"", ""resource_project_id"": ""proyecto-2-cloud-509714"", ""resource_type"": ""gce_instance"", ""resource_zone"": ""us-central1-a"", ""vm"": ""mooc-web""}",998
2026-09-27T02:40:00Z,"{""instance_name"": ""mooc-web"", ""loadbalanced"": ""false"", ""resource_instance_id"": ""1398563761166861218"", ""resource_project_id"": ""proyecto-2-cloud-509714"", ""resource_type"": ""gce_instance"", ""resource_zone"": ""us-central1-a"", ""vm"": ""mooc-web""}",2017
2026-09-27T02:39:00Z,"{""instance_name"": ""mooc-web"", ""loadbalanced"": ""false"", ""resource_instance_id"": ""1398563761166861218"", ""resource_project_id"": ""proyecto-2-cloud-509714"", ""resource_type"": ""gce_instance"", ""resource_zone"": ""us-central1-a"", ""vm"": ""mooc-web""}",2605
2026-09-27T02:38:00Z,"{""instance_name"": ""mooc-web"", ""loadbalanced"": ""false"", ""resource_instance_id"": ""1398563761166861218"", ""resource_project_id"": ""proyecto-2-cloud-509714"", ""resource_type"": ""gce_instance"", ""resource_zone"": ""us-central1-a"", ""vm"": ""mooc-web""}",355
2026-09-27T02:37:00Z,"{""instance_name"": ""mooc-web"", ""loadbalanced"": ""false"", ""resource_instance_id"": ""1398563761166861218"", ""resource_project_id"": ""proyecto-2-cloud-509714"", ""resource_type"": ""gce_instance"", ""resource_zone"": ""us-central1-a"", ""vm"": ""mooc-web""}",45
2026-09-27T02:36:00Z,"{""instance_name"": ""mooc-web"", ""loadbalanced"": ""false"", ""resource_instance_id"": ""1398563761166861218"", ""resource_project_id"": ""proyecto-2-cloud-509714"", ""resource_type"": ""gce_instance"", ""resource_zone"": ""us-central1-a"", ""vm"": ""mooc-web""}",26
2026-09-27T02:35:00Z,"{""instance_name"": ""mooc-web"", ""loadbalanced"": ""false"", ""resource_instance_id"": ""1398563761166861218"", ""resource_project_id"": ""proyecto-2-cloud-509714"", ""resource_type"": ""gce_instance"", ""resource_zone"": ""us-central1-a"", ""vm"": ""mooc-web""}",92
2026-09-27T02:34:00Z,"{""instance_name"": ""mooc-web"", ""loadbalanced"": ""false"", ""resource_instance_id"": ""1398563761166861218"", ""resource_project_id"": ""proyecto-2-cloud-509714"", ""resource_type"": ""gce_instance"", ""resource_zone"": ""us-central1-a"", ""vm"": ""mooc-web""}",82
2026-09-27T02:33:00Z,"{""instance_name"": ""mooc-web"", ""loadbalanced"": ""false"", ""resource_instance_id"": ""1398563761166861218"", ""resource_project_id"": ""proyecto-2-cloud-509714"", ""resource_type"": ""gce_instance"", ""resource_zone"": ""us-central1-a"", ""vm"": ""mooc-web""}",21
2026-09-27T02:32:00Z,"{""instance_name"": ""mooc-web"", ""loadbalanced"": ""false"", ""resource_instance_id"": ""1398563761166861218"", ""resource_project_id"": ""proyecto-2-cloud-509714"", ""resource_type"": ""gce_instance"", ""resource_zone"": ""us-central1-a"", ""vm"": ""mooc-web""}",25
2026-09-27T02:31:00Z,"{""instance_name"": ""mooc-web"", ""loadbalanced"": ""false"", ""resource_instance_id"": ""1398563761166861218"", ""resource_project_id"": ""proyecto-2-cloud-509714"", ""resource_type"": ""gce_instance"", ""resource_zone"": ""us-central1-a"", ""vm"": ""mooc-web""}",20
2026-09-27T02:30:00Z,"{""instance_name"": ""mooc-web"", ""loadbalanced"": ""false"", ""resource_instance_id"": ""1398563761166861218"", ""resource_project_id"": ""proyecto-2-cloud-509714"", ""resource_type"": ""gce_instance"", ""resource_zone"": ""us-central1-a"", ""vm"": ""mooc-web""}",15
2026-09-27T02:29:00Z,"{""instance_name"": ""mooc-web"", ""loadbalanced"": ""false"", ""resource_instance_id"": ""1398563761166861218"", ""resource_project_id"": ""proyecto-2-cloud-509714"", ""resource_type"": ""gce_instance"", ""resource_zone"": ""us-central1-a"", ""vm"": ""mooc-web""}",9
2026-09-27T02:28:00Z,"{""instance_name"": ""mooc-web"", ""loadbalanced"": ""false"", ""resource_instance_id"": ""1398563761166861218"", ""resource_project_id"": ""proyecto-2-cloud-509714"", ""resource_type"": ""gce_instance"", ""resource_zone"": ""us-central1-a"", ""vm"": ""mooc-web""}",6
2026-09-27T02:27:00Z,"{""instance_name"": ""mooc-web"", ""loadbalanced"": ""false"", ""resource_instance_id"": ""1398563761166861218"", ""resource_project_id"": ""proyecto-2-cloud-509714"", ""resource_type"": ""gce_instance"", ""resource_zone"": ""us-central1-a"", ""vm"": ""mooc-web""}",17
2026-09-27T02:26:00Z,"{""instance_name"": ""mooc-web"", ""loadbalanced"": ""false"", ""resource_instance_id"": ""1398563761166861218"", ""resource_project_id"": ""proyecto-2-cloud-509714"", ""resource_type"": ""gce_instance"", ""resource_zone"": ""us-central1-a"", ""vm"": ""mooc-web""}",95
2026-09-27T02:25:00Z,"{""instance_name"": ""mooc-web"", ""loadbalanced"": ""false"", ""resource_instance_id"": ""1398563761166861218"", ""resource_project_id"": ""proyecto-2-cloud-509714"", ""resource_type"": ""gce_instance"", ""resource_zone"": ""us-central1-a"", ""vm"": ""mooc-web""}",52
2026-09-27T02:24:00Z,"{""instance_name"": ""mooc-web"", ""loadbalanced"": ""false"", ""resource_instance_id"": ""1398563761166861218"", ""resource_project_id"": ""proyecto-2-cloud-509714"", ""resource_type"": ""gce_instance"", ""resource_zone"": ""us-central1-a"", ""vm"": ""mooc-web""}",24
2026-09-27T02:23:00Z,"{""instance_name"": ""mooc-web"", ""loadbalanced"": ""false"", ""resource_instance_id"": ""1398563761166861218"", ""resource_project_id"": ""proyecto-2-cloud-509714"", ""resource_type"": ""gce_instance"", ""resource_zone"": ""us-central1-a"", ""vm"": ""mooc-web""}",347
2026-09-27T02:22:00Z,"{""instance_name"": ""mooc-web"", ""loadbalanced"": ""false"", ""resource_instance_id"": ""1398563761166861218"", ""resource_project_id"": ""proyecto-2-cloud-509714"", ""resource_type"": ""gce_instance"", ""resource_zone"": ""us-central1-a"", ""vm"": ""mooc-web""}",4852
2026-09-27T02:21:00Z,"{""instance_name"": ""mooc-web"", ""loadbalanced"": ""false"", ""resource_instance_id"": ""1398563761166861218"", ""resource_project_id"": ""proyecto-2-cloud-509714"", ""resource_type"": ""gce_instance"", ""resource_zone"": ""us-central1-a"", ""vm"": ""mooc-web""}",4299
2026-09-27T06:43:00Z,"{""instance_name"": ""mooc-worker"", ""loadbalanced"": ""false"", ""resource_instance_id"": ""2832248983015202130"", ""resource_project_id"": ""proyecto-2-cloud-509714"", ""resource_type"": ""gce_instance"", ""resource_zone"": ""us-central1-a"", ""vm"": ""mooc-worker""}",1080
2026-09-27T06:42:00Z,"{""instance_name"": ""mooc-worker"", ""loadbalanced"": ""false"", ""resource_instance_id"": ""2832248983015202130"", ""resource_project_id"": ""proyecto-2-cloud-509714"", ""resource_type"": ""gce_instance"", ""resource_zone"": ""us-central1-a"", ""vm"": ""mooc-worker""}",1617
2026-09-27T06:41:00Z,"{""instance_name"": ""mooc-worker"", ""loadbalanced"": ""false"", ""resource_instance_id"": ""2832248983015202130"", ""resource_project_id"": ""proyecto-2-cloud-509714"", ""resource_type"": ""gce_instance"", ""resource_zone"": ""us-central1-a"", ""vm"": ""mooc-worker""}",1556
2026-09-27T06:40:00Z,"{""instance_name"": ""mooc-worker"", ""loadbalanced"": ""false"", ""resource_instance_id"": ""2832248983015202130"", ""resource_project_id"": ""proyecto-2-cloud-509714"", ""resource_type"": ""gce_instance"", ""resource_zone"": ""us-central1-a"", ""vm"": ""mooc-worker""}",2183
2026-09-27T06:39:00Z,"{""instance_name"": ""mooc-worker"", ""loadbalanced"": ""false"", ""resource_instance_id"": ""2832248983015202130"", ""resource_project_id"": ""proyecto-2-cloud-509714"", ""resource_type"": ""gce_instance"", ""resource_zone"": ""us-central1-a"", ""vm"": ""mooc-worker""}",1333
2026-09-27T06:38:00Z,"{""instance_name"": ""mooc-worker"", ""loadbalanced"": ""false"", ""resource_instance_id"": ""2832248983015202130"", ""resource_project_id"": ""proyecto-2-cloud-509714"", ""resource_type"": ""gce_instance"", ""resource_zone"": ""us-central1-a"", ""vm"": ""mooc-worker""}",2914
2026-09-27T06:37:00Z,"{""instance_name"": ""mooc-worker"", ""loadbalanced"": ""false"", ""resource_instance_id"": ""2832248983015202130"", ""resource_project_id"": ""proyecto-2-cloud-509714"", ""resource_type"": ""gce_instance"", ""resource_zone"": ""us-central1-a"", ""vm"": ""mooc-worker""}",1524
2026-09-27T06:36:00Z,"{""instance_name"": ""mooc-worker"", ""loadbalanced"": ""false"", ""resource_instance_id"": ""2832248983015202130"", ""resource_project_id"": ""proyecto-2-cloud-509714"", ""resource_type"": ""gce_instance"", ""resource_zone"": ""us-central1-a"", ""vm"": ""mooc-worker""}",3838
2026-09-27T06:35:00Z,"{""instance_name"": ""mooc-worker"", ""loadbalanced"": ""false"", ""resource_instance_id"": ""2832248983015202130"", ""resource_project_id"": ""proyecto-2-cloud-509714"", ""resource_type"": ""gce_instance"", ""resource_zone"": ""us-central1-a"", ""vm"": ""mooc-worker""}",1639
2026-09-27T06:34:00Z,"{""instance_name"": ""mooc-worker"", ""loadbalanced"": ""false"", ""resource_instance_id"": ""2832248983015202130"", ""resource_project_id"": ""proyecto-2-cloud-509714"", ""resource_type"": ""gce_instance"", ""resource_zone"": ""us-central1-a"", ""vm"": ""mooc-worker""}",4915
2026-09-27T06:33:00Z,"{""instance_name"": ""mooc-worker"", ""loadbalanced"": ""false"", ""resource_instance_id"": ""2832248983015202130"", ""resource_project_id"": ""proyecto-2-cloud-509714"", ""resource_type"": ""gce_instance"", ""resource_zone"": ""us-central1-a"", ""vm"": ""mooc-worker""}",4387
2026-09-27T06:32:00Z,"{""instance_name"": ""mooc-worker"", ""loadbalanced"": ""false"", ""resource_instance_id"": ""2832248983015202130"", ""resource_project_id"": ""proyecto-2-cloud-509714"", ""resource_type"": ""gce_instance"", ""resource_zone"": ""us-central1-a"", ""vm"": ""mooc-worker""}",3139
2026-09-27T06:31:00Z,"{""instance_name"": ""mooc-worker"", ""loadbalanced"": ""false"", ""resource_instance_id"": ""2832248983015202130"", ""resource_project_id"": ""proyecto-2-cloud-509714"", ""resource_type"": ""gce_instance"", ""resource_zone"": ""us-central1-a"", ""vm"": ""mooc-worker""}",2238
2026-09-27T06:30:00Z,"{""instance_name"": ""mooc-worker"", ""loadbalanced"": ""false"", ""resource_instance_id"": ""2832248983015202130"", ""resource_project_id"": ""proyecto-2-cloud-509714"", ""resource_type"": ""gce_instance"", ""resource_zone"": ""us-central1-a"", ""vm"": ""mooc-worker""}",1932
2026-09-27T06:29:00Z,"{""instance_name"": ""mooc-worker"", ""loadbalanced"": ""false"", ""resource_instance_id"": ""2832248983015202130"", ""resource_project_id"": ""proyecto-2-cloud-509714"", ""resource_type"": ""gce_instance"", ""resource_zone"": ""us-central1-a"", ""vm"": ""mooc-worker""}",3237
2026-09-27T06:28:00Z,"{""instance_name"": ""mooc-worker"", ""loadbalanced"": ""false"", ""resource_instance_id"": ""2832248983015202130"", ""resource_project_id"": ""proyecto-2-cloud-509714"", ""resource_type"": ""gce_instance"", ""resource_zone"": ""us-central1-a"", ""vm"": ""mooc-worker""}",1602
2026-09-27T06:27:00Z,"{""instance_name"": ""mooc-worker"", ""loadbalanced"": ""false"", ""resource_instance_id"": ""2832248983015202130"", ""resource_project_id"": ""proyecto-2-cloud-509714"", ""resource_type"": ""gce_instance"", ""resource_zone"": ""us-central1-a"", ""vm"": ""mooc-worker""}",4714
2026-09-27T06:26:00Z,"{""instance_name"": ""mooc-worker"", ""loadbalanced"": ""false"", ""resource_instance_id"": ""2832248983015202130"", ""resource_project_id"": ""proyecto-2-cloud-509714"", ""resource_type"": ""gce_instance"", ""resource_zone"": ""us-central1-a"", ""vm"": ""mooc-worker""}",3548
2026-09-27T06:25:00Z,"{""instance_name"": ""mooc-worker"", ""loadbalanced"": ""false"", ""resource_instance_id"": ""2832248983015202130"", ""resource_project_id"": ""proyecto-2-cloud-509714"", ""resource_type"": ""gce_instance"", ""resource_zone"": ""us-central1-a"", ""vm"": ""mooc-worker""}",1927
2026-09-27T06:24:00Z,"{""instance_name"": ""mooc-worker"", ""loadbalanced"": ""false"", ""resource_instance_id"": ""2832248983015202130"", ""resource_project_id"": ""proyecto-2-cloud-509714"", ""resource_type"": ""gce_instance"", ""resource_zone"": ""us-central1-a"", ""vm"": ""mooc-worker""}",3351
2026-09-27T06:23:00Z,"{""instance_name"": ""mooc-worker"", ""loadbalanced"": ""false"", ""resource_instance_id"": ""2832248983015202130"", ""resource_project_id"": ""proyecto-2-cloud-509714"", ""resource_type"": ""gce_instance"", ""resource_zone"": ""us-central1-a"", ""vm"": ""mooc-worker""}",2697
2026-09-27T06:22:00Z,"{""instance_name"": ""mooc-worker"", ""loadbalanced"": ""false"", ""resource_instance_id"": ""2832248983015202130"", ""resource_project_id"": ""proyecto-2-cloud-509714"", ""resource_type"": ""gce_instance"", ""resource_zone"": ""us-central1-a"", ""vm"": ""mooc-worker""}",1843
2026-09-27T06:21:00Z,"{""instance_name"": ""mooc-worker"", ""loadbalanced"": ""false"", ""resource_instance_id"": ""2832248983015202130"", ""resource_project_id"": ""proyecto-2-cloud-509714"", ""resource_type"": ""gce_instance"", ""resource_zone"": ""us-central1-a"", ""vm"": ""mooc-worker""}",5861
2026-09-27T06:20:00Z,"{""instance_name"": ""mooc-worker"", ""loadbalanced"": ""false"", ""resource_instance_id"": ""2832248983015202130"", ""resource_project_id"": ""proyecto-2-cloud-509714"", ""resource_type"": ""gce_instance"", ""resource_zone"": ""us-central1-a"", ""vm"": ""mooc-worker""}",3445
2026-09-27T06:19:00Z,"{""instance_name"": ""mooc-worker"", ""loadbalanced"": ""false"", ""resource_instance_id"": ""2832248983015202130"", ""resource_project_id"": ""proyecto-2-cloud-509714"", ""resource_type"": ""gce_instance"", ""resource_zone"": ""us-central1-a"", ""vm"": ""mooc-worker""}",2205
2026-09-27T06:18:00Z,"{""instance_name"": ""mooc-worker"", ""loadbalanced"": ""false"", ""resource_instance_id"": ""2832248983015202130"", ""resource_project_id"": ""proyecto-2-cloud-509714"", ""resource_type"": ""gce_instance"", ""resource_zone"": ""us-central1-a"", ""vm"": ""mooc-worker""}",1041
2026-09-27T06:17:00Z,"{""instance_name"": ""mooc-worker"", ""loadbalanced"": ""false"", ""resource_instance_id"": ""2832248983015202130"", ""resource_project_id"": ""proyecto-2-cloud-509714"", ""resource_type"": ""gce_instance"", ""resource_zone"": ""us-central1-a"", ""vm"": ""mooc-worker""}",2117
2026-09-27T06:16:00Z,"{""instance_name"": ""mooc-worker"", ""loadbalanced"": ""false"", ""resource_instance_id"": ""2832248983015202130"", ""resource_project_id"": ""proyecto-2-cloud-509714"", ""resource_type"": ""gce_instance"", ""resource_zone"": ""us-central1-a"", ""vm"": ""mooc-worker""}",4939
2026-09-27T06:15:00Z,"{""instance_name"": ""mooc-worker"", ""loadbalanced"": ""false"", ""resource_instance_id"": ""2832248983015202130"", ""resource_project_id"": ""proyecto-2-cloud-509714"", ""resource_type"": ""gce_instance"", ""resource_zone"": ""us-central1-a"", ""vm"": ""mooc-worker""}",6266
2026-09-27T06:14:00Z,"{""instance_name"": ""mooc-worker"", ""loadbalanced"": ""false"", ""resource_instance_id"": ""2832248983015202130"", ""resource_project_id"": ""proyecto-2-cloud-509714"", ""resource_type"": ""gce_instance"", ""resource_zone"": ""us-central1-a"", ""vm"": ""mooc-worker""}",3426
2026-09-27T06:13:00Z,"{""instance_name"": ""mooc-worker"", ""loadbalanced"": ""false"", ""resource_instance_id"": ""2832248983015202130"", ""resource_project_id"": ""proyecto-2-cloud-509714"", ""resource_type"": ""gce_instance"", ""resource_zone"": ""us-central1-a"", ""vm"": ""mooc-worker""}",2506
2026-09-27T06:12:00Z,"{""instance_name"": ""mooc-worker"", ""loadbalanced"": ""false"", ""resource_instance_id"": ""2832248983015202130"", ""resource_project_id"": ""proyecto-2-cloud-509714"", ""resource_type"": ""gce_instance"", ""resource_zone"": ""us-central1-a"", ""vm"": ""mooc-worker""}",2259
2026-09-27T06:11:00Z,"{""instance_name"": ""mooc-worker"", ""loadbalanced"": ""false"", ""resource_instance_id"": ""2832248983015202130"", ""resource_project_id"": ""proyecto-2-cloud-509714"", ""resource_type"": ""gce_instance"", ""resource_zone"": ""us-central1-a"", ""vm"": ""mooc-worker""}",956
2026-09-27T06:10:00Z,"{""instance_name"": ""mooc-worker"", ""loadbalanced"": ""false"", ""resource_instance_id"": ""2832248983015202130"", ""resource_project_id"": ""proyecto-2-cloud-509714"", ""resource_type"": ""gce_instance"", ""resource_zone"": ""us-central1-a"", ""vm"": ""mooc-worker""}",1057
2026-09-27T06:09:00Z,"{""instance_name"": ""mooc-worker"", ""loadbalanced"": ""false"", ""resource_instance_id"": ""2832248983015202130"", ""resource_project_id"": ""proyecto-2-cloud-509714"", ""resource_type"": ""gce_instance"", ""resource_zone"": ""us-central1-a"", ""vm"": ""mooc-worker""}",2181
2026-09-27T06:08:00Z,"{""instance_name"": ""mooc-worker"", ""loadbalanced"": ""false"", ""resource_instance_id"": ""2832248983015202130"", ""resource_project_id"": ""proyecto-2-cloud-509714"", ""resource_type"": ""gce_instance"", ""resource_zone"": ""us-central1-a"", ""vm"": ""mooc-worker""}",5622
2026-09-27T06:07:00Z,"{""instance_name"": ""mooc-worker"", ""loadbalanced"": ""false"", ""resource_instance_id"": ""2832248983015202130"", ""resource_project_id"": ""proyecto-2-cloud-509714"", ""resource_type"": ""gce_instance"", ""resource_zone"": ""us-central1-a"", ""vm"": ""mooc-worker""}",8401
2026-09-27T06:06:00Z,"{""instance_name"": ""mooc-worker"", ""loadbalanced"": ""false"", ""resource_instance_id"": ""2832248983015202130"", ""resource_project_id"": ""proyecto-2-cloud-509714"", ""resource_type"": ""gce_instance"", ""resource_zone"": ""us-central1-a"", ""vm"": ""mooc-worker""}",983
2026-09-27T06:05:00Z,"{""instance_name"": ""mooc-worker"", ""loadbalanced"": ""false"", ""resource_instance_id"": ""2832248983015202130"", ""resource_project_id"": ""proyecto-2-cloud-509714"", ""resource_type"": ""gce_instance"", ""resource_zone"": ""us-central1-a"", ""vm"": ""mooc-worker""}",1098
2026-09-27T06:04:00Z,"{""instance_name"": ""mooc-worker"", ""loadbalanced"": ""false"", ""resource_instance_id"": ""2832248983015202130"", ""resource_project_id"": ""proyecto-2-cloud-509714"", ""resource_type"": ""gce_instance"", ""resource_zone"": ""us-central1-a"", ""vm"": ""mooc-worker""}",2345
2026-09-27T06:03:00Z,"{""instance_name"": ""mooc-worker"", ""loadbalanced"": ""false"", ""resource_instance_id"": ""2832248983015202130"", ""resource_project_id"": ""proyecto-2-cloud-509714"", ""resource_type"": ""gce_instance"", ""resource_zone"": ""us-central1-a"", ""vm"": ""mooc-worker""}",6618
2026-09-27T06:02:00Z,"{""instance_name"": ""mooc-worker"", ""loadbalanced"": ""false"", ""resource_instance_id"": ""2832248983015202130"", ""resource_project_id"": ""proyecto-2-cloud-509714"", ""resource_type"": ""gce_instance"", ""resource_zone"": ""us-central1-a"", ""vm"": ""mooc-worker""}",9850
2026-09-27T06:01:00Z,"{""instance_name"": ""mooc-worker"", ""loadbalanced"": ""false"", ""resource_instance_id"": ""2832248983015202130"", ""resource_project_id"": ""proyecto-2-cloud-509714"", ""resource_type"": ""gce_instance"", ""resource_zone"": ""us-central1-a"", ""vm"": ""mooc-worker""}",6115
2026-09-27T06:00:00Z,"{""instance_name"": ""mooc-worker"", ""loadbalanced"": ""false"", ""resource_instance_id"": ""2832248983015202130"", ""resource_project_id"": ""proyecto-2-cloud-509714"", ""resource_type"": ""gce_instance"", ""resource_zone"": ""us-central1-a"", ""vm"": ""mooc-worker""}",2711
2026-09-27T05:59:00Z,"{""instance_name"": ""mooc-worker"", ""loadbalanced"": ""false"", ""resource_instance_id"": ""2832248983015202130"", ""resource_project_id"": ""proyecto-2-cloud-509714"", ""resource_type"": ""gce_instance"", ""resource_zone"": ""us-central1-a"", ""vm"": ""mooc-worker""}",3941
2026-09-27T05:58:00Z,"{""instance_name"": ""mooc-worker"", ""loadbalanced"": ""false"", ""resource_instance_id"": ""2832248983015202130"", ""resource_project_id"": ""proyecto-2-cloud-509714"", ""resource_type"": ""gce_instance"", ""resource_zone"": ""us-central1-a"", ""vm"": ""mooc-worker""}",3962
2026-09-27T05:57:00Z,"{""instance_name"": ""mooc-worker"", ""loadbalanced"": ""false"", ""resource_instance_id"": ""2832248983015202130"", ""resource_project_id"": ""proyecto-2-cloud-509714"", ""resource_type"": ""gce_instance"", ""resource_zone"": ""us-central1-a"", ""vm"": ""mooc-worker""}",3812
2026-09-27T05:56:00Z,"{""instance_name"": ""mooc-worker"", ""loadbalanced"": ""false"", ""resource_instance_id"": ""2832248983015202130"", ""resource_project_id"": ""proyecto-2-cloud-509714"", ""resource_type"": ""gce_instance"", ""resource_zone"": ""us-central1-a"", ""vm"": ""mooc-worker""}",3691
2026-09-27T05:55:00Z,"{""instance_name"": ""mooc-worker"", ""loadbalanced"": ""false"", ""resource_instance_id"": ""2832248983015202130"", ""resource_project_id"": ""proyecto-2-cloud-509714"", ""resource_type"": ""gce_instance"", ""resource_zone"": ""us-central1-a"", ""vm"": ""mooc-worker""}",4329
2026-09-27T05:54:00Z,"{""instance_name"": ""mooc-worker"", ""loadbalanced"": ""false"", ""resource_instance_id"": ""2832248983015202130"", ""resource_project_id"": ""proyecto-2-cloud-509714"", ""resource_type"": ""gce_instance"", ""resource_zone"": ""us-central1-a"", ""vm"": ""mooc-worker""}",4873
2026-09-27T05:53:00Z,"{""instance_name"": ""mooc-worker"", ""loadbalanced"": ""false"", ""resource_instance_id"": ""2832248983015202130"", ""resource_project_id"": ""proyecto-2-cloud-509714"", ""resource_type"": ""gce_instance"", ""resource_zone"": ""us-central1-a"", ""vm"": ""mooc-worker""}",1367
2026-09-27T05:52:00Z,"{""instance_name"": ""mooc-worker"", ""loadbalanced"": ""false"", ""resource_instance_id"": ""2832248983015202130"", ""resource_project_id"": ""proyecto-2-cloud-509714"", ""resource_type"": ""gce_instance"", ""resource_zone"": ""us-central1-a"", ""vm"": ""mooc-worker""}",2717
2026-09-27T05:51:00Z,"{""instance_name"": ""mooc-worker"", ""loadbalanced"": ""false"", ""resource_instance_id"": ""2832248983015202130"", ""resource_project_id"": ""proyecto-2-cloud-509714"", ""resource_type"": ""gce_instance"", ""resource_zone"": ""us-central1-a"", ""vm"": ""mooc-worker""}",6356
2026-09-27T05:50:00Z,"{""instance_name"": ""mooc-worker"", ""loadbalanced"": ""false"", ""resource_instance_id"": ""2832248983015202130"", ""resource_project_id"": ""proyecto-2-cloud-509714"", ""resource_type"": ""gce_instance"", ""resource_zone"": ""us-central1-a"", ""vm"": ""mooc-worker""}",4406
2026-09-27T05:49:00Z,"{""instance_name"": ""mooc-worker"", ""loadbalanced"": ""false"", ""resource_instance_id"": ""2832248983015202130"", ""resource_project_id"": ""proyecto-2-cloud-509714"", ""resource_type"": ""gce_instance"", ""resource_zone"": ""us-central1-a"", ""vm"": ""mooc-worker""}",6318
2026-09-27T05:48:00Z,"{""instance_name"": ""mooc-worker"", ""loadbalanced"": ""false"", ""resource_instance_id"": ""2832248983015202130"", ""resource_project_id"": ""proyecto-2-cloud-509714"", ""resource_type"": ""gce_instance"", ""resource_zone"": ""us-central1-a"", ""vm"": ""mooc-worker""}",8370
2026-09-27T05:47:00Z,"{""instance_name"": ""mooc-worker"", ""loadbalanced"": ""false"", ""resource_instance_id"": ""2832248983015202130"", ""resource_project_id"": ""proyecto-2-cloud-509714"", ""resource_type"": ""gce_instance"", ""resource_zone"": ""us-central1-a"", ""vm"": ""mooc-worker""}",1057
2026-09-27T05:46:00Z,"{""instance_name"": ""mooc-worker"", ""loadbalanced"": ""false"", ""resource_instance_id"": ""2832248983015202130"", ""resource_project_id"": ""proyecto-2-cloud-509714"", ""resource_type"": ""gce_instance"", ""resource_zone"": ""us-central1-a"", ""vm"": ""mooc-worker""}",900
2026-09-27T05:45:00Z,"{""instance_name"": ""mooc-worker"", ""loadbalanced"": ""false"", ""resource_instance_id"": ""2832248983015202130"", ""resource_project_id"": ""proyecto-2-cloud-509714"", ""resource_type"": ""gce_instance"", ""resource_zone"": ""us-central1-a"", ""vm"": ""mooc-worker""}",912
2026-09-27T05:44:00Z,"{""instance_name"": ""mooc-worker"", ""loadbalanced"": ""false"", ""resource_instance_id"": ""2832248983015202130"", ""resource_project_id"": ""proyecto-2-cloud-509714"", ""resource_type"": ""gce_instance"", ""resource_zone"": ""us-central1-a"", ""vm"": ""mooc-worker""}",906
2026-09-27T05:43:00Z,"{""instance_name"": ""mooc-worker"", ""loadbalanced"": ""false"", ""resource_instance_id"": ""2832248983015202130"", ""resource_project_id"": ""proyecto-2-cloud-509714"", ""resource_type"": ""gce_instance"", ""resource_zone"": ""us-central1-a"", ""vm"": ""mooc-worker""}",906
2026-09-27T05:42:00Z,"{""instance_name"": ""mooc-worker"", ""loadbalanced"": ""false"", ""resource_instance_id"": ""2832248983015202130"", ""resource_project_id"": ""proyecto-2-cloud-509714"", ""resource_type"": ""gce_instance"", ""resource_zone"": ""us-central1-a"", ""vm"": ""mooc-worker""}",938
2026-09-27T05:41:00Z,"{""instance_name"": ""mooc-worker"", ""loadbalanced"": ""false"", ""resource_instance_id"": ""2832248983015202130"", ""resource_project_id"": ""proyecto-2-cloud-509714"", ""resource_type"": ""gce_instance"", ""resource_zone"": ""us-central1-a"", ""vm"": ""mooc-worker""}",1277
2026-09-27T05:40:00Z,"{""instance_name"": ""mooc-worker"", ""loadbalanced"": ""false"", ""resource_instance_id"": ""2832248983015202130"", ""resource_project_id"": ""proyecto-2-cloud-509714"", ""resource_type"": ""gce_instance"", ""resource_zone"": ""us-central1-a"", ""vm"": ""mooc-worker""}",3215
2026-09-27T05:39:00Z,"{""instance_name"": ""mooc-worker"", ""loadbalanced"": ""false"", ""resource_instance_id"": ""2832248983015202130"", ""resource_project_id"": ""proyecto-2-cloud-509714"", ""resource_type"": ""gce_instance"", ""resource_zone"": ""us-central1-a"", ""vm"": ""mooc-worker""}",4908
2026-09-27T05:38:00Z,"{""instance_name"": ""mooc-worker"", ""loadbalanced"": ""false"", ""resource_instance_id"": ""2832248983015202130"", ""resource_project_id"": ""proyecto-2-cloud-509714"", ""resource_type"": ""gce_instance"", ""resource_zone"": ""us-central1-a"", ""vm"": ""mooc-worker""}",3280
2026-09-27T05:37:00Z,"{""instance_name"": ""mooc-worker"", ""loadbalanced"": ""false"", ""resource_instance_id"": ""2832248983015202130"", ""resource_project_id"": ""proyecto-2-cloud-509714"", ""resource_type"": ""gce_instance"", ""resource_zone"": ""us-central1-a"", ""vm"": ""mooc-worker""}",958
2026-09-27T05:36:00Z,"{""instance_name"": ""mooc-worker"", ""loadbalanced"": ""false"", ""resource_instance_id"": ""2832248983015202130"", ""resource_project_id"": ""proyecto-2-cloud-509714"", ""resource_type"": ""gce_instance"", ""resource_zone"": ""us-central1-a"", ""vm"": ""mooc-worker""}",959
2026-09-27T05:35:00Z,"{""instance_name"": ""mooc-worker"", ""loadbalanced"": ""false"", ""resource_instance_id"": ""2832248983015202130"", ""resource_project_id"": ""proyecto-2-cloud-509714"", ""resource_type"": ""gce_instance"", ""resource_zone"": ""us-central1-a"", ""vm"": ""mooc-worker""}",954
2026-09-27T05:34:00Z,"{""instance_name"": ""mooc-worker"", ""loadbalanced"": ""false"", ""resource_instance_id"": ""2832248983015202130"", ""resource_project_id"": ""proyecto-2-cloud-509714"", ""resource_type"": ""gce_instance"", ""resource_zone"": ""us-central1-a"", ""vm"": ""mooc-worker""}",942
2026-09-27T05:33:00Z,"{""instance_name"": ""mooc-worker"", ""loadbalanced"": ""false"", ""resource_instance_id"": ""2832248983015202130"", ""resource_project_id"": ""proyecto-2-cloud-509714"", ""resource_type"": ""gce_instance"", ""resource_zone"": ""us-central1-a"", ""vm"": ""mooc-worker""}",958
2026-09-27T05:32:00Z,"{""instance_name"": ""mooc-worker"", ""loadbalanced"": ""false"", ""resource_instance_id"": ""2832248983015202130"", ""resource_project_id"": ""proyecto-2-cloud-509714"", ""resource_type"": ""gce_instance"", ""resource_zone"": ""us-central1-a"", ""vm"": ""mooc-worker""}",987
2026-09-27T05:31:00Z,"{""instance_name"": ""mooc-worker"", ""loadbalanced"": ""false"", ""resource_instance_id"": ""2832248983015202130"", ""resource_project_id"": ""proyecto-2-cloud-509714"", ""resource_type"": ""gce_instance"", ""resource_zone"": ""us-central1-a"", ""vm"": ""mooc-worker""}",1083
2026-09-27T05:30:00Z,"{""instance_name"": ""mooc-worker"", ""loadbalanced"": ""false"", ""resource_instance_id"": ""2832248983015202130"", ""resource_project_id"": ""proyecto-2-cloud-509714"", ""resource_type"": ""gce_instance"", ""resource_zone"": ""us-central1-a"", ""vm"": ""mooc-worker""}",1532
2026-09-27T05:29:00Z,"{""instance_name"": ""mooc-worker"", ""loadbalanced"": ""false"", ""resource_instance_id"": ""2832248983015202130"", ""resource_project_id"": ""proyecto-2-cloud-509714"", ""resource_type"": ""gce_instance"", ""resource_zone"": ""us-central1-a"", ""vm"": ""mooc-worker""}",890
2026-09-27T05:28:00Z,"{""instance_name"": ""mooc-worker"", ""loadbalanced"": ""false"", ""resource_instance_id"": ""2832248983015202130"", ""resource_project_id"": ""proyecto-2-cloud-509714"", ""resource_type"": ""gce_instance"", ""resource_zone"": ""us-central1-a"", ""vm"": ""mooc-worker""}",916
2026-09-27T05:27:00Z,"{""instance_name"": ""mooc-worker"", ""loadbalanced"": ""false"", ""resource_instance_id"": ""2832248983015202130"", ""resource_project_id"": ""proyecto-2-cloud-509714"", ""resource_type"": ""gce_instance"", ""resource_zone"": ""us-central1-a"", ""vm"": ""mooc-worker""}",1056
2026-09-27T05:26:00Z,"{""instance_name"": ""mooc-worker"", ""loadbalanced"": ""false"", ""resource_instance_id"": ""2832248983015202130"", ""resource_project_id"": ""proyecto-2-cloud-509714"", ""resource_type"": ""gce_instance"", ""resource_zone"": ""us-central1-a"", ""vm"": ""mooc-worker""}",1385
2026-09-27T05:25:00Z,"{""instance_name"": ""mooc-worker"", ""loadbalanced"": ""false"", ""resource_instance_id"": ""2832248983015202130"", ""resource_project_id"": ""proyecto-2-cloud-509714"", ""resource_type"": ""gce_instance"", ""resource_zone"": ""us-central1-a"", ""vm"": ""mooc-worker""}",1328
2026-09-27T05:24:00Z,"{""instance_name"": ""mooc-worker"", ""loadbalanced"": ""false"", ""resource_instance_id"": ""2832248983015202130"", ""resource_project_id"": ""proyecto-2-cloud-509714"", ""resource_type"": ""gce_instance"", ""resource_zone"": ""us-central1-a"", ""vm"": ""mooc-worker""}",1033
2026-09-27T05:23:00Z,"{""instance_name"": ""mooc-worker"", ""loadbalanced"": ""false"", ""resource_instance_id"": ""2832248983015202130"", ""resource_project_id"": ""proyecto-2-cloud-509714"", ""resource_type"": ""gce_instance"", ""resource_zone"": ""us-central1-a"", ""vm"": ""mooc-worker""}",1159
2026-09-27T05:22:00Z,"{""instance_name"": ""mooc-worker"", ""loadbalanced"": ""false"", ""resource_instance_id"": ""2832248983015202130"", ""resource_project_id"": ""proyecto-2-cloud-509714"", ""resource_type"": ""gce_instance"", ""resource_zone"": ""us-central1-a"", ""vm"": ""mooc-worker""}",2204
2026-09-27T05:21:00Z,"{""instance_name"": ""mooc-worker"", ""loadbalanced"": ""false"", ""resource_instance_id"": ""2832248983015202130"", ""resource_project_id"": ""proyecto-2-cloud-509714"", ""resource_type"": ""gce_instance"", ""resource_zone"": ""us-central1-a"", ""vm"": ""mooc-worker""}",1437
2026-09-27T05:20:00Z,"{""instance_name"": ""mooc-worker"", ""loadbalanced"": ""false"", ""resource_instance_id"": ""2832248983015202130"", ""resource_project_id"": ""proyecto-2-cloud-509714"", ""resource_type"": ""gce_instance"", ""resource_zone"": ""us-central1-a"", ""vm"": ""mooc-worker""}",958
2026-09-27T05:19:00Z,"{""instance_name"": ""mooc-worker"", ""loadbalanced"": ""false"", ""resource_instance_id"": ""2832248983015202130"", ""resource_project_id"": ""proyecto-2-cloud-509714"", ""resource_type"": ""gce_instance"", ""resource_zone"": ""us-central1-a"", ""vm"": ""mooc-worker""}",973
2026-09-27T05:18:00Z,"{""instance_name"": ""mooc-worker"", ""loadbalanced"": ""false"", ""resource_instance_id"": ""2832248983015202130"", ""resource_project_id"": ""proyecto-2-cloud-509714"", ""resource_type"": ""gce_instance"", ""resource_zone"": ""us-central1-a"", ""vm"": ""mooc-worker""}",985
2026-09-27T05:17:00Z,"{""instance_name"": ""mooc-worker"", ""loadbalanced"": ""false"", ""resource_instance_id"": ""2832248983015202130"", ""resource_project_id"": ""proyecto-2-cloud-509714"", ""resource_type"": ""gce_instance"", ""resource_zone"": ""us-central1-a"", ""vm"": ""mooc-worker""}",992
2026-09-27T05:16:00Z,"{""instance_name"": ""mooc-worker"", ""loadbalanced"": ""false"", ""resource_instance_id"": ""2832248983015202130"", ""resource_project_id"": ""proyecto-2-cloud-509714"", ""resource_type"": ""gce_instance"", ""resource_zone"": ""us-central1-a"", ""vm"": ""mooc-worker""}",1247
2026-09-27T05:15:00Z,"{""instance_name"": ""mooc-worker"", ""loadbalanced"": ""false"", ""resource_instance_id"": ""2832248983015202130"", ""resource_project_id"": ""proyecto-2-cloud-509714"", ""resource_type"": ""gce_instance"", ""resource_zone"": ""us-central1-a"", ""vm"": ""mooc-worker""}",2047
2026-09-27T05:14:00Z,"{""instance_name"": ""mooc-worker"", ""loadbalanced"": ""false"", ""resource_instance_id"": ""2832248983015202130"", ""resource_project_id"": ""proyecto-2-cloud-509714"", ""resource_type"": ""gce_instance"", ""resource_zone"": ""us-central1-a"", ""vm"": ""mooc-worker""}",2053
2026-09-27T05:13:00Z,"{""instance_name"": ""mooc-worker"", ""loadbalanced"": ""false"", ""resource_instance_id"": ""2832248983015202130"", ""resource_project_id"": ""proyecto-2-cloud-509714"", ""resource_type"": ""gce_instance"", ""resource_zone"": ""us-central1-a"", ""vm"": ""mooc-worker""}",803
2026-09-27T05:12:00Z,"{""instance_name"": ""mooc-worker"", ""loadbalanced"": ""false"", ""resource_instance_id"": ""2832248983015202130"", ""resource_project_id"": ""proyecto-2-cloud-509714"", ""resource_type"": ""gce_instance"", ""resource_zone"": ""us-central1-a"", ""vm"": ""mooc-worker""}",127
2026-09-27T05:11:00Z,"{""instance_name"": ""mooc-worker"", ""loadbalanced"": ""false"", ""resource_instance_id"": ""2832248983015202130"", ""resource_project_id"": ""proyecto-2-cloud-509714"", ""resource_type"": ""gce_instance"", ""resource_zone"": ""us-central1-a"", ""vm"": ""mooc-worker""}",98
2026-09-27T05:10:00Z,"{""instance_name"": ""mooc-worker"", ""loadbalanced"": ""false"", ""resource_instance_id"": ""2832248983015202130"", ""resource_project_id"": ""proyecto-2-cloud-509714"", ""resource_type"": ""gce_instance"", ""resource_zone"": ""us-central1-a"", ""vm"": ""mooc-worker""}",114
2026-09-27T05:09:00Z,"{""instance_name"": ""mooc-worker"", ""loadbalanced"": ""false"", ""resource_instance_id"": ""2832248983015202130"", ""resource_project_id"": ""proyecto-2-cloud-509714"", ""resource_type"": ""gce_instance"", ""resource_zone"": ""us-central1-a"", ""vm"": ""mooc-worker""}",117
2026-09-27T05:08:00Z,"{""instance_name"": ""mooc-worker"", ""loadbalanced"": ""false"", ""resource_instance_id"": ""2832248983015202130"", ""resource_project_id"": ""proyecto-2-cloud-509714"", ""resource_type"": ""gce_instance"", ""resource_zone"": ""us-central1-a"", ""vm"": ""mooc-worker""}",162
2026-09-27T05:07:00Z,"{""instance_name"": ""mooc-worker"", ""loadbalanced"": ""false"", ""resource_instance_id"": ""2832248983015202130"", ""resource_project_id"": ""proyecto-2-cloud-509714"", ""resource_type"": ""gce_instance"", ""resource_zone"": ""us-central1-a"", ""vm"": ""mooc-worker""}",3012
2026-09-27T05:06:00Z,"{""instance_name"": ""mooc-worker"", ""loadbalanced"": ""false"", ""resource_instance_id"": ""2832248983015202130"", ""resource_project_id"": ""proyecto-2-cloud-509714"", ""resource_type"": ""gce_instance"", ""resource_zone"": ""us-central1-a"", ""vm"": ""mooc-worker""}",14383
2026-09-27T05:05:00Z,"{""instance_name"": ""mooc-worker"", ""loadbalanced"": ""false"", ""resource_instance_id"": ""2832248983015202130"", ""resource_project_id"": ""proyecto-2-cloud-509714"", ""resource_type"": ""gce_instance"", ""resource_zone"": ""us-central1-a"", ""vm"": ""mooc-worker""}",2213
2026-09-27T06:43:00Z,"{""instance_name"": ""mooc-loadgen"", ""loadbalanced"": ""false"", ""resource_instance_id"": ""502815831568494144"", ""resource_project_id"": ""proyecto-2-cloud-509714"", ""resource_type"": ""gce_instance"", ""resource_zone"": ""us-central1-a"", ""vm"": ""mooc-loadgen""}",2
2026-09-27T06:42:00Z,"{""instance_name"": ""mooc-loadgen"", ""loadbalanced"": ""false"", ""resource_instance_id"": ""502815831568494144"", ""resource_project_id"": ""proyecto-2-cloud-509714"", ""resource_type"": ""gce_instance"", ""resource_zone"": ""us-central1-a"", ""vm"": ""mooc-loadgen""}",2
2026-09-27T06:41:00Z,"{""instance_name"": ""mooc-loadgen"", ""loadbalanced"": ""false"", ""resource_instance_id"": ""502815831568494144"", ""resource_project_id"": ""proyecto-2-cloud-509714"", ""resource_type"": ""gce_instance"", ""resource_zone"": ""us-central1-a"", ""vm"": ""mooc-loadgen""}",12
2026-09-27T06:40:00Z,"{""instance_name"": ""mooc-loadgen"", ""loadbalanced"": ""false"", ""resource_instance_id"": ""502815831568494144"", ""resource_project_id"": ""proyecto-2-cloud-509714"", ""resource_type"": ""gce_instance"", ""resource_zone"": ""us-central1-a"", ""vm"": ""mooc-loadgen""}",6
2026-09-27T06:39:00Z,"{""instance_name"": ""mooc-loadgen"", ""loadbalanced"": ""false"", ""resource_instance_id"": ""502815831568494144"", ""resource_project_id"": ""proyecto-2-cloud-509714"", ""resource_type"": ""gce_instance"", ""resource_zone"": ""us-central1-a"", ""vm"": ""mooc-loadgen""}",2
2026-09-27T06:38:00Z,"{""instance_name"": ""mooc-loadgen"", ""loadbalanced"": ""false"", ""resource_instance_id"": ""502815831568494144"", ""resource_project_id"": ""proyecto-2-cloud-509714"", ""resource_type"": ""gce_instance"", ""resource_zone"": ""us-central1-a"", ""vm"": ""mooc-loadgen""}",2
2026-09-27T06:37:00Z,"{""instance_name"": ""mooc-loadgen"", ""loadbalanced"": ""false"", ""resource_instance_id"": ""502815831568494144"", ""resource_project_id"": ""proyecto-2-cloud-509714"", ""resource_type"": ""gce_instance"", ""resource_zone"": ""us-central1-a"", ""vm"": ""mooc-loadgen""}",2
2026-09-27T06:36:00Z,"{""instance_name"": ""mooc-loadgen"", ""loadbalanced"": ""false"", ""resource_instance_id"": ""502815831568494144"", ""resource_project_id"": ""proyecto-2-cloud-509714"", ""resource_type"": ""gce_instance"", ""resource_zone"": ""us-central1-a"", ""vm"": ""mooc-loadgen""}",2
2026-09-27T06:35:00Z,"{""instance_name"": ""mooc-loadgen"", ""loadbalanced"": ""false"", ""resource_instance_id"": ""502815831568494144"", ""resource_project_id"": ""proyecto-2-cloud-509714"", ""resource_type"": ""gce_instance"", ""resource_zone"": ""us-central1-a"", ""vm"": ""mooc-loadgen""}",2
2026-09-27T06:34:00Z,"{""instance_name"": ""mooc-loadgen"", ""loadbalanced"": ""false"", ""resource_instance_id"": ""502815831568494144"", ""resource_project_id"": ""proyecto-2-cloud-509714"", ""resource_type"": ""gce_instance"", ""resource_zone"": ""us-central1-a"", ""vm"": ""mooc-loadgen""}",2
2026-09-27T06:33:00Z,"{""instance_name"": ""mooc-loadgen"", ""loadbalanced"": ""false"", ""resource_instance_id"": ""502815831568494144"", ""resource_project_id"": ""proyecto-2-cloud-509714"", ""resource_type"": ""gce_instance"", ""resource_zone"": ""us-central1-a"", ""vm"": ""mooc-loadgen""}",12
2026-09-27T06:32:00Z,"{""instance_name"": ""mooc-loadgen"", ""loadbalanced"": ""false"", ""resource_instance_id"": ""502815831568494144"", ""resource_project_id"": ""proyecto-2-cloud-509714"", ""resource_type"": ""gce_instance"", ""resource_zone"": ""us-central1-a"", ""vm"": ""mooc-loadgen""}",5
2026-09-27T06:31:00Z,"{""instance_name"": ""mooc-loadgen"", ""loadbalanced"": ""false"", ""resource_instance_id"": ""502815831568494144"", ""resource_project_id"": ""proyecto-2-cloud-509714"", ""resource_type"": ""gce_instance"", ""resource_zone"": ""us-central1-a"", ""vm"": ""mooc-loadgen""}",2
2026-09-27T06:30:00Z,"{""instance_name"": ""mooc-loadgen"", ""loadbalanced"": ""false"", ""resource_instance_id"": ""502815831568494144"", ""resource_project_id"": ""proyecto-2-cloud-509714"", ""resource_type"": ""gce_instance"", ""resource_zone"": ""us-central1-a"", ""vm"": ""mooc-loadgen""}",2
2026-09-27T06:29:00Z,"{""instance_name"": ""mooc-loadgen"", ""loadbalanced"": ""false"", ""resource_instance_id"": ""502815831568494144"", ""resource_project_id"": ""proyecto-2-cloud-509714"", ""resource_type"": ""gce_instance"", ""resource_zone"": ""us-central1-a"", ""vm"": ""mooc-loadgen""}",2
2026-09-27T06:28:00Z,"{""instance_name"": ""mooc-loadgen"", ""loadbalanced"": ""false"", ""resource_instance_id"": ""502815831568494144"", ""resource_project_id"": ""proyecto-2-cloud-509714"", ""resource_type"": ""gce_instance"", ""resource_zone"": ""us-central1-a"", ""vm"": ""mooc-loadgen""}",2
2026-09-27T06:27:00Z,"{""instance_name"": ""mooc-loadgen"", ""loadbalanced"": ""false"", ""resource_instance_id"": ""502815831568494144"", ""resource_project_id"": ""proyecto-2-cloud-509714"", ""resource_type"": ""gce_instance"", ""resource_zone"": ""us-central1-a"", ""vm"": ""mooc-loadgen""}",2
2026-09-27T06:26:00Z,"{""instance_name"": ""mooc-loadgen"", ""loadbalanced"": ""false"", ""resource_instance_id"": ""502815831568494144"", ""resource_project_id"": ""proyecto-2-cloud-509714"", ""resource_type"": ""gce_instance"", ""resource_zone"": ""us-central1-a"", ""vm"": ""mooc-loadgen""}",2
2026-09-27T06:25:00Z,"{""instance_name"": ""mooc-loadgen"", ""loadbalanced"": ""false"", ""resource_instance_id"": ""502815831568494144"", ""resource_project_id"": ""proyecto-2-cloud-509714"", ""resource_type"": ""gce_instance"", ""resource_zone"": ""us-central1-a"", ""vm"": ""mooc-loadgen""}",20
2026-09-27T06:24:00Z,"{""instance_name"": ""mooc-loadgen"", ""loadbalanced"": ""false"", ""resource_instance_id"": ""502815831568494144"", ""resource_project_id"": ""proyecto-2-cloud-509714"", ""resource_type"": ""gce_instance"", ""resource_zone"": ""us-central1-a"", ""vm"": ""mooc-loadgen""}",8
2026-09-27T06:23:00Z,"{""instance_name"": ""mooc-loadgen"", ""loadbalanced"": ""false"", ""resource_instance_id"": ""502815831568494144"", ""resource_project_id"": ""proyecto-2-cloud-509714"", ""resource_type"": ""gce_instance"", ""resource_zone"": ""us-central1-a"", ""vm"": ""mooc-loadgen""}",2
2026-09-27T06:22:00Z,"{""instance_name"": ""mooc-loadgen"", ""loadbalanced"": ""false"", ""resource_instance_id"": ""502815831568494144"", ""resource_project_id"": ""proyecto-2-cloud-509714"", ""resource_type"": ""gce_instance"", ""resource_zone"": ""us-central1-a"", ""vm"": ""mooc-loadgen""}",2
2026-09-27T06:21:00Z,"{""instance_name"": ""mooc-loadgen"", ""loadbalanced"": ""false"", ""resource_instance_id"": ""502815831568494144"", ""resource_project_id"": ""proyecto-2-cloud-509714"", ""resource_type"": ""gce_instance"", ""resource_zone"": ""us-central1-a"", ""vm"": ""mooc-loadgen""}",2
2026-09-27T06:20:00Z,"{""instance_name"": ""mooc-loadgen"", ""loadbalanced"": ""false"", ""resource_instance_id"": ""502815831568494144"", ""resource_project_id"": ""proyecto-2-cloud-509714"", ""resource_type"": ""gce_instance"", ""resource_zone"": ""us-central1-a"", ""vm"": ""mooc-loadgen""}",2
2026-09-27T06:19:00Z,"{""instance_name"": ""mooc-loadgen"", ""loadbalanced"": ""false"", ""resource_instance_id"": ""502815831568494144"", ""resource_project_id"": ""proyecto-2-cloud-509714"", ""resource_type"": ""gce_instance"", ""resource_zone"": ""us-central1-a"", ""vm"": ""mooc-loadgen""}",12
2026-09-27T06:18:00Z,"{""instance_name"": ""mooc-loadgen"", ""loadbalanced"": ""false"", ""resource_instance_id"": ""502815831568494144"", ""resource_project_id"": ""proyecto-2-cloud-509714"", ""resource_type"": ""gce_instance"", ""resource_zone"": ""us-central1-a"", ""vm"": ""mooc-loadgen""}",5
2026-09-27T06:17:00Z,"{""instance_name"": ""mooc-loadgen"", ""loadbalanced"": ""false"", ""resource_instance_id"": ""502815831568494144"", ""resource_project_id"": ""proyecto-2-cloud-509714"", ""resource_type"": ""gce_instance"", ""resource_zone"": ""us-central1-a"", ""vm"": ""mooc-loadgen""}",2
2026-09-27T06:16:00Z,"{""instance_name"": ""mooc-loadgen"", ""loadbalanced"": ""false"", ""resource_instance_id"": ""502815831568494144"", ""resource_project_id"": ""proyecto-2-cloud-509714"", ""resource_type"": ""gce_instance"", ""resource_zone"": ""us-central1-a"", ""vm"": ""mooc-loadgen""}",2
2026-09-27T06:15:00Z,"{""instance_name"": ""mooc-loadgen"", ""loadbalanced"": ""false"", ""resource_instance_id"": ""502815831568494144"", ""resource_project_id"": ""proyecto-2-cloud-509714"", ""resource_type"": ""gce_instance"", ""resource_zone"": ""us-central1-a"", ""vm"": ""mooc-loadgen""}",2
2026-09-27T06:14:00Z,"{""instance_name"": ""mooc-loadgen"", ""loadbalanced"": ""false"", ""resource_instance_id"": ""502815831568494144"", ""resource_project_id"": ""proyecto-2-cloud-509714"", ""resource_type"": ""gce_instance"", ""resource_zone"": ""us-central1-a"", ""vm"": ""mooc-loadgen""}",2
2026-09-27T06:13:00Z,"{""instance_name"": ""mooc-loadgen"", ""loadbalanced"": ""false"", ""resource_instance_id"": ""502815831568494144"", ""resource_project_id"": ""proyecto-2-cloud-509714"", ""resource_type"": ""gce_instance"", ""resource_zone"": ""us-central1-a"", ""vm"": ""mooc-loadgen""}",2
2026-09-27T06:12:00Z,"{""instance_name"": ""mooc-loadgen"", ""loadbalanced"": ""false"", ""resource_instance_id"": ""502815831568494144"", ""resource_project_id"": ""proyecto-2-cloud-509714"", ""resource_type"": ""gce_instance"", ""resource_zone"": ""us-central1-a"", ""vm"": ""mooc-loadgen""}",2
2026-09-27T06:11:00Z,"{""instance_name"": ""mooc-loadgen"", ""loadbalanced"": ""false"", ""resource_instance_id"": ""502815831568494144"", ""resource_project_id"": ""proyecto-2-cloud-509714"", ""resource_type"": ""gce_instance"", ""resource_zone"": ""us-central1-a"", ""vm"": ""mooc-loadgen""}",12
2026-09-27T06:10:00Z,"{""instance_name"": ""mooc-loadgen"", ""loadbalanced"": ""false"", ""resource_instance_id"": ""502815831568494144"", ""resource_project_id"": ""proyecto-2-cloud-509714"", ""resource_type"": ""gce_instance"", ""resource_zone"": ""us-central1-a"", ""vm"": ""mooc-loadgen""}",5
2026-09-27T06:09:00Z,"{""instance_name"": ""mooc-loadgen"", ""loadbalanced"": ""false"", ""resource_instance_id"": ""502815831568494144"", ""resource_project_id"": ""proyecto-2-cloud-509714"", ""resource_type"": ""gce_instance"", ""resource_zone"": ""us-central1-a"", ""vm"": ""mooc-loadgen""}",2
2026-09-27T06:08:00Z,"{""instance_name"": ""mooc-loadgen"", ""loadbalanced"": ""false"", ""resource_instance_id"": ""502815831568494144"", ""resource_project_id"": ""proyecto-2-cloud-509714"", ""resource_type"": ""gce_instance"", ""resource_zone"": ""us-central1-a"", ""vm"": ""mooc-loadgen""}",2
2026-09-27T06:07:00Z,"{""instance_name"": ""mooc-loadgen"", ""loadbalanced"": ""false"", ""resource_instance_id"": ""502815831568494144"", ""resource_project_id"": ""proyecto-2-cloud-509714"", ""resource_type"": ""gce_instance"", ""resource_zone"": ""us-central1-a"", ""vm"": ""mooc-loadgen""}",2
2026-09-27T06:06:00Z,"{""instance_name"": ""mooc-loadgen"", ""loadbalanced"": ""false"", ""resource_instance_id"": ""502815831568494144"", ""resource_project_id"": ""proyecto-2-cloud-509714"", ""resource_type"": ""gce_instance"", ""resource_zone"": ""us-central1-a"", ""vm"": ""mooc-loadgen""}",2
2026-09-27T06:05:00Z,"{""instance_name"": ""mooc-loadgen"", ""loadbalanced"": ""false"", ""resource_instance_id"": ""502815831568494144"", ""resource_project_id"": ""proyecto-2-cloud-509714"", ""resource_type"": ""gce_instance"", ""resource_zone"": ""us-central1-a"", ""vm"": ""mooc-loadgen""}",2
2026-09-27T06:04:00Z,"{""instance_name"": ""mooc-loadgen"", ""loadbalanced"": ""false"", ""resource_instance_id"": ""502815831568494144"", ""resource_project_id"": ""proyecto-2-cloud-509714"", ""resource_type"": ""gce_instance"", ""resource_zone"": ""us-central1-a"", ""vm"": ""mooc-loadgen""}",2
2026-09-27T06:03:00Z,"{""instance_name"": ""mooc-loadgen"", ""loadbalanced"": ""false"", ""resource_instance_id"": ""502815831568494144"", ""resource_project_id"": ""proyecto-2-cloud-509714"", ""resource_type"": ""gce_instance"", ""resource_zone"": ""us-central1-a"", ""vm"": ""mooc-loadgen""}",12
2026-09-27T06:02:00Z,"{""instance_name"": ""mooc-loadgen"", ""loadbalanced"": ""false"", ""resource_instance_id"": ""502815831568494144"", ""resource_project_id"": ""proyecto-2-cloud-509714"", ""resource_type"": ""gce_instance"", ""resource_zone"": ""us-central1-a"", ""vm"": ""mooc-loadgen""}",5
2026-09-27T06:01:00Z,"{""instance_name"": ""mooc-loadgen"", ""loadbalanced"": ""false"", ""resource_instance_id"": ""502815831568494144"", ""resource_project_id"": ""proyecto-2-cloud-509714"", ""resource_type"": ""gce_instance"", ""resource_zone"": ""us-central1-a"", ""vm"": ""mooc-loadgen""}",2
2026-09-27T06:00:00Z,"{""instance_name"": ""mooc-loadgen"", ""loadbalanced"": ""false"", ""resource_instance_id"": ""502815831568494144"", ""resource_project_id"": ""proyecto-2-cloud-509714"", ""resource_type"": ""gce_instance"", ""resource_zone"": ""us-central1-a"", ""vm"": ""mooc-loadgen""}",2
2026-09-27T05:59:00Z,"{""instance_name"": ""mooc-loadgen"", ""loadbalanced"": ""false"", ""resource_instance_id"": ""502815831568494144"", ""resource_project_id"": ""proyecto-2-cloud-509714"", ""resource_type"": ""gce_instance"", ""resource_zone"": ""us-central1-a"", ""vm"": ""mooc-loadgen""}",2
2026-09-27T05:58:00Z,"{""instance_name"": ""mooc-loadgen"", ""loadbalanced"": ""false"", ""resource_instance_id"": ""502815831568494144"", ""resource_project_id"": ""proyecto-2-cloud-509714"", ""resource_type"": ""gce_instance"", ""resource_zone"": ""us-central1-a"", ""vm"": ""mooc-loadgen""}",2
2026-09-27T05:57:00Z,"{""instance_name"": ""mooc-loadgen"", ""loadbalanced"": ""false"", ""resource_instance_id"": ""502815831568494144"", ""resource_project_id"": ""proyecto-2-cloud-509714"", ""resource_type"": ""gce_instance"", ""resource_zone"": ""us-central1-a"", ""vm"": ""mooc-loadgen""}",2
2026-09-27T05:56:00Z,"{""instance_name"": ""mooc-loadgen"", ""loadbalanced"": ""false"", ""resource_instance_id"": ""502815831568494144"", ""resource_project_id"": ""proyecto-2-cloud-509714"", ""resource_type"": ""gce_instance"", ""resource_zone"": ""us-central1-a"", ""vm"": ""mooc-loadgen""}",2
2026-09-27T05:55:00Z,"{""instance_name"": ""mooc-loadgen"", ""loadbalanced"": ""false"", ""resource_instance_id"": ""502815831568494144"", ""resource_project_id"": ""proyecto-2-cloud-509714"", ""resource_type"": ""gce_instance"", ""resource_zone"": ""us-central1-a"", ""vm"": ""mooc-loadgen""}",30
2026-09-27T05:54:00Z,"{""instance_name"": ""mooc-loadgen"", ""loadbalanced"": ""false"", ""resource_instance_id"": ""502815831568494144"", ""resource_project_id"": ""proyecto-2-cloud-509714"", ""resource_type"": ""gce_instance"", ""resource_zone"": ""us-central1-a"", ""vm"": ""mooc-loadgen""}",11
2026-09-27T05:53:00Z,"{""instance_name"": ""mooc-loadgen"", ""loadbalanced"": ""false"", ""resource_instance_id"": ""502815831568494144"", ""resource_project_id"": ""proyecto-2-cloud-509714"", ""resource_type"": ""gce_instance"", ""resource_zone"": ""us-central1-a"", ""vm"": ""mooc-loadgen""}",12
2026-09-27T05:52:00Z,"{""instance_name"": ""mooc-loadgen"", ""loadbalanced"": ""false"", ""resource_instance_id"": ""502815831568494144"", ""resource_project_id"": ""proyecto-2-cloud-509714"", ""resource_type"": ""gce_instance"", ""resource_zone"": ""us-central1-a"", ""vm"": ""mooc-loadgen""}",6
2026-09-27T05:51:00Z,"{""instance_name"": ""mooc-loadgen"", ""loadbalanced"": ""false"", ""resource_instance_id"": ""502815831568494144"", ""resource_project_id"": ""proyecto-2-cloud-509714"", ""resource_type"": ""gce_instance"", ""resource_zone"": ""us-central1-a"", ""vm"": ""mooc-loadgen""}",2
2026-09-27T05:50:00Z,"{""instance_name"": ""mooc-loadgen"", ""loadbalanced"": ""false"", ""resource_instance_id"": ""502815831568494144"", ""resource_project_id"": ""proyecto-2-cloud-509714"", ""resource_type"": ""gce_instance"", ""resource_zone"": ""us-central1-a"", ""vm"": ""mooc-loadgen""}",2
2026-09-27T05:49:00Z,"{""instance_name"": ""mooc-loadgen"", ""loadbalanced"": ""false"", ""resource_instance_id"": ""502815831568494144"", ""resource_project_id"": ""proyecto-2-cloud-509714"", ""resource_type"": ""gce_instance"", ""resource_zone"": ""us-central1-a"", ""vm"": ""mooc-loadgen""}",2
2026-09-27T05:48:00Z,"{""instance_name"": ""mooc-loadgen"", ""loadbalanced"": ""false"", ""resource_instance_id"": ""502815831568494144"", ""resource_project_id"": ""proyecto-2-cloud-509714"", ""resource_type"": ""gce_instance"", ""resource_zone"": ""us-central1-a"", ""vm"": ""mooc-loadgen""}",2
2026-09-27T05:47:00Z,"{""instance_name"": ""mooc-loadgen"", ""loadbalanced"": ""false"", ""resource_instance_id"": ""502815831568494144"", ""resource_project_id"": ""proyecto-2-cloud-509714"", ""resource_type"": ""gce_instance"", ""resource_zone"": ""us-central1-a"", ""vm"": ""mooc-loadgen""}",2
2026-09-27T05:46:00Z,"{""instance_name"": ""mooc-loadgen"", ""loadbalanced"": ""false"", ""resource_instance_id"": ""502815831568494144"", ""resource_project_id"": ""proyecto-2-cloud-509714"", ""resource_type"": ""gce_instance"", ""resource_zone"": ""us-central1-a"", ""vm"": ""mooc-loadgen""}",2
2026-09-27T05:45:00Z,"{""instance_name"": ""mooc-loadgen"", ""loadbalanced"": ""false"", ""resource_instance_id"": ""502815831568494144"", ""resource_project_id"": ""proyecto-2-cloud-509714"", ""resource_type"": ""gce_instance"", ""resource_zone"": ""us-central1-a"", ""vm"": ""mooc-loadgen""}",12
2026-09-27T05:44:00Z,"{""instance_name"": ""mooc-loadgen"", ""loadbalanced"": ""false"", ""resource_instance_id"": ""502815831568494144"", ""resource_project_id"": ""proyecto-2-cloud-509714"", ""resource_type"": ""gce_instance"", ""resource_zone"": ""us-central1-a"", ""vm"": ""mooc-loadgen""}",5
2026-09-27T05:43:00Z,"{""instance_name"": ""mooc-loadgen"", ""loadbalanced"": ""false"", ""resource_instance_id"": ""502815831568494144"", ""resource_project_id"": ""proyecto-2-cloud-509714"", ""resource_type"": ""gce_instance"", ""resource_zone"": ""us-central1-a"", ""vm"": ""mooc-loadgen""}",2
2026-09-27T05:42:00Z,"{""instance_name"": ""mooc-loadgen"", ""loadbalanced"": ""false"", ""resource_instance_id"": ""502815831568494144"", ""resource_project_id"": ""proyecto-2-cloud-509714"", ""resource_type"": ""gce_instance"", ""resource_zone"": ""us-central1-a"", ""vm"": ""mooc-loadgen""}",2
2026-09-27T05:41:00Z,"{""instance_name"": ""mooc-loadgen"", ""loadbalanced"": ""false"", ""resource_instance_id"": ""502815831568494144"", ""resource_project_id"": ""proyecto-2-cloud-509714"", ""resource_type"": ""gce_instance"", ""resource_zone"": ""us-central1-a"", ""vm"": ""mooc-loadgen""}",2
2026-09-27T05:40:00Z,"{""instance_name"": ""mooc-loadgen"", ""loadbalanced"": ""false"", ""resource_instance_id"": ""502815831568494144"", ""resource_project_id"": ""proyecto-2-cloud-509714"", ""resource_type"": ""gce_instance"", ""resource_zone"": ""us-central1-a"", ""vm"": ""mooc-loadgen""}",2
2026-09-27T05:39:00Z,"{""instance_name"": ""mooc-loadgen"", ""loadbalanced"": ""false"", ""resource_instance_id"": ""502815831568494144"", ""resource_project_id"": ""proyecto-2-cloud-509714"", ""resource_type"": ""gce_instance"", ""resource_zone"": ""us-central1-a"", ""vm"": ""mooc-loadgen""}",2
2026-09-27T05:38:00Z,"{""instance_name"": ""mooc-loadgen"", ""loadbalanced"": ""false"", ""resource_instance_id"": ""502815831568494144"", ""resource_project_id"": ""proyecto-2-cloud-509714"", ""resource_type"": ""gce_instance"", ""resource_zone"": ""us-central1-a"", ""vm"": ""mooc-loadgen""}",2
2026-09-27T05:37:00Z,"{""instance_name"": ""mooc-loadgen"", ""loadbalanced"": ""false"", ""resource_instance_id"": ""502815831568494144"", ""resource_project_id"": ""proyecto-2-cloud-509714"", ""resource_type"": ""gce_instance"", ""resource_zone"": ""us-central1-a"", ""vm"": ""mooc-loadgen""}",12
2026-09-27T05:36:00Z,"{""instance_name"": ""mooc-loadgen"", ""loadbalanced"": ""false"", ""resource_instance_id"": ""502815831568494144"", ""resource_project_id"": ""proyecto-2-cloud-509714"", ""resource_type"": ""gce_instance"", ""resource_zone"": ""us-central1-a"", ""vm"": ""mooc-loadgen""}",5
2026-09-27T05:35:00Z,"{""instance_name"": ""mooc-loadgen"", ""loadbalanced"": ""false"", ""resource_instance_id"": ""502815831568494144"", ""resource_project_id"": ""proyecto-2-cloud-509714"", ""resource_type"": ""gce_instance"", ""resource_zone"": ""us-central1-a"", ""vm"": ""mooc-loadgen""}",2
2026-09-27T05:34:00Z,"{""instance_name"": ""mooc-loadgen"", ""loadbalanced"": ""false"", ""resource_instance_id"": ""502815831568494144"", ""resource_project_id"": ""proyecto-2-cloud-509714"", ""resource_type"": ""gce_instance"", ""resource_zone"": ""us-central1-a"", ""vm"": ""mooc-loadgen""}",2
2026-09-27T05:33:00Z,"{""instance_name"": ""mooc-loadgen"", ""loadbalanced"": ""false"", ""resource_instance_id"": ""502815831568494144"", ""resource_project_id"": ""proyecto-2-cloud-509714"", ""resource_type"": ""gce_instance"", ""resource_zone"": ""us-central1-a"", ""vm"": ""mooc-loadgen""}",2
2026-09-27T05:32:00Z,"{""instance_name"": ""mooc-loadgen"", ""loadbalanced"": ""false"", ""resource_instance_id"": ""502815831568494144"", ""resource_project_id"": ""proyecto-2-cloud-509714"", ""resource_type"": ""gce_instance"", ""resource_zone"": ""us-central1-a"", ""vm"": ""mooc-loadgen""}",2
2026-09-27T05:31:00Z,"{""instance_name"": ""mooc-loadgen"", ""loadbalanced"": ""false"", ""resource_instance_id"": ""502815831568494144"", ""resource_project_id"": ""proyecto-2-cloud-509714"", ""resource_type"": ""gce_instance"", ""resource_zone"": ""us-central1-a"", ""vm"": ""mooc-loadgen""}",2
2026-09-27T05:30:00Z,"{""instance_name"": ""mooc-loadgen"", ""loadbalanced"": ""false"", ""resource_instance_id"": ""502815831568494144"", ""resource_project_id"": ""proyecto-2-cloud-509714"", ""resource_type"": ""gce_instance"", ""resource_zone"": ""us-central1-a"", ""vm"": ""mooc-loadgen""}",2
2026-09-27T05:29:00Z,"{""instance_name"": ""mooc-loadgen"", ""loadbalanced"": ""false"", ""resource_instance_id"": ""502815831568494144"", ""resource_project_id"": ""proyecto-2-cloud-509714"", ""resource_type"": ""gce_instance"", ""resource_zone"": ""us-central1-a"", ""vm"": ""mooc-loadgen""}",12
2026-09-27T05:28:00Z,"{""instance_name"": ""mooc-loadgen"", ""loadbalanced"": ""false"", ""resource_instance_id"": ""502815831568494144"", ""resource_project_id"": ""proyecto-2-cloud-509714"", ""resource_type"": ""gce_instance"", ""resource_zone"": ""us-central1-a"", ""vm"": ""mooc-loadgen""}",5
2026-09-27T05:27:00Z,"{""instance_name"": ""mooc-loadgen"", ""loadbalanced"": ""false"", ""resource_instance_id"": ""502815831568494144"", ""resource_project_id"": ""proyecto-2-cloud-509714"", ""resource_type"": ""gce_instance"", ""resource_zone"": ""us-central1-a"", ""vm"": ""mooc-loadgen""}",2
2026-09-27T05:26:00Z,"{""instance_name"": ""mooc-loadgen"", ""loadbalanced"": ""false"", ""resource_instance_id"": ""502815831568494144"", ""resource_project_id"": ""proyecto-2-cloud-509714"", ""resource_type"": ""gce_instance"", ""resource_zone"": ""us-central1-a"", ""vm"": ""mooc-loadgen""}",2
2026-09-27T05:25:00Z,"{""instance_name"": ""mooc-loadgen"", ""loadbalanced"": ""false"", ""resource_instance_id"": ""502815831568494144"", ""resource_project_id"": ""proyecto-2-cloud-509714"", ""resource_type"": ""gce_instance"", ""resource_zone"": ""us-central1-a"", ""vm"": ""mooc-loadgen""}",2
2026-09-27T05:24:00Z,"{""instance_name"": ""mooc-loadgen"", ""loadbalanced"": ""false"", ""resource_instance_id"": ""502815831568494144"", ""resource_project_id"": ""proyecto-2-cloud-509714"", ""resource_type"": ""gce_instance"", ""resource_zone"": ""us-central1-a"", ""vm"": ""mooc-loadgen""}",2
2026-09-27T05:23:00Z,"{""instance_name"": ""mooc-loadgen"", ""loadbalanced"": ""false"", ""resource_instance_id"": ""502815831568494144"", ""resource_project_id"": ""proyecto-2-cloud-509714"", ""resource_type"": ""gce_instance"", ""resource_zone"": ""us-central1-a"", ""vm"": ""mooc-loadgen""}",2
2026-09-27T05:22:00Z,"{""instance_name"": ""mooc-loadgen"", ""loadbalanced"": ""false"", ""resource_instance_id"": ""502815831568494144"", ""resource_project_id"": ""proyecto-2-cloud-509714"", ""resource_type"": ""gce_instance"", ""resource_zone"": ""us-central1-a"", ""vm"": ""mooc-loadgen""}",2
2026-09-27T05:21:00Z,"{""instance_name"": ""mooc-loadgen"", ""loadbalanced"": ""false"", ""resource_instance_id"": ""502815831568494144"", ""resource_project_id"": ""proyecto-2-cloud-509714"", ""resource_type"": ""gce_instance"", ""resource_zone"": ""us-central1-a"", ""vm"": ""mooc-loadgen""}",20
2026-09-27T05:20:00Z,"{""instance_name"": ""mooc-loadgen"", ""loadbalanced"": ""false"", ""resource_instance_id"": ""502815831568494144"", ""resource_project_id"": ""proyecto-2-cloud-509714"", ""resource_type"": ""gce_instance"", ""resource_zone"": ""us-central1-a"", ""vm"": ""mooc-loadgen""}",8
2026-09-27T05:19:00Z,"{""instance_name"": ""mooc-loadgen"", ""loadbalanced"": ""false"", ""resource_instance_id"": ""502815831568494144"", ""resource_project_id"": ""proyecto-2-cloud-509714"", ""resource_type"": ""gce_instance"", ""resource_zone"": ""us-central1-a"", ""vm"": ""mooc-loadgen""}",2
2026-09-27T05:18:00Z,"{""instance_name"": ""mooc-loadgen"", ""loadbalanced"": ""false"", ""resource_instance_id"": ""502815831568494144"", ""resource_project_id"": ""proyecto-2-cloud-509714"", ""resource_type"": ""gce_instance"", ""resource_zone"": ""us-central1-a"", ""vm"": ""mooc-loadgen""}",2
2026-09-27T05:17:00Z,"{""instance_name"": ""mooc-loadgen"", ""loadbalanced"": ""false"", ""resource_instance_id"": ""502815831568494144"", ""resource_project_id"": ""proyecto-2-cloud-509714"", ""resource_type"": ""gce_instance"", ""resource_zone"": ""us-central1-a"", ""vm"": ""mooc-loadgen""}",2
2026-09-27T05:16:00Z,"{""instance_name"": ""mooc-loadgen"", ""loadbalanced"": ""false"", ""resource_instance_id"": ""502815831568494144"", ""resource_project_id"": ""proyecto-2-cloud-509714"", ""resource_type"": ""gce_instance"", ""resource_zone"": ""us-central1-a"", ""vm"": ""mooc-loadgen""}",2
2026-09-27T05:15:00Z,"{""instance_name"": ""mooc-loadgen"", ""loadbalanced"": ""false"", ""resource_instance_id"": ""502815831568494144"", ""resource_project_id"": ""proyecto-2-cloud-509714"", ""resource_type"": ""gce_instance"", ""resource_zone"": ""us-central1-a"", ""vm"": ""mooc-loadgen""}",12
2026-09-27T05:14:00Z,"{""instance_name"": ""mooc-loadgen"", ""loadbalanced"": ""false"", ""resource_instance_id"": ""502815831568494144"", ""resource_project_id"": ""proyecto-2-cloud-509714"", ""resource_type"": ""gce_instance"", ""resource_zone"": ""us-central1-a"", ""vm"": ""mooc-loadgen""}",5
2026-09-27T05:13:00Z,"{""instance_name"": ""mooc-loadgen"", ""loadbalanced"": ""false"", ""resource_instance_id"": ""502815831568494144"", ""resource_project_id"": ""proyecto-2-cloud-509714"", ""resource_type"": ""gce_instance"", ""resource_zone"": ""us-central1-a"", ""vm"": ""mooc-loadgen""}",2
2026-09-27T05:12:00Z,"{""instance_name"": ""mooc-loadgen"", ""loadbalanced"": ""false"", ""resource_instance_id"": ""502815831568494144"", ""resource_project_id"": ""proyecto-2-cloud-509714"", ""resource_type"": ""gce_instance"", ""resource_zone"": ""us-central1-a"", ""vm"": ""mooc-loadgen""}",2
2026-09-27T05:11:00Z,"{""instance_name"": ""mooc-loadgen"", ""loadbalanced"": ""false"", ""resource_instance_id"": ""502815831568494144"", ""resource_project_id"": ""proyecto-2-cloud-509714"", ""resource_type"": ""gce_instance"", ""resource_zone"": ""us-central1-a"", ""vm"": ""mooc-loadgen""}",2
2026-09-27T05:10:00Z,"{""instance_name"": ""mooc-loadgen"", ""loadbalanced"": ""false"", ""resource_instance_id"": ""502815831568494144"", ""resource_project_id"": ""proyecto-2-cloud-509714"", ""resource_type"": ""gce_instance"", ""resource_zone"": ""us-central1-a"", ""vm"": ""mooc-loadgen""}",2
2026-09-27T05:09:00Z,"{""instance_name"": ""mooc-loadgen"", ""loadbalanced"": ""false"", ""resource_instance_id"": ""502815831568494144"", ""resource_project_id"": ""proyecto-2-cloud-509714"", ""resource_type"": ""gce_instance"", ""resource_zone"": ""us-central1-a"", ""vm"": ""mooc-loadgen""}",2
2026-09-27T05:08:00Z,"{""instance_name"": ""mooc-loadgen"", ""loadbalanced"": ""false"", ""resource_instance_id"": ""502815831568494144"", ""resource_project_id"": ""proyecto-2-cloud-509714"", ""resource_type"": ""gce_instance"", ""resource_zone"": ""us-central1-a"", ""vm"": ""mooc-loadgen""}",2
2026-09-27T05:07:00Z,"{""instance_name"": ""mooc-loadgen"", ""loadbalanced"": ""false"", ""resource_instance_id"": ""502815831568494144"", ""resource_project_id"": ""proyecto-2-cloud-509714"", ""resource_type"": ""gce_instance"", ""resource_zone"": ""us-central1-a"", ""vm"": ""mooc-loadgen""}",11
2026-09-27T05:06:00Z,"{""instance_name"": ""mooc-loadgen"", ""loadbalanced"": ""false"", ""resource_instance_id"": ""502815831568494144"", ""resource_project_id"": ""proyecto-2-cloud-509714"", ""resource_type"": ""gce_instance"", ""resource_zone"": ""us-central1-a"", ""vm"": ""mooc-loadgen""}",5
2026-09-27T05:05:00Z,"{""instance_name"": ""mooc-loadgen"", ""loadbalanced"": ""false"", ""resource_instance_id"": ""502815831568494144"", ""resource_project_id"": ""proyecto-2-cloud-509714"", ""resource_type"": ""gce_instance"", ""resource_zone"": ""us-central1-a"", ""vm"": ""mooc-loadgen""}",2
2026-09-27T05:04:00Z,"{""instance_name"": ""mooc-loadgen"", ""loadbalanced"": ""false"", ""resource_instance_id"": ""502815831568494144"", ""resource_project_id"": ""proyecto-2-cloud-509714"", ""resource_type"": ""gce_instance"", ""resource_zone"": ""us-central1-a"", ""vm"": ""mooc-loadgen""}",2
2026-09-27T05:03:00Z,"{""instance_name"": ""mooc-loadgen"", ""loadbalanced"": ""false"", ""resource_instance_id"": ""502815831568494144"", ""resource_project_id"": ""proyecto-2-cloud-509714"", ""resource_type"": ""gce_instance"", ""resource_zone"": ""us-central1-a"", ""vm"": ""mooc-loadgen""}",2
2026-09-27T05:02:00Z,"{""instance_name"": ""mooc-loadgen"", ""loadbalanced"": ""false"", ""resource_instance_id"": ""502815831568494144"", ""resource_project_id"": ""proyecto-2-cloud-509714"", ""resource_type"": ""gce_instance"", ""resource_zone"": ""us-central1-a"", ""vm"": ""mooc-loadgen""}",2
2026-09-27T05:01:00Z,"{""instance_name"": ""mooc-loadgen"", ""loadbalanced"": ""false"", ""resource_instance_id"": ""502815831568494144"", ""resource_project_id"": ""proyecto-2-cloud-509714"", ""resource_type"": ""gce_instance"", ""resource_zone"": ""us-central1-a"", ""vm"": ""mooc-loadgen""}",2
2026-09-27T05:00:00Z,"{""instance_name"": ""mooc-loadgen"", ""loadbalanced"": ""false"", ""resource_instance_id"": ""502815831568494144"", ""resource_project_id"": ""proyecto-2-cloud-509714"", ""resource_type"": ""gce_instance"", ""resource_zone"": ""us-central1-a"", ""vm"": ""mooc-loadgen""}",2
2026-09-27T04:59:00Z,"{""instance_name"": ""mooc-loadgen"", ""loadbalanced"": ""false"", ""resource_instance_id"": ""502815831568494144"", ""resource_project_id"": ""proyecto-2-cloud-509714"", ""resource_type"": ""gce_instance"", ""resource_zone"": ""us-central1-a"", ""vm"": ""mooc-loadgen""}",12
2026-09-27T04:58:00Z,"{""instance_name"": ""mooc-loadgen"", ""loadbalanced"": ""false"", ""resource_instance_id"": ""502815831568494144"", ""resource_project_id"": ""proyecto-2-cloud-509714"", ""resource_type"": ""gce_instance"", ""resource_zone"": ""us-central1-a"", ""vm"": ""mooc-loadgen""}",5
2026-09-27T04:57:00Z,"{""instance_name"": ""mooc-loadgen"", ""loadbalanced"": ""false"", ""resource_instance_id"": ""502815831568494144"", ""resource_project_id"": ""proyecto-2-cloud-509714"", ""resource_type"": ""gce_instance"", ""resource_zone"": ""us-central1-a"", ""vm"": ""mooc-loadgen""}",2
2026-09-27T04:56:00Z,"{""instance_name"": ""mooc-loadgen"", ""loadbalanced"": ""false"", ""resource_instance_id"": ""502815831568494144"", ""resource_project_id"": ""proyecto-2-cloud-509714"", ""resource_type"": ""gce_instance"", ""resource_zone"": ""us-central1-a"", ""vm"": ""mooc-loadgen""}",2
2026-09-27T04:55:00Z,"{""instance_name"": ""mooc-loadgen"", ""loadbalanced"": ""false"", ""resource_instance_id"": ""502815831568494144"", ""resource_project_id"": ""proyecto-2-cloud-509714"", ""resource_type"": ""gce_instance"", ""resource_zone"": ""us-central1-a"", ""vm"": ""mooc-loadgen""}",2
2026-09-27T04:54:00Z,"{""instance_name"": ""mooc-loadgen"", ""loadbalanced"": ""false"", ""resource_instance_id"": ""502815831568494144"", ""resource_project_id"": ""proyecto-2-cloud-509714"", ""resource_type"": ""gce_instance"", ""resource_zone"": ""us-central1-a"", ""vm"": ""mooc-loadgen""}",2
2026-09-27T04:53:00Z,"{""instance_name"": ""mooc-loadgen"", ""loadbalanced"": ""false"", ""resource_instance_id"": ""502815831568494144"", ""resource_project_id"": ""proyecto-2-cloud-509714"", ""resource_type"": ""gce_instance"", ""resource_zone"": ""us-central1-a"", ""vm"": ""mooc-loadgen""}",2
2026-09-27T04:52:00Z,"{""instance_name"": ""mooc-loadgen"", ""loadbalanced"": ""false"", ""resource_instance_id"": ""502815831568494144"", ""resource_project_id"": ""proyecto-2-cloud-509714"", ""resource_type"": ""gce_instance"", ""resource_zone"": ""us-central1-a"", ""vm"": ""mooc-loadgen""}",2
2026-09-27T04:51:00Z,"{""instance_name"": ""mooc-loadgen"", ""loadbalanced"": ""false"", ""resource_instance_id"": ""502815831568494144"", ""resource_project_id"": ""proyecto-2-cloud-509714"", ""resource_type"": ""gce_instance"", ""resource_zone"": ""us-central1-a"", ""vm"": ""mooc-loadgen""}",10
2026-09-27T04:50:00Z,"{""instance_name"": ""mooc-loadgen"", ""loadbalanced"": ""false"", ""resource_instance_id"": ""502815831568494144"", ""resource_project_id"": ""proyecto-2-cloud-509714"", ""resource_type"": ""gce_instance"", ""resource_zone"": ""us-central1-a"", ""vm"": ""mooc-loadgen""}",18
2026-09-27T04:49:00Z,"{""instance_name"": ""mooc-loadgen"", ""loadbalanced"": ""false"", ""resource_instance_id"": ""502815831568494144"", ""resource_project_id"": ""proyecto-2-cloud-509714"", ""resource_type"": ""gce_instance"", ""resource_zone"": ""us-central1-a"", ""vm"": ""mooc-loadgen""}",7
2026-09-27T04:48:00Z,"{""instance_name"": ""mooc-loadgen"", ""loadbalanced"": ""false"", ""resource_instance_id"": ""502815831568494144"", ""resource_project_id"": ""proyecto-2-cloud-509714"", ""resource_type"": ""gce_instance"", ""resource_zone"": ""us-central1-a"", ""vm"": ""mooc-loadgen""}",2
2026-09-27T04:47:00Z,"{""instance_name"": ""mooc-loadgen"", ""loadbalanced"": ""false"", ""resource_instance_id"": ""502815831568494144"", ""resource_project_id"": ""proyecto-2-cloud-509714"", ""resource_type"": ""gce_instance"", ""resource_zone"": ""us-central1-a"", ""vm"": ""mooc-loadgen""}",2
2026-09-27T04:46:00Z,"{""instance_name"": ""mooc-loadgen"", ""loadbalanced"": ""false"", ""resource_instance_id"": ""502815831568494144"", ""resource_project_id"": ""proyecto-2-cloud-509714"", ""resource_type"": ""gce_instance"", ""resource_zone"": ""us-central1-a"", ""vm"": ""mooc-loadgen""}",2
2026-09-27T04:45:00Z,"{""instance_name"": ""mooc-loadgen"", ""loadbalanced"": ""false"", ""resource_instance_id"": ""502815831568494144"", ""resource_project_id"": ""proyecto-2-cloud-509714"", ""resource_type"": ""gce_instance"", ""resource_zone"": ""us-central1-a"", ""vm"": ""mooc-loadgen""}",2
2026-09-27T04:44:00Z,"{""instance_name"": ""mooc-loadgen"", ""loadbalanced"": ""false"", ""resource_instance_id"": ""502815831568494144"", ""resource_project_id"": ""proyecto-2-cloud-509714"", ""resource_type"": ""gce_instance"", ""resource_zone"": ""us-central1-a"", ""vm"": ""mooc-loadgen""}",5
2026-09-27T04:43:00Z,"{""instance_name"": ""mooc-loadgen"", ""loadbalanced"": ""false"", ""resource_instance_id"": ""502815831568494144"", ""resource_project_id"": ""proyecto-2-cloud-509714"", ""resource_type"": ""gce_instance"", ""resource_zone"": ""us-central1-a"", ""vm"": ""mooc-loadgen""}",16
2026-09-27T04:42:00Z,"{""instance_name"": ""mooc-loadgen"", ""loadbalanced"": ""false"", ""resource_instance_id"": ""502815831568494144"", ""resource_project_id"": ""proyecto-2-cloud-509714"", ""resource_type"": ""gce_instance"", ""resource_zone"": ""us-central1-a"", ""vm"": ""mooc-loadgen""}",10
2026-09-27T04:41:00Z,"{""instance_name"": ""mooc-loadgen"", ""loadbalanced"": ""false"", ""resource_instance_id"": ""502815831568494144"", ""resource_project_id"": ""proyecto-2-cloud-509714"", ""resource_type"": ""gce_instance"", ""resource_zone"": ""us-central1-a"", ""vm"": ""mooc-loadgen""}",6
2026-09-27T04:40:00Z,"{""instance_name"": ""mooc-loadgen"", ""loadbalanced"": ""false"", ""resource_instance_id"": ""502815831568494144"", ""resource_project_id"": ""proyecto-2-cloud-509714"", ""resource_type"": ""gce_instance"", ""resource_zone"": ""us-central1-a"", ""vm"": ""mooc-loadgen""}",6
2026-09-27T04:39:00Z,"{""instance_name"": ""mooc-loadgen"", ""loadbalanced"": ""false"", ""resource_instance_id"": ""502815831568494144"", ""resource_project_id"": ""proyecto-2-cloud-509714"", ""resource_type"": ""gce_instance"", ""resource_zone"": ""us-central1-a"", ""vm"": ""mooc-loadgen""}",6
2026-09-27T04:38:00Z,"{""instance_name"": ""mooc-loadgen"", ""loadbalanced"": ""false"", ""resource_instance_id"": ""502815831568494144"", ""resource_project_id"": ""proyecto-2-cloud-509714"", ""resource_type"": ""gce_instance"", ""resource_zone"": ""us-central1-a"", ""vm"": ""mooc-loadgen""}",6
2026-09-27T04:37:00Z,"{""instance_name"": ""mooc-loadgen"", ""loadbalanced"": ""false"", ""resource_instance_id"": ""502815831568494144"", ""resource_project_id"": ""proyecto-2-cloud-509714"", ""resource_type"": ""gce_instance"", ""resource_zone"": ""us-central1-a"", ""vm"": ""mooc-loadgen""}",6
2026-09-27T04:36:00Z,"{""instance_name"": ""mooc-loadgen"", ""loadbalanced"": ""false"", ""resource_instance_id"": ""502815831568494144"", ""resource_project_id"": ""proyecto-2-cloud-509714"", ""resource_type"": ""gce_instance"", ""resource_zone"": ""us-central1-a"", ""vm"": ""mooc-loadgen""}",6
2026-09-27T04:35:00Z,"{""instance_name"": ""mooc-loadgen"", ""loadbalanced"": ""false"", ""resource_instance_id"": ""502815831568494144"", ""resource_project_id"": ""proyecto-2-cloud-509714"", ""resource_type"": ""gce_instance"", ""resource_zone"": ""us-central1-a"", ""vm"": ""mooc-loadgen""}",30
2026-09-27T04:34:00Z,"{""instance_name"": ""mooc-loadgen"", ""loadbalanced"": ""false"", ""resource_instance_id"": ""502815831568494144"", ""resource_project_id"": ""proyecto-2-cloud-509714"", ""resource_type"": ""gce_instance"", ""resource_zone"": ""us-central1-a"", ""vm"": ""mooc-loadgen""}",11
2026-09-27T04:33:00Z,"{""instance_name"": ""mooc-loadgen"", ""loadbalanced"": ""false"", ""resource_instance_id"": ""502815831568494144"", ""resource_project_id"": ""proyecto-2-cloud-509714"", ""resource_type"": ""gce_instance"", ""resource_zone"": ""us-central1-a"", ""vm"": ""mooc-loadgen""}",2
2026-09-27T04:32:00Z,"{""instance_name"": ""mooc-loadgen"", ""loadbalanced"": ""false"", ""resource_instance_id"": ""502815831568494144"", ""resource_project_id"": ""proyecto-2-cloud-509714"", ""resource_type"": ""gce_instance"", ""resource_zone"": ""us-central1-a"", ""vm"": ""mooc-loadgen""}",2
2026-09-27T04:31:00Z,"{""instance_name"": ""mooc-loadgen"", ""loadbalanced"": ""false"", ""resource_instance_id"": ""502815831568494144"", ""resource_project_id"": ""proyecto-2-cloud-509714"", ""resource_type"": ""gce_instance"", ""resource_zone"": ""us-central1-a"", ""vm"": ""mooc-loadgen""}",2
2026-09-27T04:30:00Z,"{""instance_name"": ""mooc-loadgen"", ""loadbalanced"": ""false"", ""resource_instance_id"": ""502815831568494144"", ""resource_project_id"": ""proyecto-2-cloud-509714"", ""resource_type"": ""gce_instance"", ""resource_zone"": ""us-central1-a"", ""vm"": ""mooc-loadgen""}",2
2026-09-27T04:29:00Z,"{""instance_name"": ""mooc-loadgen"", ""loadbalanced"": ""false"", ""resource_instance_id"": ""502815831568494144"", ""resource_project_id"": ""proyecto-2-cloud-509714"", ""resource_type"": ""gce_instance"", ""resource_zone"": ""us-central1-a"", ""vm"": ""mooc-loadgen""}",2
2026-09-27T04:28:00Z,"{""instance_name"": ""mooc-loadgen"", ""loadbalanced"": ""false"", ""resource_instance_id"": ""502815831568494144"", ""resource_project_id"": ""proyecto-2-cloud-509714"", ""resource_type"": ""gce_instance"", ""resource_zone"": ""us-central1-a"", ""vm"": ""mooc-loadgen""}",2
2026-09-27T04:27:00Z,"{""instance_name"": ""mooc-loadgen"", ""loadbalanced"": ""false"", ""resource_instance_id"": ""502815831568494144"", ""resource_project_id"": ""proyecto-2-cloud-509714"", ""resource_type"": ""gce_instance"", ""resource_zone"": ""us-central1-a"", ""vm"": ""mooc-loadgen""}",12
2026-09-27T04:26:00Z,"{""instance_name"": ""mooc-loadgen"", ""loadbalanced"": ""false"", ""resource_instance_id"": ""502815831568494144"", ""resource_project_id"": ""proyecto-2-cloud-509714"", ""resource_type"": ""gce_instance"", ""resource_zone"": ""us-central1-a"", ""vm"": ""mooc-loadgen""}",6
2026-09-27T04:25:00Z,"{""instance_name"": ""mooc-loadgen"", ""loadbalanced"": ""false"", ""resource_instance_id"": ""502815831568494144"", ""resource_project_id"": ""proyecto-2-cloud-509714"", ""resource_type"": ""gce_instance"", ""resource_zone"": ""us-central1-a"", ""vm"": ""mooc-loadgen""}",2
2026-09-27T04:24:00Z,"{""instance_name"": ""mooc-loadgen"", ""loadbalanced"": ""false"", ""resource_instance_id"": ""502815831568494144"", ""resource_project_id"": ""proyecto-2-cloud-509714"", ""resource_type"": ""gce_instance"", ""resource_zone"": ""us-central1-a"", ""vm"": ""mooc-loadgen""}",2
2026-09-27T04:23:00Z,"{""instance_name"": ""mooc-loadgen"", ""loadbalanced"": ""false"", ""resource_instance_id"": ""502815831568494144"", ""resource_project_id"": ""proyecto-2-cloud-509714"", ""resource_type"": ""gce_instance"", ""resource_zone"": ""us-central1-a"", ""vm"": ""mooc-loadgen""}",2
2026-09-27T04:22:00Z,"{""instance_name"": ""mooc-loadgen"", ""loadbalanced"": ""false"", ""resource_instance_id"": ""502815831568494144"", ""resource_project_id"": ""proyecto-2-cloud-509714"", ""resource_type"": ""gce_instance"", ""resource_zone"": ""us-central1-a"", ""vm"": ""mooc-loadgen""}",2
2026-09-27T04:21:00Z,"{""instance_name"": ""mooc-loadgen"", ""loadbalanced"": ""false"", ""resource_instance_id"": ""502815831568494144"", ""resource_project_id"": ""proyecto-2-cloud-509714"", ""resource_type"": ""gce_instance"", ""resource_zone"": ""us-central1-a"", ""vm"": ""mooc-loadgen""}",2
2026-09-27T04:20:00Z,"{""instance_name"": ""mooc-loadgen"", ""loadbalanced"": ""false"", ""resource_instance_id"": ""502815831568494144"", ""resource_project_id"": ""proyecto-2-cloud-509714"", ""resource_type"": ""gce_instance"", ""resource_zone"": ""us-central1-a"", ""vm"": ""mooc-loadgen""}",4
2026-09-27T04:19:00Z,"{""instance_name"": ""mooc-loadgen"", ""loadbalanced"": ""false"", ""resource_instance_id"": ""502815831568494144"", ""resource_project_id"": ""proyecto-2-cloud-509714"", ""resource_type"": ""gce_instance"", ""resource_zone"": ""us-central1-a"", ""vm"": ""mooc-loadgen""}",22
2026-09-27T04:18:00Z,"{""instance_name"": ""mooc-loadgen"", ""loadbalanced"": ""false"", ""resource_instance_id"": ""502815831568494144"", ""resource_project_id"": ""proyecto-2-cloud-509714"", ""resource_type"": ""gce_instance"", ""resource_zone"": ""us-central1-a"", ""vm"": ""mooc-loadgen""}",12
2026-09-27T04:17:00Z,"{""instance_name"": ""mooc-loadgen"", ""loadbalanced"": ""false"", ""resource_instance_id"": ""502815831568494144"", ""resource_project_id"": ""proyecto-2-cloud-509714"", ""resource_type"": ""gce_instance"", ""resource_zone"": ""us-central1-a"", ""vm"": ""mooc-loadgen""}",7
2026-09-27T04:16:00Z,"{""instance_name"": ""mooc-loadgen"", ""loadbalanced"": ""false"", ""resource_instance_id"": ""502815831568494144"", ""resource_project_id"": ""proyecto-2-cloud-509714"", ""resource_type"": ""gce_instance"", ""resource_zone"": ""us-central1-a"", ""vm"": ""mooc-loadgen""}",20
2026-09-27T04:15:00Z,"{""instance_name"": ""mooc-loadgen"", ""loadbalanced"": ""false"", ""resource_instance_id"": ""502815831568494144"", ""resource_project_id"": ""proyecto-2-cloud-509714"", ""resource_type"": ""gce_instance"", ""resource_zone"": ""us-central1-a"", ""vm"": ""mooc-loadgen""}",16
2026-09-27T04:14:00Z,"{""instance_name"": ""mooc-loadgen"", ""loadbalanced"": ""false"", ""resource_instance_id"": ""502815831568494144"", ""resource_project_id"": ""proyecto-2-cloud-509714"", ""resource_type"": ""gce_instance"", ""resource_zone"": ""us-central1-a"", ""vm"": ""mooc-loadgen""}",14
2026-09-27T04:13:00Z,"{""instance_name"": ""mooc-loadgen"", ""loadbalanced"": ""false"", ""resource_instance_id"": ""502815831568494144"", ""resource_project_id"": ""proyecto-2-cloud-509714"", ""resource_type"": ""gce_instance"", ""resource_zone"": ""us-central1-a"", ""vm"": ""mooc-loadgen""}",14
2026-09-27T04:12:00Z,"{""instance_name"": ""mooc-loadgen"", ""loadbalanced"": ""false"", ""resource_instance_id"": ""502815831568494144"", ""resource_project_id"": ""proyecto-2-cloud-509714"", ""resource_type"": ""gce_instance"", ""resource_zone"": ""us-central1-a"", ""vm"": ""mooc-loadgen""}",14
2026-09-27T04:11:00Z,"{""instance_name"": ""mooc-loadgen"", ""loadbalanced"": ""false"", ""resource_instance_id"": ""502815831568494144"", ""resource_project_id"": ""proyecto-2-cloud-509714"", ""resource_type"": ""gce_instance"", ""resource_zone"": ""us-central1-a"", ""vm"": ""mooc-loadgen""}",15
2026-09-27T04:10:00Z,"{""instance_name"": ""mooc-loadgen"", ""loadbalanced"": ""false"", ""resource_instance_id"": ""502815831568494144"", ""resource_project_id"": ""proyecto-2-cloud-509714"", ""resource_type"": ""gce_instance"", ""resource_zone"": ""us-central1-a"", ""vm"": ""mooc-loadgen""}",28
2026-09-27T04:09:00Z,"{""instance_name"": ""mooc-loadgen"", ""loadbalanced"": ""false"", ""resource_instance_id"": ""502815831568494144"", ""resource_project_id"": ""proyecto-2-cloud-509714"", ""resource_type"": ""gce_instance"", ""resource_zone"": ""us-central1-a"", ""vm"": ""mooc-loadgen""}",16
2026-09-27T04:08:00Z,"{""instance_name"": ""mooc-loadgen"", ""loadbalanced"": ""false"", ""resource_instance_id"": ""502815831568494144"", ""resource_project_id"": ""proyecto-2-cloud-509714"", ""resource_type"": ""gce_instance"", ""resource_zone"": ""us-central1-a"", ""vm"": ""mooc-loadgen""}",20
2026-09-27T04:07:00Z,"{""instance_name"": ""mooc-loadgen"", ""loadbalanced"": ""false"", ""resource_instance_id"": ""502815831568494144"", ""resource_project_id"": ""proyecto-2-cloud-509714"", ""resource_type"": ""gce_instance"", ""resource_zone"": ""us-central1-a"", ""vm"": ""mooc-loadgen""}",33
2026-09-27T04:06:00Z,"{""instance_name"": ""mooc-loadgen"", ""loadbalanced"": ""false"", ""resource_instance_id"": ""502815831568494144"", ""resource_project_id"": ""proyecto-2-cloud-509714"", ""resource_type"": ""gce_instance"", ""resource_zone"": ""us-central1-a"", ""vm"": ""mooc-loadgen""}",33
2026-09-27T04:05:00Z,"{""instance_name"": ""mooc-loadgen"", ""loadbalanced"": ""false"", ""resource_instance_id"": ""502815831568494144"", ""resource_project_id"": ""proyecto-2-cloud-509714"", ""resource_type"": ""gce_instance"", ""resource_zone"": ""us-central1-a"", ""vm"": ""mooc-loadgen""}",25
2026-09-27T04:04:00Z,"{""instance_name"": ""mooc-loadgen"", ""loadbalanced"": ""false"", ""resource_instance_id"": ""502815831568494144"", ""resource_project_id"": ""proyecto-2-cloud-509714"", ""resource_type"": ""gce_instance"", ""resource_zone"": ""us-central1-a"", ""vm"": ""mooc-loadgen""}",8
2026-09-27T04:03:00Z,"{""instance_name"": ""mooc-loadgen"", ""loadbalanced"": ""false"", ""resource_instance_id"": ""502815831568494144"", ""resource_project_id"": ""proyecto-2-cloud-509714"", ""resource_type"": ""gce_instance"", ""resource_zone"": ""us-central1-a"", ""vm"": ""mooc-loadgen""}",2
2026-09-27T04:02:00Z,"{""instance_name"": ""mooc-loadgen"", ""loadbalanced"": ""false"", ""resource_instance_id"": ""502815831568494144"", ""resource_project_id"": ""proyecto-2-cloud-509714"", ""resource_type"": ""gce_instance"", ""resource_zone"": ""us-central1-a"", ""vm"": ""mooc-loadgen""}",2
2026-09-27T04:01:00Z,"{""instance_name"": ""mooc-loadgen"", ""loadbalanced"": ""false"", ""resource_instance_id"": ""502815831568494144"", ""resource_project_id"": ""proyecto-2-cloud-509714"", ""resource_type"": ""gce_instance"", ""resource_zone"": ""us-central1-a"", ""vm"": ""mooc-loadgen""}",2
2026-09-27T04:00:00Z,"{""instance_name"": ""mooc-loadgen"", ""loadbalanced"": ""false"", ""resource_instance_id"": ""502815831568494144"", ""resource_project_id"": ""proyecto-2-cloud-509714"", ""resource_type"": ""gce_instance"", ""resource_zone"": ""us-central1-a"", ""vm"": ""mooc-loadgen""}",21
2026-09-27T03:59:00Z,"{""instance_name"": ""mooc-loadgen"", ""loadbalanced"": ""false"", ""resource_instance_id"": ""502815831568494144"", ""resource_project_id"": ""proyecto-2-cloud-509714"", ""resource_type"": ""gce_instance"", ""resource_zone"": ""us-central1-a"", ""vm"": ""mooc-loadgen""}",22
2026-09-27T03:58:00Z,"{""instance_name"": ""mooc-loadgen"", ""loadbalanced"": ""false"", ""resource_instance_id"": ""502815831568494144"", ""resource_project_id"": ""proyecto-2-cloud-509714"", ""resource_type"": ""gce_instance"", ""resource_zone"": ""us-central1-a"", ""vm"": ""mooc-loadgen""}",23
2026-09-27T03:57:00Z,"{""instance_name"": ""mooc-loadgen"", ""loadbalanced"": ""false"", ""resource_instance_id"": ""502815831568494144"", ""resource_project_id"": ""proyecto-2-cloud-509714"", ""resource_type"": ""gce_instance"", ""resource_zone"": ""us-central1-a"", ""vm"": ""mooc-loadgen""}",22
2026-09-27T03:56:00Z,"{""instance_name"": ""mooc-loadgen"", ""loadbalanced"": ""false"", ""resource_instance_id"": ""502815831568494144"", ""resource_project_id"": ""proyecto-2-cloud-509714"", ""resource_type"": ""gce_instance"", ""resource_zone"": ""us-central1-a"", ""vm"": ""mooc-loadgen""}",25
2026-09-27T03:55:00Z,"{""instance_name"": ""mooc-loadgen"", ""loadbalanced"": ""false"", ""resource_instance_id"": ""502815831568494144"", ""resource_project_id"": ""proyecto-2-cloud-509714"", ""resource_type"": ""gce_instance"", ""resource_zone"": ""us-central1-a"", ""vm"": ""mooc-loadgen""}",25
2026-09-27T03:54:00Z,"{""instance_name"": ""mooc-loadgen"", ""loadbalanced"": ""false"", ""resource_instance_id"": ""502815831568494144"", ""resource_project_id"": ""proyecto-2-cloud-509714"", ""resource_type"": ""gce_instance"", ""resource_zone"": ""us-central1-a"", ""vm"": ""mooc-loadgen""}",27
2026-09-27T03:53:00Z,"{""instance_name"": ""mooc-loadgen"", ""loadbalanced"": ""false"", ""resource_instance_id"": ""502815831568494144"", ""resource_project_id"": ""proyecto-2-cloud-509714"", ""resource_type"": ""gce_instance"", ""resource_zone"": ""us-central1-a"", ""vm"": ""mooc-loadgen""}",25
2026-09-27T03:52:00Z,"{""instance_name"": ""mooc-loadgen"", ""loadbalanced"": ""false"", ""resource_instance_id"": ""502815831568494144"", ""resource_project_id"": ""proyecto-2-cloud-509714"", ""resource_type"": ""gce_instance"", ""resource_zone"": ""us-central1-a"", ""vm"": ""mooc-loadgen""}",37
2026-09-27T03:51:00Z,"{""instance_name"": ""mooc-loadgen"", ""loadbalanced"": ""false"", ""resource_instance_id"": ""502815831568494144"", ""resource_project_id"": ""proyecto-2-cloud-509714"", ""resource_type"": ""gce_instance"", ""resource_zone"": ""us-central1-a"", ""vm"": ""mooc-loadgen""}",42
2026-09-27T03:50:00Z,"{""instance_name"": ""mooc-loadgen"", ""loadbalanced"": ""false"", ""resource_instance_id"": ""502815831568494144"", ""resource_project_id"": ""proyecto-2-cloud-509714"", ""resource_type"": ""gce_instance"", ""resource_zone"": ""us-central1-a"", ""vm"": ""mooc-loadgen""}",138
2026-09-27T03:49:00Z,"{""instance_name"": ""mooc-loadgen"", ""loadbalanced"": ""false"", ""resource_instance_id"": ""502815831568494144"", ""resource_project_id"": ""proyecto-2-cloud-509714"", ""resource_type"": ""gce_instance"", ""resource_zone"": ""us-central1-a"", ""vm"": ""mooc-loadgen""}",50
2026-09-27T03:48:00Z,"{""instance_name"": ""mooc-loadgen"", ""loadbalanced"": ""false"", ""resource_instance_id"": ""502815831568494144"", ""resource_project_id"": ""proyecto-2-cloud-509714"", ""resource_type"": ""gce_instance"", ""resource_zone"": ""us-central1-a"", ""vm"": ""mooc-loadgen""}",17
2026-09-27T03:47:00Z,"{""instance_name"": ""mooc-loadgen"", ""loadbalanced"": ""false"", ""resource_instance_id"": ""502815831568494144"", ""resource_project_id"": ""proyecto-2-cloud-509714"", ""resource_type"": ""gce_instance"", ""resource_zone"": ""us-central1-a"", ""vm"": ""mooc-loadgen""}",24
2026-09-27T03:46:00Z,"{""instance_name"": ""mooc-loadgen"", ""loadbalanced"": ""false"", ""resource_instance_id"": ""502815831568494144"", ""resource_project_id"": ""proyecto-2-cloud-509714"", ""resource_type"": ""gce_instance"", ""resource_zone"": ""us-central1-a"", ""vm"": ""mooc-loadgen""}",8
2026-09-27T03:45:00Z,"{""instance_name"": ""mooc-loadgen"", ""loadbalanced"": ""false"", ""resource_instance_id"": ""502815831568494144"", ""resource_project_id"": ""proyecto-2-cloud-509714"", ""resource_type"": ""gce_instance"", ""resource_zone"": ""us-central1-a"", ""vm"": ""mooc-loadgen""}",753
2026-09-27T03:44:00Z,"{""instance_name"": ""mooc-loadgen"", ""loadbalanced"": ""false"", ""resource_instance_id"": ""502815831568494144"", ""resource_project_id"": ""proyecto-2-cloud-509714"", ""resource_type"": ""gce_instance"", ""resource_zone"": ""us-central1-a"", ""vm"": ""mooc-loadgen""}",2495
2026-09-27T03:43:00Z,"{""instance_name"": ""mooc-loadgen"", ""loadbalanced"": ""false"", ""resource_instance_id"": ""502815831568494144"", ""resource_project_id"": ""proyecto-2-cloud-509714"", ""resource_type"": ""gce_instance"", ""resource_zone"": ""us-central1-a"", ""vm"": ""mooc-loadgen""}",659
2026-09-27T05:04:00Z,"{""instance_name"": ""mooc-worker"", ""loadbalanced"": ""false"", ""resource_instance_id"": ""8057035535632679842"", ""resource_project_id"": ""proyecto-2-cloud-509714"", ""resource_type"": ""gce_instance"", ""resource_zone"": ""us-central1-a"", ""vm"": ""8057035535632679842""}",2599
2026-09-27T05:03:00Z,"{""instance_name"": ""mooc-worker"", ""loadbalanced"": ""false"", ""resource_instance_id"": ""8057035535632679842"", ""resource_project_id"": ""proyecto-2-cloud-509714"", ""resource_type"": ""gce_instance"", ""resource_zone"": ""us-central1-a"", ""vm"": ""8057035535632679842""}",24208
2026-09-27T05:02:00Z,"{""instance_name"": ""mooc-worker"", ""loadbalanced"": ""false"", ""resource_instance_id"": ""8057035535632679842"", ""resource_project_id"": ""proyecto-2-cloud-509714"", ""resource_type"": ""gce_instance"", ""resource_zone"": ""us-central1-a"", ""vm"": ""8057035535632679842""}",8394
2026-09-27T05:01:00Z,"{""instance_name"": ""mooc-worker"", ""loadbalanced"": ""false"", ""resource_instance_id"": ""8057035535632679842"", ""resource_project_id"": ""proyecto-2-cloud-509714"", ""resource_type"": ""gce_instance"", ""resource_zone"": ""us-central1-a"", ""vm"": ""8057035535632679842""}",14582
2026-09-27T05:00:00Z,"{""instance_name"": ""mooc-worker"", ""loadbalanced"": ""false"", ""resource_instance_id"": ""8057035535632679842"", ""resource_project_id"": ""proyecto-2-cloud-509714"", ""resource_type"": ""gce_instance"", ""resource_zone"": ""us-central1-a"", ""vm"": ""8057035535632679842""}",5064
2026-09-27T04:59:00Z,"{""instance_name"": ""mooc-worker"", ""loadbalanced"": ""false"", ""resource_instance_id"": ""8057035535632679842"", ""resource_project_id"": ""proyecto-2-cloud-509714"", ""resource_type"": ""gce_instance"", ""resource_zone"": ""us-central1-a"", ""vm"": ""8057035535632679842""}",8315
2026-09-27T04:58:00Z,"{""instance_name"": ""mooc-worker"", ""loadbalanced"": ""false"", ""resource_instance_id"": ""8057035535632679842"", ""resource_project_id"": ""proyecto-2-cloud-509714"", ""resource_type"": ""gce_instance"", ""resource_zone"": ""us-central1-a"", ""vm"": ""8057035535632679842""}",1089
2026-09-27T04:57:00Z,"{""instance_name"": ""mooc-worker"", ""loadbalanced"": ""false"", ""resource_instance_id"": ""8057035535632679842"", ""resource_project_id"": ""proyecto-2-cloud-509714"", ""resource_type"": ""gce_instance"", ""resource_zone"": ""us-central1-a"", ""vm"": ""8057035535632679842""}",1124
2026-09-27T04:56:00Z,"{""instance_name"": ""mooc-worker"", ""loadbalanced"": ""false"", ""resource_instance_id"": ""8057035535632679842"", ""resource_project_id"": ""proyecto-2-cloud-509714"", ""resource_type"": ""gce_instance"", ""resource_zone"": ""us-central1-a"", ""vm"": ""8057035535632679842""}",1448
2026-09-27T04:55:00Z,"{""instance_name"": ""mooc-worker"", ""loadbalanced"": ""false"", ""resource_instance_id"": ""8057035535632679842"", ""resource_project_id"": ""proyecto-2-cloud-509714"", ""resource_type"": ""gce_instance"", ""resource_zone"": ""us-central1-a"", ""vm"": ""8057035535632679842""}",4106
2026-09-27T04:54:00Z,"{""instance_name"": ""mooc-worker"", ""loadbalanced"": ""false"", ""resource_instance_id"": ""8057035535632679842"", ""resource_project_id"": ""proyecto-2-cloud-509714"", ""resource_type"": ""gce_instance"", ""resource_zone"": ""us-central1-a"", ""vm"": ""8057035535632679842""}",2389
2026-09-27T04:53:00Z,"{""instance_name"": ""mooc-worker"", ""loadbalanced"": ""false"", ""resource_instance_id"": ""8057035535632679842"", ""resource_project_id"": ""proyecto-2-cloud-509714"", ""resource_type"": ""gce_instance"", ""resource_zone"": ""us-central1-a"", ""vm"": ""8057035535632679842""}",7342
2026-09-27T04:52:00Z,"{""instance_name"": ""mooc-worker"", ""loadbalanced"": ""false"", ""resource_instance_id"": ""8057035535632679842"", ""resource_project_id"": ""proyecto-2-cloud-509714"", ""resource_type"": ""gce_instance"", ""resource_zone"": ""us-central1-a"", ""vm"": ""8057035535632679842""}",2738
2026-09-27T04:51:00Z,"{""instance_name"": ""mooc-worker"", ""loadbalanced"": ""false"", ""resource_instance_id"": ""8057035535632679842"", ""resource_project_id"": ""proyecto-2-cloud-509714"", ""resource_type"": ""gce_instance"", ""resource_zone"": ""us-central1-a"", ""vm"": ""8057035535632679842""}",2109
2026-09-27T04:50:00Z,"{""instance_name"": ""mooc-worker"", ""loadbalanced"": ""false"", ""resource_instance_id"": ""8057035535632679842"", ""resource_project_id"": ""proyecto-2-cloud-509714"", ""resource_type"": ""gce_instance"", ""resource_zone"": ""us-central1-a"", ""vm"": ""8057035535632679842""}",7040
2026-09-27T04:49:00Z,"{""instance_name"": ""mooc-worker"", ""loadbalanced"": ""false"", ""resource_instance_id"": ""8057035535632679842"", ""resource_project_id"": ""proyecto-2-cloud-509714"", ""resource_type"": ""gce_instance"", ""resource_zone"": ""us-central1-a"", ""vm"": ""8057035535632679842""}",1431
2026-09-27T04:48:00Z,"{""instance_name"": ""mooc-worker"", ""loadbalanced"": ""false"", ""resource_instance_id"": ""8057035535632679842"", ""resource_project_id"": ""proyecto-2-cloud-509714"", ""resource_type"": ""gce_instance"", ""resource_zone"": ""us-central1-a"", ""vm"": ""8057035535632679842""}",2017
2026-09-27T04:47:00Z,"{""instance_name"": ""mooc-worker"", ""loadbalanced"": ""false"", ""resource_instance_id"": ""8057035535632679842"", ""resource_project_id"": ""proyecto-2-cloud-509714"", ""resource_type"": ""gce_instance"", ""resource_zone"": ""us-central1-a"", ""vm"": ""8057035535632679842""}",7138
2026-09-27T04:46:00Z,"{""instance_name"": ""mooc-worker"", ""loadbalanced"": ""false"", ""resource_instance_id"": ""8057035535632679842"", ""resource_project_id"": ""proyecto-2-cloud-509714"", ""resource_type"": ""gce_instance"", ""resource_zone"": ""us-central1-a"", ""vm"": ""8057035535632679842""}",5683
2026-09-27T04:45:00Z,"{""instance_name"": ""mooc-worker"", ""loadbalanced"": ""false"", ""resource_instance_id"": ""8057035535632679842"", ""resource_project_id"": ""proyecto-2-cloud-509714"", ""resource_type"": ""gce_instance"", ""resource_zone"": ""us-central1-a"", ""vm"": ""8057035535632679842""}",3030
2026-09-27T04:44:00Z,"{""instance_name"": ""mooc-worker"", ""loadbalanced"": ""false"", ""resource_instance_id"": ""8057035535632679842"", ""resource_project_id"": ""proyecto-2-cloud-509714"", ""resource_type"": ""gce_instance"", ""resource_zone"": ""us-central1-a"", ""vm"": ""8057035535632679842""}",6469
2026-09-27T04:43:00Z,"{""instance_name"": ""mooc-worker"", ""loadbalanced"": ""false"", ""resource_instance_id"": ""8057035535632679842"", ""resource_project_id"": ""proyecto-2-cloud-509714"", ""resource_type"": ""gce_instance"", ""resource_zone"": ""us-central1-a"", ""vm"": ""8057035535632679842""}",7657
2026-09-27T04:42:00Z,"{""instance_name"": ""mooc-worker"", ""loadbalanced"": ""false"", ""resource_instance_id"": ""8057035535632679842"", ""resource_project_id"": ""proyecto-2-cloud-509714"", ""resource_type"": ""gce_instance"", ""resource_zone"": ""us-central1-a"", ""vm"": ""8057035535632679842""}",1368
2026-09-27T04:41:00Z,"{""instance_name"": ""mooc-worker"", ""loadbalanced"": ""false"", ""resource_instance_id"": ""8057035535632679842"", ""resource_project_id"": ""proyecto-2-cloud-509714"", ""resource_type"": ""gce_instance"", ""resource_zone"": ""us-central1-a"", ""vm"": ""8057035535632679842""}",1046
2026-09-27T04:40:00Z,"{""instance_name"": ""mooc-worker"", ""loadbalanced"": ""false"", ""resource_instance_id"": ""8057035535632679842"", ""resource_project_id"": ""proyecto-2-cloud-509714"", ""resource_type"": ""gce_instance"", ""resource_zone"": ""us-central1-a"", ""vm"": ""8057035535632679842""}",1273
2026-09-27T04:39:00Z,"{""instance_name"": ""mooc-worker"", ""loadbalanced"": ""false"", ""resource_instance_id"": ""8057035535632679842"", ""resource_project_id"": ""proyecto-2-cloud-509714"", ""resource_type"": ""gce_instance"", ""resource_zone"": ""us-central1-a"", ""vm"": ""8057035535632679842""}",3586
2026-09-27T04:38:00Z,"{""instance_name"": ""mooc-worker"", ""loadbalanced"": ""false"", ""resource_instance_id"": ""8057035535632679842"", ""resource_project_id"": ""proyecto-2-cloud-509714"", ""resource_type"": ""gce_instance"", ""resource_zone"": ""us-central1-a"", ""vm"": ""8057035535632679842""}",901
2026-09-27T04:37:00Z,"{""instance_name"": ""mooc-worker"", ""loadbalanced"": ""false"", ""resource_instance_id"": ""8057035535632679842"", ""resource_project_id"": ""proyecto-2-cloud-509714"", ""resource_type"": ""gce_instance"", ""resource_zone"": ""us-central1-a"", ""vm"": ""8057035535632679842""}",1121
2026-09-27T04:36:00Z,"{""instance_name"": ""mooc-worker"", ""loadbalanced"": ""false"", ""resource_instance_id"": ""8057035535632679842"", ""resource_project_id"": ""proyecto-2-cloud-509714"", ""resource_type"": ""gce_instance"", ""resource_zone"": ""us-central1-a"", ""vm"": ""8057035535632679842""}",2833
2026-09-27T04:35:00Z,"{""instance_name"": ""mooc-worker"", ""loadbalanced"": ""false"", ""resource_instance_id"": ""8057035535632679842"", ""resource_project_id"": ""proyecto-2-cloud-509714"", ""resource_type"": ""gce_instance"", ""resource_zone"": ""us-central1-a"", ""vm"": ""8057035535632679842""}",2878
2026-09-27T04:34:00Z,"{""instance_name"": ""mooc-worker"", ""loadbalanced"": ""false"", ""resource_instance_id"": ""8057035535632679842"", ""resource_project_id"": ""proyecto-2-cloud-509714"", ""resource_type"": ""gce_instance"", ""resource_zone"": ""us-central1-a"", ""vm"": ""8057035535632679842""}",1111
2026-09-27T04:33:00Z,"{""instance_name"": ""mooc-worker"", ""loadbalanced"": ""false"", ""resource_instance_id"": ""8057035535632679842"", ""resource_project_id"": ""proyecto-2-cloud-509714"", ""resource_type"": ""gce_instance"", ""resource_zone"": ""us-central1-a"", ""vm"": ""8057035535632679842""}",1465
2026-09-27T04:32:00Z,"{""instance_name"": ""mooc-worker"", ""loadbalanced"": ""false"", ""resource_instance_id"": ""8057035535632679842"", ""resource_project_id"": ""proyecto-2-cloud-509714"", ""resource_type"": ""gce_instance"", ""resource_zone"": ""us-central1-a"", ""vm"": ""8057035535632679842""}",1373
2026-09-27T04:31:00Z,"{""instance_name"": ""mooc-worker"", ""loadbalanced"": ""false"", ""resource_instance_id"": ""8057035535632679842"", ""resource_project_id"": ""proyecto-2-cloud-509714"", ""resource_type"": ""gce_instance"", ""resource_zone"": ""us-central1-a"", ""vm"": ""8057035535632679842""}",1140
2026-09-27T04:30:00Z,"{""instance_name"": ""mooc-worker"", ""loadbalanced"": ""false"", ""resource_instance_id"": ""8057035535632679842"", ""resource_project_id"": ""proyecto-2-cloud-509714"", ""resource_type"": ""gce_instance"", ""resource_zone"": ""us-central1-a"", ""vm"": ""8057035535632679842""}",969
2026-09-27T04:29:00Z,"{""instance_name"": ""mooc-worker"", ""loadbalanced"": ""false"", ""resource_instance_id"": ""8057035535632679842"", ""resource_project_id"": ""proyecto-2-cloud-509714"", ""resource_type"": ""gce_instance"", ""resource_zone"": ""us-central1-a"", ""vm"": ""8057035535632679842""}",2076
2026-09-27T04:28:00Z,"{""instance_name"": ""mooc-worker"", ""loadbalanced"": ""false"", ""resource_instance_id"": ""8057035535632679842"", ""resource_project_id"": ""proyecto-2-cloud-509714"", ""resource_type"": ""gce_instance"", ""resource_zone"": ""us-central1-a"", ""vm"": ""8057035535632679842""}",17099
2026-09-27T04:27:00Z,"{""instance_name"": ""mooc-worker"", ""loadbalanced"": ""false"", ""resource_instance_id"": ""8057035535632679842"", ""resource_project_id"": ""proyecto-2-cloud-509714"", ""resource_type"": ""gce_instance"", ""resource_zone"": ""us-central1-a"", ""vm"": ""8057035535632679842""}",141
2026-09-27T04:26:00Z,"{""instance_name"": ""mooc-worker"", ""loadbalanced"": ""false"", ""resource_instance_id"": ""8057035535632679842"", ""resource_project_id"": ""proyecto-2-cloud-509714"", ""resource_type"": ""gce_instance"", ""resource_zone"": ""us-central1-a"", ""vm"": ""8057035535632679842""}",29
2026-09-27T04:25:00Z,"{""instance_name"": ""mooc-worker"", ""loadbalanced"": ""false"", ""resource_instance_id"": ""8057035535632679842"", ""resource_project_id"": ""proyecto-2-cloud-509714"", ""resource_type"": ""gce_instance"", ""resource_zone"": ""us-central1-a"", ""vm"": ""8057035535632679842""}",62
2026-09-27T04:24:00Z,"{""instance_name"": ""mooc-worker"", ""loadbalanced"": ""false"", ""resource_instance_id"": ""8057035535632679842"", ""resource_project_id"": ""proyecto-2-cloud-509714"", ""resource_type"": ""gce_instance"", ""resource_zone"": ""us-central1-a"", ""vm"": ""8057035535632679842""}",86
2026-09-27T04:23:00Z,"{""instance_name"": ""mooc-worker"", ""loadbalanced"": ""false"", ""resource_instance_id"": ""8057035535632679842"", ""resource_project_id"": ""proyecto-2-cloud-509714"", ""resource_type"": ""gce_instance"", ""resource_zone"": ""us-central1-a"", ""vm"": ""8057035535632679842""}",70
2026-09-27T04:22:00Z,"{""instance_name"": ""mooc-worker"", ""loadbalanced"": ""false"", ""resource_instance_id"": ""8057035535632679842"", ""resource_project_id"": ""proyecto-2-cloud-509714"", ""resource_type"": ""gce_instance"", ""resource_zone"": ""us-central1-a"", ""vm"": ""8057035535632679842""}",62
2026-09-27T04:21:00Z,"{""instance_name"": ""mooc-worker"", ""loadbalanced"": ""false"", ""resource_instance_id"": ""8057035535632679842"", ""resource_project_id"": ""proyecto-2-cloud-509714"", ""resource_type"": ""gce_instance"", ""resource_zone"": ""us-central1-a"", ""vm"": ""8057035535632679842""}",2410
2026-09-27T04:20:00Z,"{""instance_name"": ""mooc-worker"", ""loadbalanced"": ""false"", ""resource_instance_id"": ""8057035535632679842"", ""resource_project_id"": ""proyecto-2-cloud-509714"", ""resource_type"": ""gce_instance"", ""resource_zone"": ""us-central1-a"", ""vm"": ""8057035535632679842""}",21211
2026-09-27T04:19:00Z,"{""instance_name"": ""mooc-worker"", ""loadbalanced"": ""false"", ""resource_instance_id"": ""8057035535632679842"", ""resource_project_id"": ""proyecto-2-cloud-509714"", ""resource_type"": ""gce_instance"", ""resource_zone"": ""us-central1-a"", ""vm"": ""8057035535632679842""}",38
2026-09-27T04:18:00Z,"{""instance_name"": ""mooc-worker"", ""loadbalanced"": ""false"", ""resource_instance_id"": ""8057035535632679842"", ""resource_project_id"": ""proyecto-2-cloud-509714"", ""resource_type"": ""gce_instance"", ""resource_zone"": ""us-central1-a"", ""vm"": ""8057035535632679842""}",36
2026-09-27T04:17:00Z,"{""instance_name"": ""mooc-worker"", ""loadbalanced"": ""false"", ""resource_instance_id"": ""8057035535632679842"", ""resource_project_id"": ""proyecto-2-cloud-509714"", ""resource_type"": ""gce_instance"", ""resource_zone"": ""us-central1-a"", ""vm"": ""8057035535632679842""}",38
2026-09-27T04:16:00Z,"{""instance_name"": ""mooc-worker"", ""loadbalanced"": ""false"", ""resource_instance_id"": ""8057035535632679842"", ""resource_project_id"": ""proyecto-2-cloud-509714"", ""resource_type"": ""gce_instance"", ""resource_zone"": ""us-central1-a"", ""vm"": ""8057035535632679842""}",64
2026-09-27T04:15:00Z,"{""instance_name"": ""mooc-worker"", ""loadbalanced"": ""false"", ""resource_instance_id"": ""8057035535632679842"", ""resource_project_id"": ""proyecto-2-cloud-509714"", ""resource_type"": ""gce_instance"", ""resource_zone"": ""us-central1-a"", ""vm"": ""8057035535632679842""}",83
2026-09-27T04:14:00Z,"{""instance_name"": ""mooc-worker"", ""loadbalanced"": ""false"", ""resource_instance_id"": ""8057035535632679842"", ""resource_project_id"": ""proyecto-2-cloud-509714"", ""resource_type"": ""gce_instance"", ""resource_zone"": ""us-central1-a"", ""vm"": ""8057035535632679842""}",72
2026-09-27T04:13:00Z,"{""instance_name"": ""mooc-worker"", ""loadbalanced"": ""false"", ""resource_instance_id"": ""8057035535632679842"", ""resource_project_id"": ""proyecto-2-cloud-509714"", ""resource_type"": ""gce_instance"", ""resource_zone"": ""us-central1-a"", ""vm"": ""8057035535632679842""}",115
2026-09-27T04:12:00Z,"{""instance_name"": ""mooc-worker"", ""loadbalanced"": ""false"", ""resource_instance_id"": ""8057035535632679842"", ""resource_project_id"": ""proyecto-2-cloud-509714"", ""resource_type"": ""gce_instance"", ""resource_zone"": ""us-central1-a"", ""vm"": ""8057035535632679842""}",2924
2026-09-27T04:11:00Z,"{""instance_name"": ""mooc-worker"", ""loadbalanced"": ""false"", ""resource_instance_id"": ""8057035535632679842"", ""resource_project_id"": ""proyecto-2-cloud-509714"", ""resource_type"": ""gce_instance"", ""resource_zone"": ""us-central1-a"", ""vm"": ""8057035535632679842""}",21962
2026-09-27T04:10:00Z,"{""instance_name"": ""mooc-worker"", ""loadbalanced"": ""false"", ""resource_instance_id"": ""8057035535632679842"", ""resource_project_id"": ""proyecto-2-cloud-509714"", ""resource_type"": ""gce_instance"", ""resource_zone"": ""us-central1-a"", ""vm"": ""8057035535632679842""}",62
2026-09-27T04:09:00Z,"{""instance_name"": ""mooc-worker"", ""loadbalanced"": ""false"", ""resource_instance_id"": ""8057035535632679842"", ""resource_project_id"": ""proyecto-2-cloud-509714"", ""resource_type"": ""gce_instance"", ""resource_zone"": ""us-central1-a"", ""vm"": ""8057035535632679842""}",66
2026-09-27T04:08:00Z,"{""instance_name"": ""mooc-worker"", ""loadbalanced"": ""false"", ""resource_instance_id"": ""8057035535632679842"", ""resource_project_id"": ""proyecto-2-cloud-509714"", ""resource_type"": ""gce_instance"", ""resource_zone"": ""us-central1-a"", ""vm"": ""8057035535632679842""}",127
2026-09-27T04:07:00Z,"{""instance_name"": ""mooc-worker"", ""loadbalanced"": ""false"", ""resource_instance_id"": ""8057035535632679842"", ""resource_project_id"": ""proyecto-2-cloud-509714"", ""resource_type"": ""gce_instance"", ""resource_zone"": ""us-central1-a"", ""vm"": ""8057035535632679842""}",50
2026-09-27T04:06:00Z,"{""instance_name"": ""mooc-worker"", ""loadbalanced"": ""false"", ""resource_instance_id"": ""8057035535632679842"", ""resource_project_id"": ""proyecto-2-cloud-509714"", ""resource_type"": ""gce_instance"", ""resource_zone"": ""us-central1-a"", ""vm"": ""8057035535632679842""}",56
2026-09-27T04:05:00Z,"{""instance_name"": ""mooc-worker"", ""loadbalanced"": ""false"", ""resource_instance_id"": ""8057035535632679842"", ""resource_project_id"": ""proyecto-2-cloud-509714"", ""resource_type"": ""gce_instance"", ""resource_zone"": ""us-central1-a"", ""vm"": ""8057035535632679842""}",46
2026-09-27T04:04:00Z,"{""instance_name"": ""mooc-worker"", ""loadbalanced"": ""false"", ""resource_instance_id"": ""8057035535632679842"", ""resource_project_id"": ""proyecto-2-cloud-509714"", ""resource_type"": ""gce_instance"", ""resource_zone"": ""us-central1-a"", ""vm"": ""8057035535632679842""}",52
2026-09-27T04:03:00Z,"{""instance_name"": ""mooc-worker"", ""loadbalanced"": ""false"", ""resource_instance_id"": ""8057035535632679842"", ""resource_project_id"": ""proyecto-2-cloud-509714"", ""resource_type"": ""gce_instance"", ""resource_zone"": ""us-central1-a"", ""vm"": ""8057035535632679842""}",39
2026-09-27T04:02:00Z,"{""instance_name"": ""mooc-worker"", ""loadbalanced"": ""false"", ""resource_instance_id"": ""8057035535632679842"", ""resource_project_id"": ""proyecto-2-cloud-509714"", ""resource_type"": ""gce_instance"", ""resource_zone"": ""us-central1-a"", ""vm"": ""8057035535632679842""}",45
2026-09-27T04:01:00Z,"{""instance_name"": ""mooc-worker"", ""loadbalanced"": ""false"", ""resource_instance_id"": ""8057035535632679842"", ""resource_project_id"": ""proyecto-2-cloud-509714"", ""resource_type"": ""gce_instance"", ""resource_zone"": ""us-central1-a"", ""vm"": ""8057035535632679842""}",41
2026-09-27T04:00:00Z,"{""instance_name"": ""mooc-worker"", ""loadbalanced"": ""false"", ""resource_instance_id"": ""8057035535632679842"", ""resource_project_id"": ""proyecto-2-cloud-509714"", ""resource_type"": ""gce_instance"", ""resource_zone"": ""us-central1-a"", ""vm"": ""8057035535632679842""}",58
2026-09-27T03:59:00Z,"{""instance_name"": ""mooc-worker"", ""loadbalanced"": ""false"", ""resource_instance_id"": ""8057035535632679842"", ""resource_project_id"": ""proyecto-2-cloud-509714"", ""resource_type"": ""gce_instance"", ""resource_zone"": ""us-central1-a"", ""vm"": ""8057035535632679842""}",74
2026-09-27T03:58:00Z,"{""instance_name"": ""mooc-worker"", ""loadbalanced"": ""false"", ""resource_instance_id"": ""8057035535632679842"", ""resource_project_id"": ""proyecto-2-cloud-509714"", ""resource_type"": ""gce_instance"", ""resource_zone"": ""us-central1-a"", ""vm"": ""8057035535632679842""}",55
2026-09-27T03:57:00Z,"{""instance_name"": ""mooc-worker"", ""loadbalanced"": ""false"", ""resource_instance_id"": ""8057035535632679842"", ""resource_project_id"": ""proyecto-2-cloud-509714"", ""resource_type"": ""gce_instance"", ""resource_zone"": ""us-central1-a"", ""vm"": ""8057035535632679842""}",54
2026-09-27T03:56:00Z,"{""instance_name"": ""mooc-worker"", ""loadbalanced"": ""false"", ""resource_instance_id"": ""8057035535632679842"", ""resource_project_id"": ""proyecto-2-cloud-509714"", ""resource_type"": ""gce_instance"", ""resource_zone"": ""us-central1-a"", ""vm"": ""8057035535632679842""}",68
2026-09-27T03:55:00Z,"{""instance_name"": ""mooc-worker"", ""loadbalanced"": ""false"", ""resource_instance_id"": ""8057035535632679842"", ""resource_project_id"": ""proyecto-2-cloud-509714"", ""resource_type"": ""gce_instance"", ""resource_zone"": ""us-central1-a"", ""vm"": ""8057035535632679842""}",59
2026-09-27T03:54:00Z,"{""instance_name"": ""mooc-worker"", ""loadbalanced"": ""false"", ""resource_instance_id"": ""8057035535632679842"", ""resource_project_id"": ""proyecto-2-cloud-509714"", ""resource_type"": ""gce_instance"", ""resource_zone"": ""us-central1-a"", ""vm"": ""8057035535632679842""}",201
2026-09-27T03:53:00Z,"{""instance_name"": ""mooc-worker"", ""loadbalanced"": ""false"", ""resource_instance_id"": ""8057035535632679842"", ""resource_project_id"": ""proyecto-2-cloud-509714"", ""resource_type"": ""gce_instance"", ""resource_zone"": ""us-central1-a"", ""vm"": ""8057035535632679842""}",127
2026-09-27T03:52:00Z,"{""instance_name"": ""mooc-worker"", ""loadbalanced"": ""false"", ""resource_instance_id"": ""8057035535632679842"", ""resource_project_id"": ""proyecto-2-cloud-509714"", ""resource_type"": ""gce_instance"", ""resource_zone"": ""us-central1-a"", ""vm"": ""8057035535632679842""}",193
2026-09-27T03:51:00Z,"{""instance_name"": ""mooc-worker"", ""loadbalanced"": ""false"", ""resource_instance_id"": ""8057035535632679842"", ""resource_project_id"": ""proyecto-2-cloud-509714"", ""resource_type"": ""gce_instance"", ""resource_zone"": ""us-central1-a"", ""vm"": ""8057035535632679842""}",178
2026-09-27T03:50:00Z,"{""instance_name"": ""mooc-worker"", ""loadbalanced"": ""false"", ""resource_instance_id"": ""8057035535632679842"", ""resource_project_id"": ""proyecto-2-cloud-509714"", ""resource_type"": ""gce_instance"", ""resource_zone"": ""us-central1-a"", ""vm"": ""8057035535632679842""}",152
2026-09-27T03:49:00Z,"{""instance_name"": ""mooc-worker"", ""loadbalanced"": ""false"", ""resource_instance_id"": ""8057035535632679842"", ""resource_project_id"": ""proyecto-2-cloud-509714"", ""resource_type"": ""gce_instance"", ""resource_zone"": ""us-central1-a"", ""vm"": ""8057035535632679842""}",107
2026-09-27T03:48:00Z,"{""instance_name"": ""mooc-worker"", ""loadbalanced"": ""false"", ""resource_instance_id"": ""8057035535632679842"", ""resource_project_id"": ""proyecto-2-cloud-509714"", ""resource_type"": ""gce_instance"", ""resource_zone"": ""us-central1-a"", ""vm"": ""8057035535632679842""}",342
2026-09-27T03:47:00Z,"{""instance_name"": ""mooc-worker"", ""loadbalanced"": ""false"", ""resource_instance_id"": ""8057035535632679842"", ""resource_project_id"": ""proyecto-2-cloud-509714"", ""resource_type"": ""gce_instance"", ""resource_zone"": ""us-central1-a"", ""vm"": ""8057035535632679842""}",2449
2026-09-27T03:46:00Z,"{""instance_name"": ""mooc-worker"", ""loadbalanced"": ""false"", ""resource_instance_id"": ""8057035535632679842"", ""resource_project_id"": ""proyecto-2-cloud-509714"", ""resource_type"": ""gce_instance"", ""resource_zone"": ""us-central1-a"", ""vm"": ""8057035535632679842""}",2964
2026-09-27T03:45:00Z,"{""instance_name"": ""mooc-worker"", ""loadbalanced"": ""false"", ""resource_instance_id"": ""8057035535632679842"", ""resource_project_id"": ""proyecto-2-cloud-509714"", ""resource_type"": ""gce_instance"", ""resource_zone"": ""us-central1-a"", ""vm"": ""8057035535632679842""}",5984
2026-09-27T03:44:00Z,"{""instance_name"": ""mooc-worker"", ""loadbalanced"": ""false"", ""resource_instance_id"": ""8057035535632679842"", ""resource_project_id"": ""proyecto-2-cloud-509714"", ""resource_type"": ""gce_instance"", ""resource_zone"": ""us-central1-a"", ""vm"": ""8057035535632679842""}",2440
2026-09-27T03:43:00Z,"{""instance_name"": ""mooc-worker"", ""loadbalanced"": ""false"", ""resource_instance_id"": ""8057035535632679842"", ""resource_project_id"": ""proyecto-2-cloud-509714"", ""resource_type"": ""gce_instance"", ""resource_zone"": ""us-central1-a"", ""vm"": ""8057035535632679842""}",4409
2026-09-27T03:42:00Z,"{""instance_name"": ""mooc-worker"", ""loadbalanced"": ""false"", ""resource_instance_id"": ""8057035535632679842"", ""resource_project_id"": ""proyecto-2-cloud-509714"", ""resource_type"": ""gce_instance"", ""resource_zone"": ""us-central1-a"", ""vm"": ""8057035535632679842""}",1455
2026-09-27T03:41:00Z,"{""instance_name"": ""mooc-worker"", ""loadbalanced"": ""false"", ""resource_instance_id"": ""8057035535632679842"", ""resource_project_id"": ""proyecto-2-cloud-509714"", ""resource_type"": ""gce_instance"", ""resource_zone"": ""us-central1-a"", ""vm"": ""8057035535632679842""}",1697
2026-09-27T03:40:00Z,"{""instance_name"": ""mooc-worker"", ""loadbalanced"": ""false"", ""resource_instance_id"": ""8057035535632679842"", ""resource_project_id"": ""proyecto-2-cloud-509714"", ""resource_type"": ""gce_instance"", ""resource_zone"": ""us-central1-a"", ""vm"": ""8057035535632679842""}",1684
2026-09-27T03:39:00Z,"{""instance_name"": ""mooc-worker"", ""loadbalanced"": ""false"", ""resource_instance_id"": ""8057035535632679842"", ""resource_project_id"": ""proyecto-2-cloud-509714"", ""resource_type"": ""gce_instance"", ""resource_zone"": ""us-central1-a"", ""vm"": ""8057035535632679842""}",1662
2026-09-27T03:38:00Z,"{""instance_name"": ""mooc-worker"", ""loadbalanced"": ""false"", ""resource_instance_id"": ""8057035535632679842"", ""resource_project_id"": ""proyecto-2-cloud-509714"", ""resource_type"": ""gce_instance"", ""resource_zone"": ""us-central1-a"", ""vm"": ""8057035535632679842""}",3010
2026-09-27T03:37:00Z,"{""instance_name"": ""mooc-worker"", ""loadbalanced"": ""false"", ""resource_instance_id"": ""8057035535632679842"", ""resource_project_id"": ""proyecto-2-cloud-509714"", ""resource_type"": ""gce_instance"", ""resource_zone"": ""us-central1-a"", ""vm"": ""8057035535632679842""}",1940
2026-09-27T03:36:00Z,"{""instance_name"": ""mooc-worker"", ""loadbalanced"": ""false"", ""resource_instance_id"": ""8057035535632679842"", ""resource_project_id"": ""proyecto-2-cloud-509714"", ""resource_type"": ""gce_instance"", ""resource_zone"": ""us-central1-a"", ""vm"": ""8057035535632679842""}",2095
2026-09-27T03:35:00Z,"{""instance_name"": ""mooc-worker"", ""loadbalanced"": ""false"", ""resource_instance_id"": ""8057035535632679842"", ""resource_project_id"": ""proyecto-2-cloud-509714"", ""resource_type"": ""gce_instance"", ""resource_zone"": ""us-central1-a"", ""vm"": ""8057035535632679842""}",1998
2026-09-27T03:34:00Z,"{""instance_name"": ""mooc-worker"", ""loadbalanced"": ""false"", ""resource_instance_id"": ""8057035535632679842"", ""resource_project_id"": ""proyecto-2-cloud-509714"", ""resource_type"": ""gce_instance"", ""resource_zone"": ""us-central1-a"", ""vm"": ""8057035535632679842""}",1978
2026-09-27T03:33:00Z,"{""instance_name"": ""mooc-worker"", ""loadbalanced"": ""false"", ""resource_instance_id"": ""8057035535632679842"", ""resource_project_id"": ""proyecto-2-cloud-509714"", ""resource_type"": ""gce_instance"", ""resource_zone"": ""us-central1-a"", ""vm"": ""8057035535632679842""}",2825
2026-09-27T03:32:00Z,"{""instance_name"": ""mooc-worker"", ""loadbalanced"": ""false"", ""resource_instance_id"": ""8057035535632679842"", ""resource_project_id"": ""proyecto-2-cloud-509714"", ""resource_type"": ""gce_instance"", ""resource_zone"": ""us-central1-a"", ""vm"": ""8057035535632679842""}",1890
2026-09-27T03:31:00Z,"{""instance_name"": ""mooc-worker"", ""loadbalanced"": ""false"", ""resource_instance_id"": ""8057035535632679842"", ""resource_project_id"": ""proyecto-2-cloud-509714"", ""resource_type"": ""gce_instance"", ""resource_zone"": ""us-central1-a"", ""vm"": ""8057035535632679842""}",1719
2026-09-27T03:30:00Z,"{""instance_name"": ""mooc-worker"", ""loadbalanced"": ""false"", ""resource_instance_id"": ""8057035535632679842"", ""resource_project_id"": ""proyecto-2-cloud-509714"", ""resource_type"": ""gce_instance"", ""resource_zone"": ""us-central1-a"", ""vm"": ""8057035535632679842""}",1711
2026-09-27T03:29:00Z,"{""instance_name"": ""mooc-worker"", ""loadbalanced"": ""false"", ""resource_instance_id"": ""8057035535632679842"", ""resource_project_id"": ""proyecto-2-cloud-509714"", ""resource_type"": ""gce_instance"", ""resource_zone"": ""us-central1-a"", ""vm"": ""8057035535632679842""}",1719
2026-09-27T03:28:00Z,"{""instance_name"": ""mooc-worker"", ""loadbalanced"": ""false"", ""resource_instance_id"": ""8057035535632679842"", ""resource_project_id"": ""proyecto-2-cloud-509714"", ""resource_type"": ""gce_instance"", ""resource_zone"": ""us-central1-a"", ""vm"": ""8057035535632679842""}",2602
2026-09-27T03:27:00Z,"{""instance_name"": ""mooc-worker"", ""loadbalanced"": ""false"", ""resource_instance_id"": ""8057035535632679842"", ""resource_project_id"": ""proyecto-2-cloud-509714"", ""resource_type"": ""gce_instance"", ""resource_zone"": ""us-central1-a"", ""vm"": ""8057035535632679842""}",1853
2026-09-27T03:26:00Z,"{""instance_name"": ""mooc-worker"", ""loadbalanced"": ""false"", ""resource_instance_id"": ""8057035535632679842"", ""resource_project_id"": ""proyecto-2-cloud-509714"", ""resource_type"": ""gce_instance"", ""resource_zone"": ""us-central1-a"", ""vm"": ""8057035535632679842""}",1326
2026-09-27T03:25:00Z,"{""instance_name"": ""mooc-worker"", ""loadbalanced"": ""false"", ""resource_instance_id"": ""8057035535632679842"", ""resource_project_id"": ""proyecto-2-cloud-509714"", ""resource_type"": ""gce_instance"", ""resource_zone"": ""us-central1-a"", ""vm"": ""8057035535632679842""}",1373
2026-09-27T03:24:00Z,"{""instance_name"": ""mooc-worker"", ""loadbalanced"": ""false"", ""resource_instance_id"": ""8057035535632679842"", ""resource_project_id"": ""proyecto-2-cloud-509714"", ""resource_type"": ""gce_instance"", ""resource_zone"": ""us-central1-a"", ""vm"": ""8057035535632679842""}",1527
2026-09-27T03:23:00Z,"{""instance_name"": ""mooc-worker"", ""loadbalanced"": ""false"", ""resource_instance_id"": ""8057035535632679842"", ""resource_project_id"": ""proyecto-2-cloud-509714"", ""resource_type"": ""gce_instance"", ""resource_zone"": ""us-central1-a"", ""vm"": ""8057035535632679842""}",2990
2026-09-27T03:22:00Z,"{""instance_name"": ""mooc-worker"", ""loadbalanced"": ""false"", ""resource_instance_id"": ""8057035535632679842"", ""resource_project_id"": ""proyecto-2-cloud-509714"", ""resource_type"": ""gce_instance"", ""resource_zone"": ""us-central1-a"", ""vm"": ""8057035535632679842""}",1271
2026-09-27T03:21:00Z,"{""instance_name"": ""mooc-worker"", ""loadbalanced"": ""false"", ""resource_instance_id"": ""8057035535632679842"", ""resource_project_id"": ""proyecto-2-cloud-509714"", ""resource_type"": ""gce_instance"", ""resource_zone"": ""us-central1-a"", ""vm"": ""8057035535632679842""}",1187
2026-09-27T03:20:00Z,"{""instance_name"": ""mooc-worker"", ""loadbalanced"": ""false"", ""resource_instance_id"": ""8057035535632679842"", ""resource_project_id"": ""proyecto-2-cloud-509714"", ""resource_type"": ""gce_instance"", ""resource_zone"": ""us-central1-a"", ""vm"": ""8057035535632679842""}",1160
2026-09-27T03:19:00Z,"{""instance_name"": ""mooc-worker"", ""loadbalanced"": ""false"", ""resource_instance_id"": ""8057035535632679842"", ""resource_project_id"": ""proyecto-2-cloud-509714"", ""resource_type"": ""gce_instance"", ""resource_zone"": ""us-central1-a"", ""vm"": ""8057035535632679842""}",1344
2026-09-27T03:18:00Z,"{""instance_name"": ""mooc-worker"", ""loadbalanced"": ""false"", ""resource_instance_id"": ""8057035535632679842"", ""resource_project_id"": ""proyecto-2-cloud-509714"", ""resource_type"": ""gce_instance"", ""resource_zone"": ""us-central1-a"", ""vm"": ""8057035535632679842""}",3141
2026-09-27T03:17:00Z,"{""instance_name"": ""mooc-worker"", ""loadbalanced"": ""false"", ""resource_instance_id"": ""8057035535632679842"", ""resource_project_id"": ""proyecto-2-cloud-509714"", ""resource_type"": ""gce_instance"", ""resource_zone"": ""us-central1-a"", ""vm"": ""8057035535632679842""}",1004
2026-09-27T03:16:00Z,"{""instance_name"": ""mooc-worker"", ""loadbalanced"": ""false"", ""resource_instance_id"": ""8057035535632679842"", ""resource_project_id"": ""proyecto-2-cloud-509714"", ""resource_type"": ""gce_instance"", ""resource_zone"": ""us-central1-a"", ""vm"": ""8057035535632679842""}",1070
2026-09-27T03:15:00Z,"{""instance_name"": ""mooc-worker"", ""loadbalanced"": ""false"", ""resource_instance_id"": ""8057035535632679842"", ""resource_project_id"": ""proyecto-2-cloud-509714"", ""resource_type"": ""gce_instance"", ""resource_zone"": ""us-central1-a"", ""vm"": ""8057035535632679842""}",1229
2026-09-27T03:14:00Z,"{""instance_name"": ""mooc-worker"", ""loadbalanced"": ""false"", ""resource_instance_id"": ""8057035535632679842"", ""resource_project_id"": ""proyecto-2-cloud-509714"", ""resource_type"": ""gce_instance"", ""resource_zone"": ""us-central1-a"", ""vm"": ""8057035535632679842""}",2612
2026-09-27T03:13:00Z,"{""instance_name"": ""mooc-worker"", ""loadbalanced"": ""false"", ""resource_instance_id"": ""8057035535632679842"", ""resource_project_id"": ""proyecto-2-cloud-509714"", ""resource_type"": ""gce_instance"", ""resource_zone"": ""us-central1-a"", ""vm"": ""8057035535632679842""}",1858
2026-09-27T03:12:00Z,"{""instance_name"": ""mooc-worker"", ""loadbalanced"": ""false"", ""resource_instance_id"": ""8057035535632679842"", ""resource_project_id"": ""proyecto-2-cloud-509714"", ""resource_type"": ""gce_instance"", ""resource_zone"": ""us-central1-a"", ""vm"": ""8057035535632679842""}",3782
2026-09-27T03:11:00Z,"{""instance_name"": ""mooc-worker"", ""loadbalanced"": ""false"", ""resource_instance_id"": ""8057035535632679842"", ""resource_project_id"": ""proyecto-2-cloud-509714"", ""resource_type"": ""gce_instance"", ""resource_zone"": ""us-central1-a"", ""vm"": ""8057035535632679842""}",4035
2026-09-27T03:10:00Z,"{""instance_name"": ""mooc-worker"", ""loadbalanced"": ""false"", ""resource_instance_id"": ""8057035535632679842"", ""resource_project_id"": ""proyecto-2-cloud-509714"", ""resource_type"": ""gce_instance"", ""resource_zone"": ""us-central1-a"", ""vm"": ""8057035535632679842""}",1056
2026-09-27T03:09:00Z,"{""instance_name"": ""mooc-worker"", ""loadbalanced"": ""false"", ""resource_instance_id"": ""8057035535632679842"", ""resource_project_id"": ""proyecto-2-cloud-509714"", ""resource_type"": ""gce_instance"", ""resource_zone"": ""us-central1-a"", ""vm"": ""8057035535632679842""}",1108
2026-09-27T03:08:00Z,"{""instance_name"": ""mooc-worker"", ""loadbalanced"": ""false"", ""resource_instance_id"": ""8057035535632679842"", ""resource_project_id"": ""proyecto-2-cloud-509714"", ""resource_type"": ""gce_instance"", ""resource_zone"": ""us-central1-a"", ""vm"": ""8057035535632679842""}",1991
2026-09-27T03:07:00Z,"{""instance_name"": ""mooc-worker"", ""loadbalanced"": ""false"", ""resource_instance_id"": ""8057035535632679842"", ""resource_project_id"": ""proyecto-2-cloud-509714"", ""resource_type"": ""gce_instance"", ""resource_zone"": ""us-central1-a"", ""vm"": ""8057035535632679842""}",2215
2026-09-27T03:06:00Z,"{""instance_name"": ""mooc-worker"", ""loadbalanced"": ""false"", ""resource_instance_id"": ""8057035535632679842"", ""resource_project_id"": ""proyecto-2-cloud-509714"", ""resource_type"": ""gce_instance"", ""resource_zone"": ""us-central1-a"", ""vm"": ""8057035535632679842""}",863
2026-09-27T03:05:00Z,"{""instance_name"": ""mooc-worker"", ""loadbalanced"": ""false"", ""resource_instance_id"": ""8057035535632679842"", ""resource_project_id"": ""proyecto-2-cloud-509714"", ""resource_type"": ""gce_instance"", ""resource_zone"": ""us-central1-a"", ""vm"": ""8057035535632679842""}",866
2026-09-27T03:04:00Z,"{""instance_name"": ""mooc-worker"", ""loadbalanced"": ""false"", ""resource_instance_id"": ""8057035535632679842"", ""resource_project_id"": ""proyecto-2-cloud-509714"", ""resource_type"": ""gce_instance"", ""resource_zone"": ""us-central1-a"", ""vm"": ""8057035535632679842""}",1076
2026-09-27T03:03:00Z,"{""instance_name"": ""mooc-worker"", ""loadbalanced"": ""false"", ""resource_instance_id"": ""8057035535632679842"", ""resource_project_id"": ""proyecto-2-cloud-509714"", ""resource_type"": ""gce_instance"", ""resource_zone"": ""us-central1-a"", ""vm"": ""8057035535632679842""}",2502
2026-09-27T03:02:00Z,"{""instance_name"": ""mooc-worker"", ""loadbalanced"": ""false"", ""resource_instance_id"": ""8057035535632679842"", ""resource_project_id"": ""proyecto-2-cloud-509714"", ""resource_type"": ""gce_instance"", ""resource_zone"": ""us-central1-a"", ""vm"": ""8057035535632679842""}",1362
2026-09-27T03:01:00Z,"{""instance_name"": ""mooc-worker"", ""loadbalanced"": ""false"", ""resource_instance_id"": ""8057035535632679842"", ""resource_project_id"": ""proyecto-2-cloud-509714"", ""resource_type"": ""gce_instance"", ""resource_zone"": ""us-central1-a"", ""vm"": ""8057035535632679842""}",1437
2026-09-27T03:00:00Z,"{""instance_name"": ""mooc-worker"", ""loadbalanced"": ""false"", ""resource_instance_id"": ""8057035535632679842"", ""resource_project_id"": ""proyecto-2-cloud-509714"", ""resource_type"": ""gce_instance"", ""resource_zone"": ""us-central1-a"", ""vm"": ""8057035535632679842""}",2086
2026-09-27T02:59:00Z,"{""instance_name"": ""mooc-worker"", ""loadbalanced"": ""false"", ""resource_instance_id"": ""8057035535632679842"", ""resource_project_id"": ""proyecto-2-cloud-509714"", ""resource_type"": ""gce_instance"", ""resource_zone"": ""us-central1-a"", ""vm"": ""8057035535632679842""}",1777
2026-09-27T02:58:00Z,"{""instance_name"": ""mooc-worker"", ""loadbalanced"": ""false"", ""resource_instance_id"": ""8057035535632679842"", ""resource_project_id"": ""proyecto-2-cloud-509714"", ""resource_type"": ""gce_instance"", ""resource_zone"": ""us-central1-a"", ""vm"": ""8057035535632679842""}",851
2026-09-27T02:57:00Z,"{""instance_name"": ""mooc-worker"", ""loadbalanced"": ""false"", ""resource_instance_id"": ""8057035535632679842"", ""resource_project_id"": ""proyecto-2-cloud-509714"", ""resource_type"": ""gce_instance"", ""resource_zone"": ""us-central1-a"", ""vm"": ""8057035535632679842""}",837
2026-09-27T02:56:00Z,"{""instance_name"": ""mooc-worker"", ""loadbalanced"": ""false"", ""resource_instance_id"": ""8057035535632679842"", ""resource_project_id"": ""proyecto-2-cloud-509714"", ""resource_type"": ""gce_instance"", ""resource_zone"": ""us-central1-a"", ""vm"": ""8057035535632679842""}",849
2026-09-27T02:55:00Z,"{""instance_name"": ""mooc-worker"", ""loadbalanced"": ""false"", ""resource_instance_id"": ""8057035535632679842"", ""resource_project_id"": ""proyecto-2-cloud-509714"", ""resource_type"": ""gce_instance"", ""resource_zone"": ""us-central1-a"", ""vm"": ""8057035535632679842""}",1004
2026-09-27T02:54:00Z,"{""instance_name"": ""mooc-worker"", ""loadbalanced"": ""false"", ""resource_instance_id"": ""8057035535632679842"", ""resource_project_id"": ""proyecto-2-cloud-509714"", ""resource_type"": ""gce_instance"", ""resource_zone"": ""us-central1-a"", ""vm"": ""8057035535632679842""}",2039
2026-09-27T02:53:00Z,"{""instance_name"": ""mooc-worker"", ""loadbalanced"": ""false"", ""resource_instance_id"": ""8057035535632679842"", ""resource_project_id"": ""proyecto-2-cloud-509714"", ""resource_type"": ""gce_instance"", ""resource_zone"": ""us-central1-a"", ""vm"": ""8057035535632679842""}",1354
2026-09-27T02:52:00Z,"{""instance_name"": ""mooc-worker"", ""loadbalanced"": ""false"", ""resource_instance_id"": ""8057035535632679842"", ""resource_project_id"": ""proyecto-2-cloud-509714"", ""resource_type"": ""gce_instance"", ""resource_zone"": ""us-central1-a"", ""vm"": ""8057035535632679842""}",1065
2026-09-27T02:51:00Z,"{""instance_name"": ""mooc-worker"", ""loadbalanced"": ""false"", ""resource_instance_id"": ""8057035535632679842"", ""resource_project_id"": ""proyecto-2-cloud-509714"", ""resource_type"": ""gce_instance"", ""resource_zone"": ""us-central1-a"", ""vm"": ""8057035535632679842""}",2621
2026-09-27T02:50:00Z,"{""instance_name"": ""mooc-worker"", ""loadbalanced"": ""false"", ""resource_instance_id"": ""8057035535632679842"", ""resource_project_id"": ""proyecto-2-cloud-509714"", ""resource_type"": ""gce_instance"", ""resource_zone"": ""us-central1-a"", ""vm"": ""8057035535632679842""}",1411
2026-09-27T02:49:00Z,"{""instance_name"": ""mooc-worker"", ""loadbalanced"": ""false"", ""resource_instance_id"": ""8057035535632679842"", ""resource_project_id"": ""proyecto-2-cloud-509714"", ""resource_type"": ""gce_instance"", ""resource_zone"": ""us-central1-a"", ""vm"": ""8057035535632679842""}",847
2026-09-27T02:48:00Z,"{""instance_name"": ""mooc-worker"", ""loadbalanced"": ""false"", ""resource_instance_id"": ""8057035535632679842"", ""resource_project_id"": ""proyecto-2-cloud-509714"", ""resource_type"": ""gce_instance"", ""resource_zone"": ""us-central1-a"", ""vm"": ""8057035535632679842""}",855
2026-09-27T02:47:00Z,"{""instance_name"": ""mooc-worker"", ""loadbalanced"": ""false"", ""resource_instance_id"": ""8057035535632679842"", ""resource_project_id"": ""proyecto-2-cloud-509714"", ""resource_type"": ""gce_instance"", ""resource_zone"": ""us-central1-a"", ""vm"": ""8057035535632679842""}",847
2026-09-27T02:46:00Z,"{""instance_name"": ""mooc-worker"", ""loadbalanced"": ""false"", ""resource_instance_id"": ""8057035535632679842"", ""resource_project_id"": ""proyecto-2-cloud-509714"", ""resource_type"": ""gce_instance"", ""resource_zone"": ""us-central1-a"", ""vm"": ""8057035535632679842""}",855
2026-09-27T02:45:00Z,"{""instance_name"": ""mooc-worker"", ""loadbalanced"": ""false"", ""resource_instance_id"": ""8057035535632679842"", ""resource_project_id"": ""proyecto-2-cloud-509714"", ""resource_type"": ""gce_instance"", ""resource_zone"": ""us-central1-a"", ""vm"": ""8057035535632679842""}",875
2026-09-27T02:44:00Z,"{""instance_name"": ""mooc-worker"", ""loadbalanced"": ""false"", ""resource_instance_id"": ""8057035535632679842"", ""resource_project_id"": ""proyecto-2-cloud-509714"", ""resource_type"": ""gce_instance"", ""resource_zone"": ""us-central1-a"", ""vm"": ""8057035535632679842""}",875
2026-09-27T02:43:00Z,"{""instance_name"": ""mooc-worker"", ""loadbalanced"": ""false"", ""resource_instance_id"": ""8057035535632679842"", ""resource_project_id"": ""proyecto-2-cloud-509714"", ""resource_type"": ""gce_instance"", ""resource_zone"": ""us-central1-a"", ""vm"": ""8057035535632679842""}",866
2026-09-27T02:42:00Z,"{""instance_name"": ""mooc-worker"", ""loadbalanced"": ""false"", ""resource_instance_id"": ""8057035535632679842"", ""resource_project_id"": ""proyecto-2-cloud-509714"", ""resource_type"": ""gce_instance"", ""resource_zone"": ""us-central1-a"", ""vm"": ""8057035535632679842""}",911
2026-09-27T02:41:00Z,"{""instance_name"": ""mooc-worker"", ""loadbalanced"": ""false"", ""resource_instance_id"": ""8057035535632679842"", ""resource_project_id"": ""proyecto-2-cloud-509714"", ""resource_type"": ""gce_instance"", ""resource_zone"": ""us-central1-a"", ""vm"": ""8057035535632679842""}",931
2026-09-27T02:40:00Z,"{""instance_name"": ""mooc-worker"", ""loadbalanced"": ""false"", ""resource_instance_id"": ""8057035535632679842"", ""resource_project_id"": ""proyecto-2-cloud-509714"", ""resource_type"": ""gce_instance"", ""resource_zone"": ""us-central1-a"", ""vm"": ""8057035535632679842""}",826
2026-09-27T02:39:00Z,"{""instance_name"": ""mooc-worker"", ""loadbalanced"": ""false"", ""resource_instance_id"": ""8057035535632679842"", ""resource_project_id"": ""proyecto-2-cloud-509714"", ""resource_type"": ""gce_instance"", ""resource_zone"": ""us-central1-a"", ""vm"": ""8057035535632679842""}",802
2026-09-27T02:38:00Z,"{""instance_name"": ""mooc-worker"", ""loadbalanced"": ""false"", ""resource_instance_id"": ""8057035535632679842"", ""resource_project_id"": ""proyecto-2-cloud-509714"", ""resource_type"": ""gce_instance"", ""resource_zone"": ""us-central1-a"", ""vm"": ""8057035535632679842""}",803
2026-09-27T02:37:00Z,"{""instance_name"": ""mooc-worker"", ""loadbalanced"": ""false"", ""resource_instance_id"": ""8057035535632679842"", ""resource_project_id"": ""proyecto-2-cloud-509714"", ""resource_type"": ""gce_instance"", ""resource_zone"": ""us-central1-a"", ""vm"": ""8057035535632679842""}",812
2026-09-27T02:36:00Z,"{""instance_name"": ""mooc-worker"", ""loadbalanced"": ""false"", ""resource_instance_id"": ""8057035535632679842"", ""resource_project_id"": ""proyecto-2-cloud-509714"", ""resource_type"": ""gce_instance"", ""resource_zone"": ""us-central1-a"", ""vm"": ""8057035535632679842""}",817
2026-09-27T02:35:00Z,"{""instance_name"": ""mooc-worker"", ""loadbalanced"": ""false"", ""resource_instance_id"": ""8057035535632679842"", ""resource_project_id"": ""proyecto-2-cloud-509714"", ""resource_type"": ""gce_instance"", ""resource_zone"": ""us-central1-a"", ""vm"": ""8057035535632679842""}",812
2026-09-27T02:34:00Z,"{""instance_name"": ""mooc-worker"", ""loadbalanced"": ""false"", ""resource_instance_id"": ""8057035535632679842"", ""resource_project_id"": ""proyecto-2-cloud-509714"", ""resource_type"": ""gce_instance"", ""resource_zone"": ""us-central1-a"", ""vm"": ""8057035535632679842""}",820
2026-09-27T02:33:00Z,"{""instance_name"": ""mooc-worker"", ""loadbalanced"": ""false"", ""resource_instance_id"": ""8057035535632679842"", ""resource_project_id"": ""proyecto-2-cloud-509714"", ""resource_type"": ""gce_instance"", ""resource_zone"": ""us-central1-a"", ""vm"": ""8057035535632679842""}",831
2026-09-27T02:32:00Z,"{""instance_name"": ""mooc-worker"", ""loadbalanced"": ""false"", ""resource_instance_id"": ""8057035535632679842"", ""resource_project_id"": ""proyecto-2-cloud-509714"", ""resource_type"": ""gce_instance"", ""resource_zone"": ""us-central1-a"", ""vm"": ""8057035535632679842""}",959
2026-09-27T02:31:00Z,"{""instance_name"": ""mooc-worker"", ""loadbalanced"": ""false"", ""resource_instance_id"": ""8057035535632679842"", ""resource_project_id"": ""proyecto-2-cloud-509714"", ""resource_type"": ""gce_instance"", ""resource_zone"": ""us-central1-a"", ""vm"": ""8057035535632679842""}",2194
2026-09-27T02:30:00Z,"{""instance_name"": ""mooc-worker"", ""loadbalanced"": ""false"", ""resource_instance_id"": ""8057035535632679842"", ""resource_project_id"": ""proyecto-2-cloud-509714"", ""resource_type"": ""gce_instance"", ""resource_zone"": ""us-central1-a"", ""vm"": ""8057035535632679842""}",2623
2026-09-27T02:29:00Z,"{""instance_name"": ""mooc-worker"", ""loadbalanced"": ""false"", ""resource_instance_id"": ""8057035535632679842"", ""resource_project_id"": ""proyecto-2-cloud-509714"", ""resource_type"": ""gce_instance"", ""resource_zone"": ""us-central1-a"", ""vm"": ""8057035535632679842""}",389
2026-09-27T02:28:00Z,"{""instance_name"": ""mooc-worker"", ""loadbalanced"": ""false"", ""resource_instance_id"": ""8057035535632679842"", ""resource_project_id"": ""proyecto-2-cloud-509714"", ""resource_type"": ""gce_instance"", ""resource_zone"": ""us-central1-a"", ""vm"": ""8057035535632679842""}",18
2026-09-27T02:27:00Z,"{""instance_name"": ""mooc-worker"", ""loadbalanced"": ""false"", ""resource_instance_id"": ""8057035535632679842"", ""resource_project_id"": ""proyecto-2-cloud-509714"", ""resource_type"": ""gce_instance"", ""resource_zone"": ""us-central1-a"", ""vm"": ""8057035535632679842""}",3
2026-09-27T02:26:00Z,"{""instance_name"": ""mooc-worker"", ""loadbalanced"": ""false"", ""resource_instance_id"": ""8057035535632679842"", ""resource_project_id"": ""proyecto-2-cloud-509714"", ""resource_type"": ""gce_instance"", ""resource_zone"": ""us-central1-a"", ""vm"": ""8057035535632679842""}",10
2026-09-27T02:25:00Z,"{""instance_name"": ""mooc-worker"", ""loadbalanced"": ""false"", ""resource_instance_id"": ""8057035535632679842"", ""resource_project_id"": ""proyecto-2-cloud-509714"", ""resource_type"": ""gce_instance"", ""resource_zone"": ""us-central1-a"", ""vm"": ""8057035535632679842""}",13
2026-09-27T02:24:00Z,"{""instance_name"": ""mooc-worker"", ""loadbalanced"": ""false"", ""resource_instance_id"": ""8057035535632679842"", ""resource_project_id"": ""proyecto-2-cloud-509714"", ""resource_type"": ""gce_instance"", ""resource_zone"": ""us-central1-a"", ""vm"": ""8057035535632679842""}",3
2026-09-27T02:23:00Z,"{""instance_name"": ""mooc-worker"", ""loadbalanced"": ""false"", ""resource_instance_id"": ""8057035535632679842"", ""resource_project_id"": ""proyecto-2-cloud-509714"", ""resource_type"": ""gce_instance"", ""resource_zone"": ""us-central1-a"", ""vm"": ""8057035535632679842""}",695
2026-09-27T02:22:00Z,"{""instance_name"": ""mooc-worker"", ""loadbalanced"": ""false"", ""resource_instance_id"": ""8057035535632679842"", ""resource_project_id"": ""proyecto-2-cloud-509714"", ""resource_type"": ""gce_instance"", ""resource_zone"": ""us-central1-a"", ""vm"": ""8057035535632679842""}",6670
2026-09-27T02:21:00Z,"{""instance_name"": ""mooc-worker"", ""loadbalanced"": ""false"", ""resource_instance_id"": ""8057035535632679842"", ""resource_project_id"": ""proyecto-2-cloud-509714"", ""resource_type"": ""gce_instance"", ""resource_zone"": ""us-central1-a"", ""vm"": ""8057035535632679842""}",3972
