timestamp,labels,value
2026-09-27T06:42:00Z,"{""instance_name"": ""mooc-web"", ""loadbalanced"": ""false"", ""resource_instance_id"": ""1398563761166861218"", ""resource_project_id"": ""proyecto-2-cloud-509714"", ""resource_type"": ""gce_instance"", ""resource_zone"": ""us-central1-a"", ""vm"": ""mooc-web""}",1253119
2026-09-27T06:41:00Z,"{""instance_name"": ""mooc-web"", ""loadbalanced"": ""false"", ""resource_instance_id"": ""1398563761166861218"", ""resource_project_id"": ""proyecto-2-cloud-509714"", ""resource_type"": ""gce_instance"", ""resource_zone"": ""us-central1-a"", ""vm"": ""mooc-web""}",1250386
2026-09-27T06:40:00Z,"{""instance_name"": ""mooc-web"", ""loadbalanced"": ""false"", ""resource_instance_id"": ""1398563761166861218"", ""resource_project_id"": ""proyecto-2-cloud-509714"", ""resource_type"": ""gce_instance"", ""resource_zone"": ""us-central1-a"", ""vm"": ""mooc-web""}",1257722
2026-09-27T06:39:00Z,"{""instance_name"": ""mooc-web"", ""loadbalanced"": ""false"", ""resource_instance_id"": ""1398563761166861218"", ""resource_project_id"": ""proyecto-2-cloud-509714"", ""resource_type"": ""gce_instance"", ""resource_zone"": ""us-central1-a"", ""vm"": ""mooc-web""}",1255340
2026-09-27T06:38:00Z,"{""instance_name"": ""mooc-web"", ""loadbalanced"": ""false"", ""resource_instance_id"": ""1398563761166861218"", ""resource_project_id"": ""proyecto-2-cloud-509714"", ""resource_type"": ""gce_instance"", ""resource_zone"": ""us-central1-a"", ""vm"": ""mooc-web""}",1250155
2026-09-27T06:37:00Z,"{""instance_name"": ""mooc-web"", ""loadbalanced"": ""false"", ""resource_instance_id"": ""1398563761166861218"", ""resource_project_id"": ""proyecto-2-cloud-509714"", ""resource_type"": ""gce_instance"", ""resource_zone"": ""us-central1-a"", ""vm"": ""mooc-web""}",1245139
2026-09-27T06:36:00Z,"{""instance_name"": ""mooc-web"", ""loadbalanced"": ""false"", ""resource_instance_id"": ""1398563761166861218"", ""resource_project_id"": ""proyecto-2-cloud-509714"", ""resource_type"": ""gce_instance"", ""resource_zone"": ""us-central1-a"", ""vm"": ""mooc-web""}",1231064
2026-09-27T06:35:00Z,"{""instance_name"": ""mooc-web"", ""loadbalanced"": ""false"", ""resource_instance_id"": ""1398563761166861218"", ""resource_project_id"": ""proyecto-2-cloud-509714"", ""resource_type"": ""gce_instance"", ""resource_zone"": ""us-central1-a"", ""vm"": ""mooc-web""}",1237229
2026-09-27T06:34:00Z,"{""instance_name"": ""mooc-web"", ""loadbalanced"": ""false"", ""resource_instance_id"": ""1398563761166861218"", ""resource_project_id"": ""proyecto-2-cloud-509714"", ""resource_type"": ""gce_instance"", ""resource_zone"": ""us-central1-a"", ""vm"": ""mooc-web""}",1234529
2026-09-27T06:33:00Z,"{""instance_name"": ""mooc-web"", ""loadbalanced"": ""false"", ""resource_instance_id"": ""1398563761166861218"", ""resource_project_id"": ""proyecto-2-cloud-509714"", ""resource_type"": ""gce_instance"", ""resource_zone"": ""us-central1-a"", ""vm"": ""mooc-web""}",1234633
2026-09-27T06:32:00Z,"{""instance_name"": ""mooc-web"", ""loadbalanced"": ""false"", ""resource_instance_id"": ""1398563761166861218"", ""resource_project_id"": ""proyecto-2-cloud-509714"", ""resource_type"": ""gce_instance"", ""resource_zone"": ""us-central1-a"", ""vm"": ""mooc-web""}",1235184
2026-09-27T06:31:00Z,"{""instance_name"": ""mooc-web"", ""loadbalanced"": ""false"", ""resource_instance_id"": ""1398563761166861218"", ""resource_project_id"": ""proyecto-2-cloud-509714"", ""resource_type"": ""gce_instance"", ""resource_zone"": ""us-central1-a"", ""vm"": ""mooc-web""}",1239462
2026-09-27T06:30:00Z,"{""instance_name"": ""mooc-web"", ""loadbalanced"": ""false"", ""resource_instance_id"": ""1398563761166861218"", ""resource_project_id"": ""proyecto-2-cloud-509714"", ""resource_type"": ""gce_instance"", ""resource_zone"": ""us-central1-a"", ""vm"": ""mooc-web""}",1239552
2026-09-27T06:29:00Z,"{""instance_name"": ""mooc-web"", ""loadbalanced"": ""false"", ""resource_instance_id"": ""1398563761166861218"", ""resource_project_id"": ""proyecto-2-cloud-509714"", ""resource_type"": ""gce_instance"", ""resource_zone"": ""us-central1-a"", ""vm"": ""mooc-web""}",1244477
2026-09-27T06:28:00Z,"{""instance_name"": ""mooc-web"", ""loadbalanced"": ""false"", ""resource_instance_id"": ""1398563761166861218"", ""resource_project_id"": ""proyecto-2-cloud-509714"", ""resource_type"": ""gce_instance"", ""resource_zone"": ""us-central1-a"", ""vm"": ""mooc-web""}",1235210
2026-09-27T06:27:00Z,"{""instance_name"": ""mooc-web"", ""loadbalanced"": ""false"", ""resource_instance_id"": ""1398563761166861218"", ""resource_project_id"": ""proyecto-2-cloud-509714"", ""resource_type"": ""gce_instance"", ""resource_zone"": ""us-central1-a"", ""vm"": ""mooc-web""}",1234689
2026-09-27T06:26:00Z,"{""instance_name"": ""mooc-web"", ""loadbalanced"": ""false"", ""resource_instance_id"": ""1398563761166861218"", ""resource_project_id"": ""proyecto-2-cloud-509714"", ""resource_type"": ""gce_instance"", ""resource_zone"": ""us-central1-a"", ""vm"": ""mooc-web""}",1238516
2026-09-27T06:25:00Z,"{""instance_name"": ""mooc-web"", ""loadbalanced"": ""false"", ""resource_instance_id"": ""1398563761166861218"", ""resource_project_id"": ""proyecto-2-cloud-509714"", ""resource_type"": ""gce_instance"", ""resource_zone"": ""us-central1-a"", ""vm"": ""mooc-web""}",1233986
2026-09-27T06:24:00Z,"{""instance_name"": ""mooc-web"", ""loadbalanced"": ""false"", ""resource_instance_id"": ""1398563761166861218"", ""resource_project_id"": ""proyecto-2-cloud-509714"", ""resource_type"": ""gce_instance"", ""resource_zone"": ""us-central1-a"", ""vm"": ""mooc-web""}",1231834
2026-09-27T06:23:00Z,"{""instance_name"": ""mooc-web"", ""loadbalanced"": ""false"", ""resource_instance_id"": ""1398563761166861218"", ""resource_project_id"": ""proyecto-2-cloud-509714"", ""resource_type"": ""gce_instance"", ""resource_zone"": ""us-central1-a"", ""vm"": ""mooc-web""}",1232525
2026-09-27T06:22:00Z,"{""instance_name"": ""mooc-web"", ""loadbalanced"": ""false"", ""resource_instance_id"": ""1398563761166861218"", ""resource_project_id"": ""proyecto-2-cloud-509714"", ""resource_type"": ""gce_instance"", ""resource_zone"": ""us-central1-a"", ""vm"": ""mooc-web""}",1235581
2026-09-27T06:21:00Z,"{""instance_name"": ""mooc-web"", ""loadbalanced"": ""false"", ""resource_instance_id"": ""1398563761166861218"", ""resource_project_id"": ""proyecto-2-cloud-509714"", ""resource_type"": ""gce_instance"", ""resource_zone"": ""us-central1-a"", ""vm"": ""mooc-web""}",1236417
2026-09-27T06:20:00Z,"{""instance_name"": ""mooc-web"", ""loadbalanced"": ""false"", ""resource_instance_id"": ""1398563761166861218"", ""resource_project_id"": ""proyecto-2-cloud-509714"", ""resource_type"": ""gce_instance"", ""resource_zone"": ""us-central1-a"", ""vm"": ""mooc-web""}",1239702
2026-09-27T06:19:00Z,"{""instance_name"": ""mooc-web"", ""loadbalanced"": ""false"", ""resource_instance_id"": ""1398563761166861218"", ""resource_project_id"": ""proyecto-2-cloud-509714"", ""resource_type"": ""gce_instance"", ""resource_zone"": ""us-central1-a"", ""vm"": ""mooc-web""}",1234229
2026-09-27T06:18:00Z,"{""instance_name"": ""mooc-web"", ""loadbalanced"": ""false"", ""resource_instance_id"": ""1398563761166861218"", ""resource_project_id"": ""proyecto-2-cloud-509714"", ""resource_type"": ""gce_instance"", ""resource_zone"": ""us-central1-a"", ""vm"": ""mooc-web""}",1238761
2026-09-27T06:17:00Z,"{""instance_name"": ""mooc-web"", ""loadbalanced"": ""false"", ""resource_instance_id"": ""1398563761166861218"", ""resource_project_id"": ""proyecto-2-cloud-509714"", ""resource_type"": ""gce_instance"", ""resource_zone"": ""us-central1-a"", ""vm"": ""mooc-web""}",1230397
2026-09-27T06:16:00Z,"{""instance_name"": ""mooc-web"", ""loadbalanced"": ""false"", ""resource_instance_id"": ""1398563761166861218"", ""resource_project_id"": ""proyecto-2-cloud-509714"", ""resource_type"": ""gce_instance"", ""resource_zone"": ""us-central1-a"", ""vm"": ""mooc-web""}",1232549
2026-09-27T06:15:00Z,"{""instance_name"": ""mooc-web"", ""loadbalanced"": ""false"", ""resource_instance_id"": ""1398563761166861218"", ""resource_project_id"": ""proyecto-2-cloud-509714"", ""resource_type"": ""gce_instance"", ""resource_zone"": ""us-central1-a"", ""vm"": ""mooc-web""}",1251845
2026-09-27T06:14:00Z,"{""instance_name"": ""mooc-web"", ""loadbalanced"": ""false"", ""resource_instance_id"": ""1398563761166861218"", ""resource_project_id"": ""proyecto-2-cloud-509714"", ""resource_type"": ""gce_instance"", ""resource_zone"": ""us-central1-a"", ""vm"": ""mooc-web""}",1235902
2026-09-27T06:13:00Z,"{""instance_name"": ""mooc-web"", ""loadbalanced"": ""false"", ""resource_instance_id"": ""1398563761166861218"", ""resource_project_id"": ""proyecto-2-cloud-509714"", ""resource_type"": ""gce_instance"", ""resource_zone"": ""us-central1-a"", ""vm"": ""mooc-web""}",1234841
2026-09-27T06:12:00Z,"{""instance_name"": ""mooc-web"", ""loadbalanced"": ""false"", ""resource_instance_id"": ""1398563761166861218"", ""resource_project_id"": ""proyecto-2-cloud-509714"", ""resource_type"": ""gce_instance"", ""resource_zone"": ""us-central1-a"", ""vm"": ""mooc-web""}",1234695
2026-09-27T06:11:00Z,"{""instance_name"": ""mooc-web"", ""loadbalanced"": ""false"", ""resource_instance_id"": ""1398563761166861218"", ""resource_project_id"": ""proyecto-2-cloud-509714"", ""resource_type"": ""gce_instance"", ""resource_zone"": ""us-central1-a"", ""vm"": ""mooc-web""}",1230876
2026-09-27T06:10:00Z,"{""instance_name"": ""mooc-web"", ""loadbalanced"": ""false"", ""resource_instance_id"": ""1398563761166861218"", ""resource_project_id"": ""proyecto-2-cloud-509714"", ""resource_type"": ""gce_instance"", ""resource_zone"": ""us-central1-a"", ""vm"": ""mooc-web""}",1230492
2026-09-27T06:09:00Z,"{""instance_name"": ""mooc-web"", ""loadbalanced"": ""false"", ""resource_instance_id"": ""1398563761166861218"", ""resource_project_id"": ""proyecto-2-cloud-509714"", ""resource_type"": ""gce_instance"", ""resource_zone"": ""us-central1-a"", ""vm"": ""mooc-web""}",1231225
2026-09-27T06:08:00Z,"{""instance_name"": ""mooc-web"", ""loadbalanced"": ""false"", ""resource_instance_id"": ""1398563761166861218"", ""resource_project_id"": ""proyecto-2-cloud-509714"", ""resource_type"": ""gce_instance"", ""resource_zone"": ""us-central1-a"", ""vm"": ""mooc-web""}",1230985
2026-09-27T06:07:00Z,"{""instance_name"": ""mooc-web"", ""loadbalanced"": ""false"", ""resource_instance_id"": ""1398563761166861218"", ""resource_project_id"": ""proyecto-2-cloud-509714"", ""resource_type"": ""gce_instance"", ""resource_zone"": ""us-central1-a"", ""vm"": ""mooc-web""}",1235618
2026-09-27T06:06:00Z,"{""instance_name"": ""mooc-web"", ""loadbalanced"": ""false"", ""resource_instance_id"": ""1398563761166861218"", ""resource_project_id"": ""proyecto-2-cloud-509714"", ""resource_type"": ""gce_instance"", ""resource_zone"": ""us-central1-a"", ""vm"": ""mooc-web""}",1234623
2026-09-27T06:05:00Z,"{""instance_name"": ""mooc-web"", ""loadbalanced"": ""false"", ""resource_instance_id"": ""1398563761166861218"", ""resource_project_id"": ""proyecto-2-cloud-509714"", ""resource_type"": ""gce_instance"", ""resource_zone"": ""us-central1-a"", ""vm"": ""mooc-web""}",1235012
2026-09-27T06:04:00Z,"{""instance_name"": ""mooc-web"", ""loadbalanced"": ""false"", ""resource_instance_id"": ""1398563761166861218"", ""resource_project_id"": ""proyecto-2-cloud-509714"", ""resource_type"": ""gce_instance"", ""resource_zone"": ""us-central1-a"", ""vm"": ""mooc-web""}",1235181
2026-09-27T06:03:00Z,"{""instance_name"": ""mooc-web"", ""loadbalanced"": ""false"", ""resource_instance_id"": ""1398563761166861218"", ""resource_project_id"": ""proyecto-2-cloud-509714"", ""resource_type"": ""gce_instance"", ""resource_zone"": ""us-central1-a"", ""vm"": ""mooc-web""}",1236446
2026-09-27T06:02:00Z,"{""instance_name"": ""mooc-web"", ""loadbalanced"": ""false"", ""resource_instance_id"": ""1398563761166861218"", ""resource_project_id"": ""proyecto-2-cloud-509714"", ""resource_type"": ""gce_instance"", ""resource_zone"": ""us-central1-a"", ""vm"": ""mooc-web""}",1497685
2026-09-27T06:01:00Z,"{""instance_name"": ""mooc-web"", ""loadbalanced"": ""false"", ""resource_instance_id"": ""1398563761166861218"", ""resource_project_id"": ""proyecto-2-cloud-509714"", ""resource_type"": ""gce_instance"", ""resource_zone"": ""us-central1-a"", ""vm"": ""mooc-web""}",5589812
2026-09-27T06:00:00Z,"{""instance_name"": ""mooc-web"", ""loadbalanced"": ""false"", ""resource_instance_id"": ""1398563761166861218"", ""resource_project_id"": ""proyecto-2-cloud-509714"", ""resource_type"": ""gce_instance"", ""resource_zone"": ""us-central1-a"", ""vm"": ""mooc-web""}",10217995
2026-09-27T05:59:00Z,"{""instance_name"": ""mooc-web"", ""loadbalanced"": ""false"", ""resource_instance_id"": ""1398563761166861218"", ""resource_project_id"": ""proyecto-2-cloud-509714"", ""resource_type"": ""gce_instance"", ""resource_zone"": ""us-central1-a"", ""vm"": ""mooc-web""}",8645374
2026-09-27T05:58:00Z,"{""instance_name"": ""mooc-web"", ""loadbalanced"": ""false"", ""resource_instance_id"": ""1398563761166861218"", ""resource_project_id"": ""proyecto-2-cloud-509714"", ""resource_type"": ""gce_instance"", ""resource_zone"": ""us-central1-a"", ""vm"": ""mooc-web""}",7284280
2026-09-27T05:57:00Z,"{""instance_name"": ""mooc-web"", ""loadbalanced"": ""false"", ""resource_instance_id"": ""1398563761166861218"", ""resource_project_id"": ""proyecto-2-cloud-509714"", ""resource_type"": ""gce_instance"", ""resource_zone"": ""us-central1-a"", ""vm"": ""mooc-web""}",6179399
2026-09-27T05:56:00Z,"{""instance_name"": ""mooc-web"", ""loadbalanced"": ""false"", ""resource_instance_id"": ""1398563761166861218"", ""resource_project_id"": ""proyecto-2-cloud-509714"", ""resource_type"": ""gce_instance"", ""resource_zone"": ""us-central1-a"", ""vm"": ""mooc-web""}",3327962
2026-09-27T05:55:00Z,"{""instance_name"": ""mooc-web"", ""loadbalanced"": ""false"", ""resource_instance_id"": ""1398563761166861218"", ""resource_project_id"": ""proyecto-2-cloud-509714"", ""resource_type"": ""gce_instance"", ""resource_zone"": ""us-central1-a"", ""vm"": ""mooc-web""}",3447377
2026-09-27T05:54:00Z,"{""instance_name"": ""mooc-web"", ""loadbalanced"": ""false"", ""resource_instance_id"": ""1398563761166861218"", ""resource_project_id"": ""proyecto-2-cloud-509714"", ""resource_type"": ""gce_instance"", ""resource_zone"": ""us-central1-a"", ""vm"": ""mooc-web""}",3311445
2026-09-27T05:53:00Z,"{""instance_name"": ""mooc-web"", ""loadbalanced"": ""false"", ""resource_instance_id"": ""1398563761166861218"", ""resource_project_id"": ""proyecto-2-cloud-509714"", ""resource_type"": ""gce_instance"", ""resource_zone"": ""us-central1-a"", ""vm"": ""mooc-web""}",2941886
2026-09-27T05:52:00Z,"{""instance_name"": ""mooc-web"", ""loadbalanced"": ""false"", ""resource_instance_id"": ""1398563761166861218"", ""resource_project_id"": ""proyecto-2-cloud-509714"", ""resource_type"": ""gce_instance"", ""resource_zone"": ""us-central1-a"", ""vm"": ""mooc-web""}",2201073
2026-09-27T05:51:00Z,"{""instance_name"": ""mooc-web"", ""loadbalanced"": ""false"", ""resource_instance_id"": ""1398563761166861218"", ""resource_project_id"": ""proyecto-2-cloud-509714"", ""resource_type"": ""gce_instance"", ""resource_zone"": ""us-central1-a"", ""vm"": ""mooc-web""}",1859651
2026-09-27T05:50:00Z,"{""instance_name"": ""mooc-web"", ""loadbalanced"": ""false"", ""resource_instance_id"": ""1398563761166861218"", ""resource_project_id"": ""proyecto-2-cloud-509714"", ""resource_type"": ""gce_instance"", ""resource_zone"": ""us-central1-a"", ""vm"": ""mooc-web""}",1819684
2026-09-27T05:49:00Z,"{""instance_name"": ""mooc-web"", ""loadbalanced"": ""false"", ""resource_instance_id"": ""1398563761166861218"", ""resource_project_id"": ""proyecto-2-cloud-509714"", ""resource_type"": ""gce_instance"", ""resource_zone"": ""us-central1-a"", ""vm"": ""mooc-web""}",1754498
2026-09-27T05:48:00Z,"{""instance_name"": ""mooc-web"", ""loadbalanced"": ""false"", ""resource_instance_id"": ""1398563761166861218"", ""resource_project_id"": ""proyecto-2-cloud-509714"", ""resource_type"": ""gce_instance"", ""resource_zone"": ""us-central1-a"", ""vm"": ""mooc-web""}",1655326
2026-09-27T05:47:00Z,"{""instance_name"": ""mooc-web"", ""loadbalanced"": ""false"", ""resource_instance_id"": ""1398563761166861218"", ""resource_project_id"": ""proyecto-2-cloud-509714"", ""resource_type"": ""gce_instance"", ""resource_zone"": ""us-central1-a"", ""vm"": ""mooc-web""}",1314434
2026-09-27T05:46:00Z,"{""instance_name"": ""mooc-web"", ""loadbalanced"": ""false"", ""resource_instance_id"": ""1398563761166861218"", ""resource_project_id"": ""proyecto-2-cloud-509714"", ""resource_type"": ""gce_instance"", ""resource_zone"": ""us-central1-a"", ""vm"": ""mooc-web""}",1236733
2026-09-27T05:45:00Z,"{""instance_name"": ""mooc-web"", ""loadbalanced"": ""false"", ""resource_instance_id"": ""1398563761166861218"", ""resource_project_id"": ""proyecto-2-cloud-509714"", ""resource_type"": ""gce_instance"", ""resource_zone"": ""us-central1-a"", ""vm"": ""mooc-web""}",1238375
2026-09-27T05:44:00Z,"{""instance_name"": ""mooc-web"", ""loadbalanced"": ""false"", ""resource_instance_id"": ""1398563761166861218"", ""resource_project_id"": ""proyecto-2-cloud-509714"", ""resource_type"": ""gce_instance"", ""resource_zone"": ""us-central1-a"", ""vm"": ""mooc-web""}",1234589
2026-09-27T05:43:00Z,"{""instance_name"": ""mooc-web"", ""loadbalanced"": ""false"", ""resource_instance_id"": ""1398563761166861218"", ""resource_project_id"": ""proyecto-2-cloud-509714"", ""resource_type"": ""gce_instance"", ""resource_zone"": ""us-central1-a"", ""vm"": ""mooc-web""}",1235867
2026-09-27T05:42:00Z,"{""instance_name"": ""mooc-web"", ""loadbalanced"": ""false"", ""resource_instance_id"": ""1398563761166861218"", ""resource_project_id"": ""proyecto-2-cloud-509714"", ""resource_type"": ""gce_instance"", ""resource_zone"": ""us-central1-a"", ""vm"": ""mooc-web""}",1237357
2026-09-27T05:41:00Z,"{""instance_name"": ""mooc-web"", ""loadbalanced"": ""false"", ""resource_instance_id"": ""1398563761166861218"", ""resource_project_id"": ""proyecto-2-cloud-509714"", ""resource_type"": ""gce_instance"", ""resource_zone"": ""us-central1-a"", ""vm"": ""mooc-web""}",1250781
2026-09-27T05:40:00Z,"{""instance_name"": ""mooc-web"", ""loadbalanced"": ""false"", ""resource_instance_id"": ""1398563761166861218"", ""resource_project_id"": ""proyecto-2-cloud-509714"", ""resource_type"": ""gce_instance"", ""resource_zone"": ""us-central1-a"", ""vm"": ""mooc-web""}",1465133
2026-09-27T05:39:00Z,"{""instance_name"": ""mooc-web"", ""loadbalanced"": ""false"", ""resource_instance_id"": ""1398563761166861218"", ""resource_project_id"": ""proyecto-2-cloud-509714"", ""resource_type"": ""gce_instance"", ""resource_zone"": ""us-central1-a"", ""vm"": ""mooc-web""}",1272469
2026-09-27T05:38:00Z,"{""instance_name"": ""mooc-web"", ""loadbalanced"": ""false"", ""resource_instance_id"": ""1398563761166861218"", ""resource_project_id"": ""proyecto-2-cloud-509714"", ""resource_type"": ""gce_instance"", ""resource_zone"": ""us-central1-a"", ""vm"": ""mooc-web""}",1267683
2026-09-27T05:37:00Z,"{""instance_name"": ""mooc-web"", ""loadbalanced"": ""false"", ""resource_instance_id"": ""1398563761166861218"", ""resource_project_id"": ""proyecto-2-cloud-509714"", ""resource_type"": ""gce_instance"", ""resource_zone"": ""us-central1-a"", ""vm"": ""mooc-web""}",1271450
2026-09-27T05:36:00Z,"{""instance_name"": ""mooc-web"", ""loadbalanced"": ""false"", ""resource_instance_id"": ""1398563761166861218"", ""resource_project_id"": ""proyecto-2-cloud-509714"", ""resource_type"": ""gce_instance"", ""resource_zone"": ""us-central1-a"", ""vm"": ""mooc-web""}",1276054
2026-09-27T05:35:00Z,"{""instance_name"": ""mooc-web"", ""loadbalanced"": ""false"", ""resource_instance_id"": ""1398563761166861218"", ""resource_project_id"": ""proyecto-2-cloud-509714"", ""resource_type"": ""gce_instance"", ""resource_zone"": ""us-central1-a"", ""vm"": ""mooc-web""}",1268756
2026-09-27T05:34:00Z,"{""instance_name"": ""mooc-web"", ""loadbalanced"": ""false"", ""resource_instance_id"": ""1398563761166861218"", ""resource_project_id"": ""proyecto-2-cloud-509714"", ""resource_type"": ""gce_instance"", ""resource_zone"": ""us-central1-a"", ""vm"": ""mooc-web""}",1267404
2026-09-27T05:33:00Z,"{""instance_name"": ""mooc-web"", ""loadbalanced"": ""false"", ""resource_instance_id"": ""1398563761166861218"", ""resource_project_id"": ""proyecto-2-cloud-509714"", ""resource_type"": ""gce_instance"", ""resource_zone"": ""us-central1-a"", ""vm"": ""mooc-web""}",1272988
2026-09-27T05:32:00Z,"{""instance_name"": ""mooc-web"", ""loadbalanced"": ""false"", ""resource_instance_id"": ""1398563761166861218"", ""resource_project_id"": ""proyecto-2-cloud-509714"", ""resource_type"": ""gce_instance"", ""resource_zone"": ""us-central1-a"", ""vm"": ""mooc-web""}",1266471
2026-09-27T05:31:00Z,"{""instance_name"": ""mooc-web"", ""loadbalanced"": ""false"", ""resource_instance_id"": ""1398563761166861218"", ""resource_project_id"": ""proyecto-2-cloud-509714"", ""resource_type"": ""gce_instance"", ""resource_zone"": ""us-central1-a"", ""vm"": ""mooc-web""}",1286881
2026-09-27T05:30:00Z,"{""instance_name"": ""mooc-web"", ""loadbalanced"": ""false"", ""resource_instance_id"": ""1398563761166861218"", ""resource_project_id"": ""proyecto-2-cloud-509714"", ""resource_type"": ""gce_instance"", ""resource_zone"": ""us-central1-a"", ""vm"": ""mooc-web""}",1291209
2026-09-27T05:29:00Z,"{""instance_name"": ""mooc-web"", ""loadbalanced"": ""false"", ""resource_instance_id"": ""1398563761166861218"", ""resource_project_id"": ""proyecto-2-cloud-509714"", ""resource_type"": ""gce_instance"", ""resource_zone"": ""us-central1-a"", ""vm"": ""mooc-web""}",1241382
2026-09-27T05:28:00Z,"{""instance_name"": ""mooc-web"", ""loadbalanced"": ""false"", ""resource_instance_id"": ""1398563761166861218"", ""resource_project_id"": ""proyecto-2-cloud-509714"", ""resource_type"": ""gce_instance"", ""resource_zone"": ""us-central1-a"", ""vm"": ""mooc-web""}",1278533
2026-09-27T05:27:00Z,"{""instance_name"": ""mooc-web"", ""loadbalanced"": ""false"", ""resource_instance_id"": ""1398563761166861218"", ""resource_project_id"": ""proyecto-2-cloud-509714"", ""resource_type"": ""gce_instance"", ""resource_zone"": ""us-central1-a"", ""vm"": ""mooc-web""}",1776438
2026-09-27T05:26:00Z,"{""instance_name"": ""mooc-web"", ""loadbalanced"": ""false"", ""resource_instance_id"": ""1398563761166861218"", ""resource_project_id"": ""proyecto-2-cloud-509714"", ""resource_type"": ""gce_instance"", ""resource_zone"": ""us-central1-a"", ""vm"": ""mooc-web""}",2783254
2026-09-27T05:25:00Z,"{""instance_name"": ""mooc-web"", ""loadbalanced"": ""false"", ""resource_instance_id"": ""1398563761166861218"", ""resource_project_id"": ""proyecto-2-cloud-509714"", ""resource_type"": ""gce_instance"", ""resource_zone"": ""us-central1-a"", ""vm"": ""mooc-web""}",2700052
2026-09-27T05:24:00Z,"{""instance_name"": ""mooc-web"", ""loadbalanced"": ""false"", ""resource_instance_id"": ""1398563761166861218"", ""resource_project_id"": ""proyecto-2-cloud-509714"", ""resource_type"": ""gce_instance"", ""resource_zone"": ""us-central1-a"", ""vm"": ""mooc-web""}",1552706
2026-09-27T05:23:00Z,"{""instance_name"": ""mooc-web"", ""loadbalanced"": ""false"", ""resource_instance_id"": ""1398563761166861218"", ""resource_project_id"": ""proyecto-2-cloud-509714"", ""resource_type"": ""gce_instance"", ""resource_zone"": ""us-central1-a"", ""vm"": ""mooc-web""}",1389970
2026-09-27T05:22:00Z,"{""instance_name"": ""mooc-web"", ""loadbalanced"": ""false"", ""resource_instance_id"": ""1398563761166861218"", ""resource_project_id"": ""proyecto-2-cloud-509714"", ""resource_type"": ""gce_instance"", ""resource_zone"": ""us-central1-a"", ""vm"": ""mooc-web""}",3665639
2026-09-27T05:21:00Z,"{""instance_name"": ""mooc-web"", ""loadbalanced"": ""false"", ""resource_instance_id"": ""1398563761166861218"", ""resource_project_id"": ""proyecto-2-cloud-509714"", ""resource_type"": ""gce_instance"", ""resource_zone"": ""us-central1-a"", ""vm"": ""mooc-web""}",1834306
2026-09-27T05:20:00Z,"{""instance_name"": ""mooc-web"", ""loadbalanced"": ""false"", ""resource_instance_id"": ""1398563761166861218"", ""resource_project_id"": ""proyecto-2-cloud-509714"", ""resource_type"": ""gce_instance"", ""resource_zone"": ""us-central1-a"", ""vm"": ""mooc-web""}",1236015
2026-09-27T05:19:00Z,"{""instance_name"": ""mooc-web"", ""loadbalanced"": ""false"", ""resource_instance_id"": ""1398563761166861218"", ""resource_project_id"": ""proyecto-2-cloud-509714"", ""resource_type"": ""gce_instance"", ""resource_zone"": ""us-central1-a"", ""vm"": ""mooc-web""}",1232417
2026-09-27T05:18:00Z,"{""instance_name"": ""mooc-web"", ""loadbalanced"": ""false"", ""resource_instance_id"": ""1398563761166861218"", ""resource_project_id"": ""proyecto-2-cloud-509714"", ""resource_type"": ""gce_instance"", ""resource_zone"": ""us-central1-a"", ""vm"": ""mooc-web""}",1236264
2026-09-27T05:17:00Z,"{""instance_name"": ""mooc-web"", ""loadbalanced"": ""false"", ""resource_instance_id"": ""1398563761166861218"", ""resource_project_id"": ""proyecto-2-cloud-509714"", ""resource_type"": ""gce_instance"", ""resource_zone"": ""us-central1-a"", ""vm"": ""mooc-web""}",1276470
2026-09-27T05:16:00Z,"{""instance_name"": ""mooc-web"", ""loadbalanced"": ""false"", ""resource_instance_id"": ""1398563761166861218"", ""resource_project_id"": ""proyecto-2-cloud-509714"", ""resource_type"": ""gce_instance"", ""resource_zone"": ""us-central1-a"", ""vm"": ""mooc-web""}",1230087
2026-09-27T05:15:00Z,"{""instance_name"": ""mooc-web"", ""loadbalanced"": ""false"", ""resource_instance_id"": ""1398563761166861218"", ""resource_project_id"": ""proyecto-2-cloud-509714"", ""resource_type"": ""gce_instance"", ""resource_zone"": ""us-central1-a"", ""vm"": ""mooc-web""}",1221679
2026-09-27T05:14:00Z,"{""instance_name"": ""mooc-web"", ""loadbalanced"": ""false"", ""resource_instance_id"": ""1398563761166861218"", ""resource_project_id"": ""proyecto-2-cloud-509714"", ""resource_type"": ""gce_instance"", ""resource_zone"": ""us-central1-a"", ""vm"": ""mooc-web""}",1230241
2026-09-27T05:13:00Z,"{""instance_name"": ""mooc-web"", ""loadbalanced"": ""false"", ""resource_instance_id"": ""1398563761166861218"", ""resource_project_id"": ""proyecto-2-cloud-509714"", ""resource_type"": ""gce_instance"", ""resource_zone"": ""us-central1-a"", ""vm"": ""mooc-web""}",1233766
2026-09-27T05:12:00Z,"{""instance_name"": ""mooc-web"", ""loadbalanced"": ""false"", ""resource_instance_id"": ""1398563761166861218"", ""resource_project_id"": ""proyecto-2-cloud-509714"", ""resource_type"": ""gce_instance"", ""resource_zone"": ""us-central1-a"", ""vm"": ""mooc-web""}",1239844
2026-09-27T05:11:00Z,"{""instance_name"": ""mooc-web"", ""loadbalanced"": ""false"", ""resource_instance_id"": ""1398563761166861218"", ""resource_project_id"": ""proyecto-2-cloud-509714"", ""resource_type"": ""gce_instance"", ""resource_zone"": ""us-central1-a"", ""vm"": ""mooc-web""}",1236177
2026-09-27T05:10:00Z,"{""instance_name"": ""mooc-web"", ""loadbalanced"": ""false"", ""resource_instance_id"": ""1398563761166861218"", ""resource_project_id"": ""proyecto-2-cloud-509714"", ""resource_type"": ""gce_instance"", ""resource_zone"": ""us-central1-a"", ""vm"": ""mooc-web""}",1240070
2026-09-27T05:09:00Z,"{""instance_name"": ""mooc-web"", ""loadbalanced"": ""false"", ""resource_instance_id"": ""1398563761166861218"", ""resource_project_id"": ""proyecto-2-cloud-509714"", ""resource_type"": ""gce_instance"", ""resource_zone"": ""us-central1-a"", ""vm"": ""mooc-web""}",1236664
2026-09-27T05:08:00Z,"{""instance_name"": ""mooc-web"", ""loadbalanced"": ""false"", ""resource_instance_id"": ""1398563761166861218"", ""resource_project_id"": ""proyecto-2-cloud-509714"", ""resource_type"": ""gce_instance"", ""resource_zone"": ""us-central1-a"", ""vm"": ""mooc-web""}",1236500
2026-09-27T05:07:00Z,"{""instance_name"": ""mooc-web"", ""loadbalanced"": ""false"", ""resource_instance_id"": ""1398563761166861218"", ""resource_project_id"": ""proyecto-2-cloud-509714"", ""resource_type"": ""gce_instance"", ""resource_zone"": ""us-central1-a"", ""vm"": ""mooc-web""}",1237238
2026-09-27T05:06:00Z,"{""instance_name"": ""mooc-web"", ""loadbalanced"": ""false"", ""resource_instance_id"": ""1398563761166861218"", ""resource_project_id"": ""proyecto-2-cloud-509714"", ""resource_type"": ""gce_instance"", ""resource_zone"": ""us-central1-a"", ""vm"": ""mooc-web""}",1231555
2026-09-27T05:05:00Z,"{""instance_name"": ""mooc-web"", ""loadbalanced"": ""false"", ""resource_instance_id"": ""1398563761166861218"", ""resource_project_id"": ""proyecto-2-cloud-509714"", ""resource_type"": ""gce_instance"", ""resource_zone"": ""us-central1-a"", ""vm"": ""mooc-web""}",1146974
2026-09-27T05:04:00Z,"{""instance_name"": ""mooc-web"", ""loadbalanced"": ""false"", ""resource_instance_id"": ""1398563761166861218"", ""resource_project_id"": ""proyecto-2-cloud-509714"", ""resource_type"": ""gce_instance"", ""resource_zone"": ""us-central1-a"", ""vm"": ""mooc-web""}",1149963
2026-09-27T05:03:00Z,"{""instance_name"": ""mooc-web"", ""loadbalanced"": ""false"", ""resource_instance_id"": ""1398563761166861218"", ""resource_project_id"": ""proyecto-2-cloud-509714"", ""resource_type"": ""gce_instance"", ""resource_zone"": ""us-central1-a"", ""vm"": ""mooc-web""}",1228269
2026-09-27T05:02:00Z,"{""instance_name"": ""mooc-web"", ""loadbalanced"": ""false"", ""resource_instance_id"": ""1398563761166861218"", ""resource_project_id"": ""proyecto-2-cloud-509714"", ""resource_type"": ""gce_instance"", ""resource_zone"": ""us-central1-a"", ""vm"": ""mooc-web""}",1227372
2026-09-27T05:01:00Z,"{""instance_name"": ""mooc-web"", ""loadbalanced"": ""false"", ""resource_instance_id"": ""1398563761166861218"", ""resource_project_id"": ""proyecto-2-cloud-509714"", ""resource_type"": ""gce_instance"", ""resource_zone"": ""us-central1-a"", ""vm"": ""mooc-web""}",1231261
2026-09-27T05:00:00Z,"{""instance_name"": ""mooc-web"", ""loadbalanced"": ""false"", ""resource_instance_id"": ""1398563761166861218"", ""resource_project_id"": ""proyecto-2-cloud-509714"", ""resource_type"": ""gce_instance"", ""resource_zone"": ""us-central1-a"", ""vm"": ""mooc-web""}",1234930
2026-09-27T04:59:00Z,"{""instance_name"": ""mooc-web"", ""loadbalanced"": ""false"", ""resource_instance_id"": ""1398563761166861218"", ""resource_project_id"": ""proyecto-2-cloud-509714"", ""resource_type"": ""gce_instance"", ""resource_zone"": ""us-central1-a"", ""vm"": ""mooc-web""}",1231362
2026-09-27T04:58:00Z,"{""instance_name"": ""mooc-web"", ""loadbalanced"": ""false"", ""resource_instance_id"": ""1398563761166861218"", ""resource_project_id"": ""proyecto-2-cloud-509714"", ""resource_type"": ""gce_instance"", ""resource_zone"": ""us-central1-a"", ""vm"": ""mooc-web""}",1234728
2026-09-27T04:57:00Z,"{""instance_name"": ""mooc-web"", ""loadbalanced"": ""false"", ""resource_instance_id"": ""1398563761166861218"", ""resource_project_id"": ""proyecto-2-cloud-509714"", ""resource_type"": ""gce_instance"", ""resource_zone"": ""us-central1-a"", ""vm"": ""mooc-web""}",1232092
2026-09-27T04:56:00Z,"{""instance_name"": ""mooc-web"", ""loadbalanced"": ""false"", ""resource_instance_id"": ""1398563761166861218"", ""resource_project_id"": ""proyecto-2-cloud-509714"", ""resource_type"": ""gce_instance"", ""resource_zone"": ""us-central1-a"", ""vm"": ""mooc-web""}",1711568
2026-09-27T04:55:00Z,"{""instance_name"": ""mooc-web"", ""loadbalanced"": ""false"", ""resource_instance_id"": ""1398563761166861218"", ""resource_project_id"": ""proyecto-2-cloud-509714"", ""resource_type"": ""gce_instance"", ""resource_zone"": ""us-central1-a"", ""vm"": ""mooc-web""}",8641127
2026-09-27T04:54:00Z,"{""instance_name"": ""mooc-web"", ""loadbalanced"": ""false"", ""resource_instance_id"": ""1398563761166861218"", ""resource_project_id"": ""proyecto-2-cloud-509714"", ""resource_type"": ""gce_instance"", ""resource_zone"": ""us-central1-a"", ""vm"": ""mooc-web""}",10770156
2026-09-27T04:53:00Z,"{""instance_name"": ""mooc-web"", ""loadbalanced"": ""false"", ""resource_instance_id"": ""1398563761166861218"", ""resource_project_id"": ""proyecto-2-cloud-509714"", ""resource_type"": ""gce_instance"", ""resource_zone"": ""us-central1-a"", ""vm"": ""mooc-web""}",9438584
2026-09-27T04:52:00Z,"{""instance_name"": ""mooc-web"", ""loadbalanced"": ""false"", ""resource_instance_id"": ""1398563761166861218"", ""resource_project_id"": ""proyecto-2-cloud-509714"", ""resource_type"": ""gce_instance"", ""resource_zone"": ""us-central1-a"", ""vm"": ""mooc-web""}",8218686
2026-09-27T04:51:00Z,"{""instance_name"": ""mooc-web"", ""loadbalanced"": ""false"", ""resource_instance_id"": ""1398563761166861218"", ""resource_project_id"": ""proyecto-2-cloud-509714"", ""resource_type"": ""gce_instance"", ""resource_zone"": ""us-central1-a"", ""vm"": ""mooc-web""}",5603401
2026-09-27T04:50:00Z,"{""instance_name"": ""mooc-web"", ""loadbalanced"": ""false"", ""resource_instance_id"": ""1398563761166861218"", ""resource_project_id"": ""proyecto-2-cloud-509714"", ""resource_type"": ""gce_instance"", ""resource_zone"": ""us-central1-a"", ""vm"": ""mooc-web""}",4295456
2026-09-27T04:49:00Z,"{""instance_name"": ""mooc-web"", ""loadbalanced"": ""false"", ""resource_instance_id"": ""1398563761166861218"", ""resource_project_id"": ""proyecto-2-cloud-509714"", ""resource_type"": ""gce_instance"", ""resource_zone"": ""us-central1-a"", ""vm"": ""mooc-web""}",3937441
2026-09-27T04:48:00Z,"{""instance_name"": ""mooc-web"", ""loadbalanced"": ""false"", ""resource_instance_id"": ""1398563761166861218"", ""resource_project_id"": ""proyecto-2-cloud-509714"", ""resource_type"": ""gce_instance"", ""resource_zone"": ""us-central1-a"", ""vm"": ""mooc-web""}",3558949
2026-09-27T04:47:00Z,"{""instance_name"": ""mooc-web"", ""loadbalanced"": ""false"", ""resource_instance_id"": ""1398563761166861218"", ""resource_project_id"": ""proyecto-2-cloud-509714"", ""resource_type"": ""gce_instance"", ""resource_zone"": ""us-central1-a"", ""vm"": ""mooc-web""}",3265038
2026-09-27T04:46:00Z,"{""instance_name"": ""mooc-web"", ""loadbalanced"": ""false"", ""resource_instance_id"": ""1398563761166861218"", ""resource_project_id"": ""proyecto-2-cloud-509714"", ""resource_type"": ""gce_instance"", ""resource_zone"": ""us-central1-a"", ""vm"": ""mooc-web""}",2111667
2026-09-27T04:45:00Z,"{""instance_name"": ""mooc-web"", ""loadbalanced"": ""false"", ""resource_instance_id"": ""1398563761166861218"", ""resource_project_id"": ""proyecto-2-cloud-509714"", ""resource_type"": ""gce_instance"", ""resource_zone"": ""us-central1-a"", ""vm"": ""mooc-web""}",2020591
2026-09-27T04:44:00Z,"{""instance_name"": ""mooc-web"", ""loadbalanced"": ""false"", ""resource_instance_id"": ""1398563761166861218"", ""resource_project_id"": ""proyecto-2-cloud-509714"", ""resource_type"": ""gce_instance"", ""resource_zone"": ""us-central1-a"", ""vm"": ""mooc-web""}",2013975
2026-09-27T04:43:00Z,"{""instance_name"": ""mooc-web"", ""loadbalanced"": ""false"", ""resource_instance_id"": ""1398563761166861218"", ""resource_project_id"": ""proyecto-2-cloud-509714"", ""resource_type"": ""gce_instance"", ""resource_zone"": ""us-central1-a"", ""vm"": ""mooc-web""}",1938320
2026-09-27T04:42:00Z,"{""instance_name"": ""mooc-web"", ""loadbalanced"": ""false"", ""resource_instance_id"": ""1398563761166861218"", ""resource_project_id"": ""proyecto-2-cloud-509714"", ""resource_type"": ""gce_instance"", ""resource_zone"": ""us-central1-a"", ""vm"": ""mooc-web""}",1719988
2026-09-27T04:41:00Z,"{""instance_name"": ""mooc-web"", ""loadbalanced"": ""false"", ""resource_instance_id"": ""1398563761166861218"", ""resource_project_id"": ""proyecto-2-cloud-509714"", ""resource_type"": ""gce_instance"", ""resource_zone"": ""us-central1-a"", ""vm"": ""mooc-web""}",1238572
2026-09-27T04:40:00Z,"{""instance_name"": ""mooc-web"", ""loadbalanced"": ""false"", ""resource_instance_id"": ""1398563761166861218"", ""resource_project_id"": ""proyecto-2-cloud-509714"", ""resource_type"": ""gce_instance"", ""resource_zone"": ""us-central1-a"", ""vm"": ""mooc-web""}",1234726
2026-09-27T04:39:00Z,"{""instance_name"": ""mooc-web"", ""loadbalanced"": ""false"", ""resource_instance_id"": ""1398563761166861218"", ""resource_project_id"": ""proyecto-2-cloud-509714"", ""resource_type"": ""gce_instance"", ""resource_zone"": ""us-central1-a"", ""vm"": ""mooc-web""}",1230436
2026-09-27T04:38:00Z,"{""instance_name"": ""mooc-web"", ""loadbalanced"": ""false"", ""resource_instance_id"": ""1398563761166861218"", ""resource_project_id"": ""proyecto-2-cloud-509714"", ""resource_type"": ""gce_instance"", ""resource_zone"": ""us-central1-a"", ""vm"": ""mooc-web""}",1237762
2026-09-27T04:37:00Z,"{""instance_name"": ""mooc-web"", ""loadbalanced"": ""false"", ""resource_instance_id"": ""1398563761166861218"", ""resource_project_id"": ""proyecto-2-cloud-509714"", ""resource_type"": ""gce_instance"", ""resource_zone"": ""us-central1-a"", ""vm"": ""mooc-web""}",1264170
2026-09-27T04:36:00Z,"{""instance_name"": ""mooc-web"", ""loadbalanced"": ""false"", ""resource_instance_id"": ""1398563761166861218"", ""resource_project_id"": ""proyecto-2-cloud-509714"", ""resource_type"": ""gce_instance"", ""resource_zone"": ""us-central1-a"", ""vm"": ""mooc-web""}",1265734
2026-09-27T04:35:00Z,"{""instance_name"": ""mooc-web"", ""loadbalanced"": ""false"", ""resource_instance_id"": ""1398563761166861218"", ""resource_project_id"": ""proyecto-2-cloud-509714"", ""resource_type"": ""gce_instance"", ""resource_zone"": ""us-central1-a"", ""vm"": ""mooc-web""}",1260884
2026-09-27T04:34:00Z,"{""instance_name"": ""mooc-web"", ""loadbalanced"": ""false"", ""resource_instance_id"": ""1398563761166861218"", ""resource_project_id"": ""proyecto-2-cloud-509714"", ""resource_type"": ""gce_instance"", ""resource_zone"": ""us-central1-a"", ""vm"": ""mooc-web""}",1266506
2026-09-27T04:33:00Z,"{""instance_name"": ""mooc-web"", ""loadbalanced"": ""false"", ""resource_instance_id"": ""1398563761166861218"", ""resource_project_id"": ""proyecto-2-cloud-509714"", ""resource_type"": ""gce_instance"", ""resource_zone"": ""us-central1-a"", ""vm"": ""mooc-web""}",1291668
2026-09-27T04:32:00Z,"{""instance_name"": ""mooc-web"", ""loadbalanced"": ""false"", ""resource_instance_id"": ""1398563761166861218"", ""resource_project_id"": ""proyecto-2-cloud-509714"", ""resource_type"": ""gce_instance"", ""resource_zone"": ""us-central1-a"", ""vm"": ""mooc-web""}",1274646
2026-09-27T04:31:00Z,"{""instance_name"": ""mooc-web"", ""loadbalanced"": ""false"", ""resource_instance_id"": ""1398563761166861218"", ""resource_project_id"": ""proyecto-2-cloud-509714"", ""resource_type"": ""gce_instance"", ""resource_zone"": ""us-central1-a"", ""vm"": ""mooc-web""}",1275002
2026-09-27T04:30:00Z,"{""instance_name"": ""mooc-web"", ""loadbalanced"": ""false"", ""resource_instance_id"": ""1398563761166861218"", ""resource_project_id"": ""proyecto-2-cloud-509714"", ""resource_type"": ""gce_instance"", ""resource_zone"": ""us-central1-a"", ""vm"": ""mooc-web""}",1277442
2026-09-27T04:29:00Z,"{""instance_name"": ""mooc-web"", ""loadbalanced"": ""false"", ""resource_instance_id"": ""1398563761166861218"", ""resource_project_id"": ""proyecto-2-cloud-509714"", ""resource_type"": ""gce_instance"", ""resource_zone"": ""us-central1-a"", ""vm"": ""mooc-web""}",1278123
2026-09-27T04:28:00Z,"{""instance_name"": ""mooc-web"", ""loadbalanced"": ""false"", ""resource_instance_id"": ""1398563761166861218"", ""resource_project_id"": ""proyecto-2-cloud-509714"", ""resource_type"": ""gce_instance"", ""resource_zone"": ""us-central1-a"", ""vm"": ""mooc-web""}",1269492
2026-09-27T04:27:00Z,"{""instance_name"": ""mooc-web"", ""loadbalanced"": ""false"", ""resource_instance_id"": ""1398563761166861218"", ""resource_project_id"": ""proyecto-2-cloud-509714"", ""resource_type"": ""gce_instance"", ""resource_zone"": ""us-central1-a"", ""vm"": ""mooc-web""}",1095894
2026-09-27T04:26:00Z,"{""instance_name"": ""mooc-web"", ""loadbalanced"": ""false"", ""resource_instance_id"": ""1398563761166861218"", ""resource_project_id"": ""proyecto-2-cloud-509714"", ""resource_type"": ""gce_instance"", ""resource_zone"": ""us-central1-a"", ""vm"": ""mooc-web""}",1094584
2026-09-27T04:25:00Z,"{""instance_name"": ""mooc-web"", ""loadbalanced"": ""false"", ""resource_instance_id"": ""1398563761166861218"", ""resource_project_id"": ""proyecto-2-cloud-509714"", ""resource_type"": ""gce_instance"", ""resource_zone"": ""us-central1-a"", ""vm"": ""mooc-web""}",1105525
2026-09-27T04:24:00Z,"{""instance_name"": ""mooc-web"", ""loadbalanced"": ""false"", ""resource_instance_id"": ""1398563761166861218"", ""resource_project_id"": ""proyecto-2-cloud-509714"", ""resource_type"": ""gce_instance"", ""resource_zone"": ""us-central1-a"", ""vm"": ""mooc-web""}",2527042
2026-09-27T04:23:00Z,"{""instance_name"": ""mooc-web"", ""loadbalanced"": ""false"", ""resource_instance_id"": ""1398563761166861218"", ""resource_project_id"": ""proyecto-2-cloud-509714"", ""resource_type"": ""gce_instance"", ""resource_zone"": ""us-central1-a"", ""vm"": ""mooc-web""}",21234852
2026-09-27T04:22:00Z,"{""instance_name"": ""mooc-web"", ""loadbalanced"": ""false"", ""resource_instance_id"": ""1398563761166861218"", ""resource_project_id"": ""proyecto-2-cloud-509714"", ""resource_type"": ""gce_instance"", ""resource_zone"": ""us-central1-a"", ""vm"": ""mooc-web""}",1071426
2026-09-27T04:21:00Z,"{""instance_name"": ""mooc-web"", ""loadbalanced"": ""false"", ""resource_instance_id"": ""1398563761166861218"", ""resource_project_id"": ""proyecto-2-cloud-509714"", ""resource_type"": ""gce_instance"", ""resource_zone"": ""us-central1-a"", ""vm"": ""mooc-web""}",1080211
2026-09-27T04:20:00Z,"{""instance_name"": ""mooc-web"", ""loadbalanced"": ""false"", ""resource_instance_id"": ""1398563761166861218"", ""resource_project_id"": ""proyecto-2-cloud-509714"", ""resource_type"": ""gce_instance"", ""resource_zone"": ""us-central1-a"", ""vm"": ""mooc-web""}",1175709
2026-09-27T04:19:00Z,"{""instance_name"": ""mooc-web"", ""loadbalanced"": ""false"", ""resource_instance_id"": ""1398563761166861218"", ""resource_project_id"": ""proyecto-2-cloud-509714"", ""resource_type"": ""gce_instance"", ""resource_zone"": ""us-central1-a"", ""vm"": ""mooc-web""}",1071111
2026-09-27T04:18:00Z,"{""instance_name"": ""mooc-web"", ""loadbalanced"": ""false"", ""resource_instance_id"": ""1398563761166861218"", ""resource_project_id"": ""proyecto-2-cloud-509714"", ""resource_type"": ""gce_instance"", ""resource_zone"": ""us-central1-a"", ""vm"": ""mooc-web""}",1070474
2026-09-27T04:17:00Z,"{""instance_name"": ""mooc-web"", ""loadbalanced"": ""false"", ""resource_instance_id"": ""1398563761166861218"", ""resource_project_id"": ""proyecto-2-cloud-509714"", ""resource_type"": ""gce_instance"", ""resource_zone"": ""us-central1-a"", ""vm"": ""mooc-web""}",1071159
2026-09-27T04:16:00Z,"{""instance_name"": ""mooc-web"", ""loadbalanced"": ""false"", ""resource_instance_id"": ""1398563761166861218"", ""resource_project_id"": ""proyecto-2-cloud-509714"", ""resource_type"": ""gce_instance"", ""resource_zone"": ""us-central1-a"", ""vm"": ""mooc-web""}",1071334
2026-09-27T04:15:00Z,"{""instance_name"": ""mooc-web"", ""loadbalanced"": ""false"", ""resource_instance_id"": ""1398563761166861218"", ""resource_project_id"": ""proyecto-2-cloud-509714"", ""resource_type"": ""gce_instance"", ""resource_zone"": ""us-central1-a"", ""vm"": ""mooc-web""}",1080162
2026-09-27T04:14:00Z,"{""instance_name"": ""mooc-web"", ""loadbalanced"": ""false"", ""resource_instance_id"": ""1398563761166861218"", ""resource_project_id"": ""proyecto-2-cloud-509714"", ""resource_type"": ""gce_instance"", ""resource_zone"": ""us-central1-a"", ""vm"": ""mooc-web""}",1089063
2026-09-27T04:13:00Z,"{""instance_name"": ""mooc-web"", ""loadbalanced"": ""false"", ""resource_instance_id"": ""1398563761166861218"", ""resource_project_id"": ""proyecto-2-cloud-509714"", ""resource_type"": ""gce_instance"", ""resource_zone"": ""us-central1-a"", ""vm"": ""mooc-web""}",1094809
2026-09-27T04:12:00Z,"{""instance_name"": ""mooc-web"", ""loadbalanced"": ""false"", ""resource_instance_id"": ""1398563761166861218"", ""resource_project_id"": ""proyecto-2-cloud-509714"", ""resource_type"": ""gce_instance"", ""resource_zone"": ""us-central1-a"", ""vm"": ""mooc-web""}",1189508
2026-09-27T04:11:00Z,"{""instance_name"": ""mooc-web"", ""loadbalanced"": ""false"", ""resource_instance_id"": ""1398563761166861218"", ""resource_project_id"": ""proyecto-2-cloud-509714"", ""resource_type"": ""gce_instance"", ""resource_zone"": ""us-central1-a"", ""vm"": ""mooc-web""}",1173380
2026-09-27T04:10:00Z,"{""instance_name"": ""mooc-web"", ""loadbalanced"": ""false"", ""resource_instance_id"": ""1398563761166861218"", ""resource_project_id"": ""proyecto-2-cloud-509714"", ""resource_type"": ""gce_instance"", ""resource_zone"": ""us-central1-a"", ""vm"": ""mooc-web""}",1101617
2026-09-27T04:09:00Z,"{""instance_name"": ""mooc-web"", ""loadbalanced"": ""false"", ""resource_instance_id"": ""1398563761166861218"", ""resource_project_id"": ""proyecto-2-cloud-509714"", ""resource_type"": ""gce_instance"", ""resource_zone"": ""us-central1-a"", ""vm"": ""mooc-web""}",1039544
2026-09-27T04:08:00Z,"{""instance_name"": ""mooc-web"", ""loadbalanced"": ""false"", ""resource_instance_id"": ""1398563761166861218"", ""resource_project_id"": ""proyecto-2-cloud-509714"", ""resource_type"": ""gce_instance"", ""resource_zone"": ""us-central1-a"", ""vm"": ""mooc-web""}",1038503
2026-09-27T04:07:00Z,"{""instance_name"": ""mooc-web"", ""loadbalanced"": ""false"", ""resource_instance_id"": ""1398563761166861218"", ""resource_project_id"": ""proyecto-2-cloud-509714"", ""resource_type"": ""gce_instance"", ""resource_zone"": ""us-central1-a"", ""vm"": ""mooc-web""}",1061964
2026-09-27T04:06:00Z,"{""instance_name"": ""mooc-web"", ""loadbalanced"": ""false"", ""resource_instance_id"": ""1398563761166861218"", ""resource_project_id"": ""proyecto-2-cloud-509714"", ""resource_type"": ""gce_instance"", ""resource_zone"": ""us-central1-a"", ""vm"": ""mooc-web""}",2271122
2026-09-27T04:05:00Z,"{""instance_name"": ""mooc-web"", ""loadbalanced"": ""false"", ""resource_instance_id"": ""1398563761166861218"", ""resource_project_id"": ""proyecto-2-cloud-509714"", ""resource_type"": ""gce_instance"", ""resource_zone"": ""us-central1-a"", ""vm"": ""mooc-web""}",15039100
2026-09-27T04:04:00Z,"{""instance_name"": ""mooc-web"", ""loadbalanced"": ""false"", ""resource_instance_id"": ""1398563761166861218"", ""resource_project_id"": ""proyecto-2-cloud-509714"", ""resource_type"": ""gce_instance"", ""resource_zone"": ""us-central1-a"", ""vm"": ""mooc-web""}",7409438
2026-09-27T04:03:00Z,"{""instance_name"": ""mooc-web"", ""loadbalanced"": ""false"", ""resource_instance_id"": ""1398563761166861218"", ""resource_project_id"": ""proyecto-2-cloud-509714"", ""resource_type"": ""gce_instance"", ""resource_zone"": ""us-central1-a"", ""vm"": ""mooc-web""}",1070136
2026-09-27T04:02:00Z,"{""instance_name"": ""mooc-web"", ""loadbalanced"": ""false"", ""resource_instance_id"": ""1398563761166861218"", ""resource_project_id"": ""proyecto-2-cloud-509714"", ""resource_type"": ""gce_instance"", ""resource_zone"": ""us-central1-a"", ""vm"": ""mooc-web""}",1047251
2026-09-27T04:01:00Z,"{""instance_name"": ""mooc-web"", ""loadbalanced"": ""false"", ""resource_instance_id"": ""1398563761166861218"", ""resource_project_id"": ""proyecto-2-cloud-509714"", ""resource_type"": ""gce_instance"", ""resource_zone"": ""us-central1-a"", ""vm"": ""mooc-web""}",1045981
2026-09-27T04:00:00Z,"{""instance_name"": ""mooc-web"", ""loadbalanced"": ""false"", ""resource_instance_id"": ""1398563761166861218"", ""resource_project_id"": ""proyecto-2-cloud-509714"", ""resource_type"": ""gce_instance"", ""resource_zone"": ""us-central1-a"", ""vm"": ""mooc-web""}",1042284
2026-09-27T03:59:00Z,"{""instance_name"": ""mooc-web"", ""loadbalanced"": ""false"", ""resource_instance_id"": ""1398563761166861218"", ""resource_project_id"": ""proyecto-2-cloud-509714"", ""resource_type"": ""gce_instance"", ""resource_zone"": ""us-central1-a"", ""vm"": ""mooc-web""}",1044183
2026-09-27T03:58:00Z,"{""instance_name"": ""mooc-web"", ""loadbalanced"": ""false"", ""resource_instance_id"": ""1398563761166861218"", ""resource_project_id"": ""proyecto-2-cloud-509714"", ""resource_type"": ""gce_instance"", ""resource_zone"": ""us-central1-a"", ""vm"": ""mooc-web""}",1040491
2026-09-27T03:57:00Z,"{""instance_name"": ""mooc-web"", ""loadbalanced"": ""false"", ""resource_instance_id"": ""1398563761166861218"", ""resource_project_id"": ""proyecto-2-cloud-509714"", ""resource_type"": ""gce_instance"", ""resource_zone"": ""us-central1-a"", ""vm"": ""mooc-web""}",1038887
2026-09-27T03:56:00Z,"{""instance_name"": ""mooc-web"", ""loadbalanced"": ""false"", ""resource_instance_id"": ""1398563761166861218"", ""resource_project_id"": ""proyecto-2-cloud-509714"", ""resource_type"": ""gce_instance"", ""resource_zone"": ""us-central1-a"", ""vm"": ""mooc-web""}",1039016
2026-09-27T03:55:00Z,"{""instance_name"": ""mooc-web"", ""loadbalanced"": ""false"", ""resource_instance_id"": ""1398563761166861218"", ""resource_project_id"": ""proyecto-2-cloud-509714"", ""resource_type"": ""gce_instance"", ""resource_zone"": ""us-central1-a"", ""vm"": ""mooc-web""}",1038965
2026-09-27T03:54:00Z,"{""instance_name"": ""mooc-web"", ""loadbalanced"": ""false"", ""resource_instance_id"": ""1398563761166861218"", ""resource_project_id"": ""proyecto-2-cloud-509714"", ""resource_type"": ""gce_instance"", ""resource_zone"": ""us-central1-a"", ""vm"": ""mooc-web""}",1056432
2026-09-27T03:53:00Z,"{""instance_name"": ""mooc-web"", ""loadbalanced"": ""false"", ""resource_instance_id"": ""1398563761166861218"", ""resource_project_id"": ""proyecto-2-cloud-509714"", ""resource_type"": ""gce_instance"", ""resource_zone"": ""us-central1-a"", ""vm"": ""mooc-web""}",1094446
2026-09-27T03:52:00Z,"{""instance_name"": ""mooc-web"", ""loadbalanced"": ""false"", ""resource_instance_id"": ""1398563761166861218"", ""resource_project_id"": ""proyecto-2-cloud-509714"", ""resource_type"": ""gce_instance"", ""resource_zone"": ""us-central1-a"", ""vm"": ""mooc-web""}",1601008
2026-09-27T03:51:00Z,"{""instance_name"": ""mooc-web"", ""loadbalanced"": ""false"", ""resource_instance_id"": ""1398563761166861218"", ""resource_project_id"": ""proyecto-2-cloud-509714"", ""resource_type"": ""gce_instance"", ""resource_zone"": ""us-central1-a"", ""vm"": ""mooc-web""}",1173266
2026-09-27T03:50:00Z,"{""instance_name"": ""mooc-web"", ""loadbalanced"": ""false"", ""resource_instance_id"": ""1398563761166861218"", ""resource_project_id"": ""proyecto-2-cloud-509714"", ""resource_type"": ""gce_instance"", ""resource_zone"": ""us-central1-a"", ""vm"": ""mooc-web""}",1106022
2026-09-27T03:49:00Z,"{""instance_name"": ""mooc-web"", ""loadbalanced"": ""false"", ""resource_instance_id"": ""1398563761166861218"", ""resource_project_id"": ""proyecto-2-cloud-509714"", ""resource_type"": ""gce_instance"", ""resource_zone"": ""us-central1-a"", ""vm"": ""mooc-web""}",1050589
2026-09-27T03:48:00Z,"{""instance_name"": ""mooc-web"", ""loadbalanced"": ""false"", ""resource_instance_id"": ""1398563761166861218"", ""resource_project_id"": ""proyecto-2-cloud-509714"", ""resource_type"": ""gce_instance"", ""resource_zone"": ""us-central1-a"", ""vm"": ""mooc-web""}",1108663
2026-09-27T03:47:00Z,"{""instance_name"": ""mooc-web"", ""loadbalanced"": ""false"", ""resource_instance_id"": ""1398563761166861218"", ""resource_project_id"": ""proyecto-2-cloud-509714"", ""resource_type"": ""gce_instance"", ""resource_zone"": ""us-central1-a"", ""vm"": ""mooc-web""}",1792240
2026-09-27T03:46:00Z,"{""instance_name"": ""mooc-web"", ""loadbalanced"": ""false"", ""resource_instance_id"": ""1398563761166861218"", ""resource_project_id"": ""proyecto-2-cloud-509714"", ""resource_type"": ""gce_instance"", ""resource_zone"": ""us-central1-a"", ""vm"": ""mooc-web""}",1657104
2026-09-27T03:45:00Z,"{""instance_name"": ""mooc-web"", ""loadbalanced"": ""false"", ""resource_instance_id"": ""1398563761166861218"", ""resource_project_id"": ""proyecto-2-cloud-509714"", ""resource_type"": ""gce_instance"", ""resource_zone"": ""us-central1-a"", ""vm"": ""mooc-web""}",1694890
2026-09-27T03:44:00Z,"{""instance_name"": ""mooc-web"", ""loadbalanced"": ""false"", ""resource_instance_id"": ""1398563761166861218"", ""resource_project_id"": ""proyecto-2-cloud-509714"", ""resource_type"": ""gce_instance"", ""resource_zone"": ""us-central1-a"", ""vm"": ""mooc-web""}",3329938
2026-09-27T03:43:00Z,"{""instance_name"": ""mooc-web"", ""loadbalanced"": ""false"", ""resource_instance_id"": ""1398563761166861218"", ""resource_project_id"": ""proyecto-2-cloud-509714"", ""resource_type"": ""gce_instance"", ""resource_zone"": ""us-central1-a"", ""vm"": ""mooc-web""}",5646939
2026-09-27T03:42:00Z,"{""instance_name"": ""mooc-web"", ""loadbalanced"": ""false"", ""resource_instance_id"": ""1398563761166861218"", ""resource_project_id"": ""proyecto-2-cloud-509714"", ""resource_type"": ""gce_instance"", ""resource_zone"": ""us-central1-a"", ""vm"": ""mooc-web""}",9230546
2026-09-27T03:41:00Z,"{""instance_name"": ""mooc-web"", ""loadbalanced"": ""false"", ""resource_instance_id"": ""1398563761166861218"", ""resource_project_id"": ""proyecto-2-cloud-509714"", ""resource_type"": ""gce_instance"", ""resource_zone"": ""us-central1-a"", ""vm"": ""mooc-web""}",11079981
2026-09-27T03:40:00Z,"{""instance_name"": ""mooc-web"", ""loadbalanced"": ""false"", ""resource_instance_id"": ""1398563761166861218"", ""resource_project_id"": ""proyecto-2-cloud-509714"", ""resource_type"": ""gce_instance"", ""resource_zone"": ""us-central1-a"", ""vm"": ""mooc-web""}",10812121
2026-09-27T03:39:00Z,"{""instance_name"": ""mooc-web"", ""loadbalanced"": ""false"", ""resource_instance_id"": ""1398563761166861218"", ""resource_project_id"": ""proyecto-2-cloud-509714"", ""resource_type"": ""gce_instance"", ""resource_zone"": ""us-central1-a"", ""vm"": ""mooc-web""}",9147034
2026-09-27T03:38:00Z,"{""instance_name"": ""mooc-web"", ""loadbalanced"": ""false"", ""resource_instance_id"": ""1398563761166861218"", ""resource_project_id"": ""proyecto-2-cloud-509714"", ""resource_type"": ""gce_instance"", ""resource_zone"": ""us-central1-a"", ""vm"": ""mooc-web""}",6675182
2026-09-27T03:37:00Z,"{""instance_name"": ""mooc-web"", ""loadbalanced"": ""false"", ""resource_instance_id"": ""1398563761166861218"", ""resource_project_id"": ""proyecto-2-cloud-509714"", ""resource_type"": ""gce_instance"", ""resource_zone"": ""us-central1-a"", ""vm"": ""mooc-web""}",13063089
2026-09-27T03:36:00Z,"{""instance_name"": ""mooc-web"", ""loadbalanced"": ""false"", ""resource_instance_id"": ""1398563761166861218"", ""resource_project_id"": ""proyecto-2-cloud-509714"", ""resource_type"": ""gce_instance"", ""resource_zone"": ""us-central1-a"", ""vm"": ""mooc-web""}",16216082
2026-09-27T03:35:00Z,"{""instance_name"": ""mooc-web"", ""loadbalanced"": ""false"", ""resource_instance_id"": ""1398563761166861218"", ""resource_project_id"": ""proyecto-2-cloud-509714"", ""resource_type"": ""gce_instance"", ""resource_zone"": ""us-central1-a"", ""vm"": ""mooc-web""}",16482103
2026-09-27T03:34:00Z,"{""instance_name"": ""mooc-web"", ""loadbalanced"": ""false"", ""resource_instance_id"": ""1398563761166861218"", ""resource_project_id"": ""proyecto-2-cloud-509714"", ""resource_type"": ""gce_instance"", ""resource_zone"": ""us-central1-a"", ""vm"": ""mooc-web""}",13168536
2026-09-27T03:33:00Z,"{""instance_name"": ""mooc-web"", ""loadbalanced"": ""false"", ""resource_instance_id"": ""1398563761166861218"", ""resource_project_id"": ""proyecto-2-cloud-509714"", ""resource_type"": ""gce_instance"", ""resource_zone"": ""us-central1-a"", ""vm"": ""mooc-web""}",6636027
2026-09-27T03:32:00Z,"{""instance_name"": ""mooc-web"", ""loadbalanced"": ""false"", ""resource_instance_id"": ""1398563761166861218"", ""resource_project_id"": ""proyecto-2-cloud-509714"", ""resource_type"": ""gce_instance"", ""resource_zone"": ""us-central1-a"", ""vm"": ""mooc-web""}",8634310
2026-09-27T03:31:00Z,"{""instance_name"": ""mooc-web"", ""loadbalanced"": ""false"", ""resource_instance_id"": ""1398563761166861218"", ""resource_project_id"": ""proyecto-2-cloud-509714"", ""resource_type"": ""gce_instance"", ""resource_zone"": ""us-central1-a"", ""vm"": ""mooc-web""}",11319634
2026-09-27T03:30:00Z,"{""instance_name"": ""mooc-web"", ""loadbalanced"": ""false"", ""resource_instance_id"": ""1398563761166861218"", ""resource_project_id"": ""proyecto-2-cloud-509714"", ""resource_type"": ""gce_instance"", ""resource_zone"": ""us-central1-a"", ""vm"": ""mooc-web""}",10671839
2026-09-27T03:29:00Z,"{""instance_name"": ""mooc-web"", ""loadbalanced"": ""false"", ""resource_instance_id"": ""1398563761166861218"", ""resource_project_id"": ""proyecto-2-cloud-509714"", ""resource_type"": ""gce_instance"", ""resource_zone"": ""us-central1-a"", ""vm"": ""mooc-web""}",9600806
2026-09-27T03:28:00Z,"{""instance_name"": ""mooc-web"", ""loadbalanced"": ""false"", ""resource_instance_id"": ""1398563761166861218"", ""resource_project_id"": ""proyecto-2-cloud-509714"", ""resource_type"": ""gce_instance"", ""resource_zone"": ""us-central1-a"", ""vm"": ""mooc-web""}",5637302
2026-09-27T03:27:00Z,"{""instance_name"": ""mooc-web"", ""loadbalanced"": ""false"", ""resource_instance_id"": ""1398563761166861218"", ""resource_project_id"": ""proyecto-2-cloud-509714"", ""resource_type"": ""gce_instance"", ""resource_zone"": ""us-central1-a"", ""vm"": ""mooc-web""}",5600579
2026-09-27T03:26:00Z,"{""instance_name"": ""mooc-web"", ""loadbalanced"": ""false"", ""resource_instance_id"": ""1398563761166861218"", ""resource_project_id"": ""proyecto-2-cloud-509714"", ""resource_type"": ""gce_instance"", ""resource_zone"": ""us-central1-a"", ""vm"": ""mooc-web""}",6087243
2026-09-27T03:25:00Z,"{""instance_name"": ""mooc-web"", ""loadbalanced"": ""false"", ""resource_instance_id"": ""1398563761166861218"", ""resource_project_id"": ""proyecto-2-cloud-509714"", ""resource_type"": ""gce_instance"", ""resource_zone"": ""us-central1-a"", ""vm"": ""mooc-web""}",6071238
2026-09-27T03:24:00Z,"{""instance_name"": ""mooc-web"", ""loadbalanced"": ""false"", ""resource_instance_id"": ""1398563761166861218"", ""resource_project_id"": ""proyecto-2-cloud-509714"", ""resource_type"": ""gce_instance"", ""resource_zone"": ""us-central1-a"", ""vm"": ""mooc-web""}",5607410
2026-09-27T03:23:00Z,"{""instance_name"": ""mooc-web"", ""loadbalanced"": ""false"", ""resource_instance_id"": ""1398563761166861218"", ""resource_project_id"": ""proyecto-2-cloud-509714"", ""resource_type"": ""gce_instance"", ""resource_zone"": ""us-central1-a"", ""vm"": ""mooc-web""}",5739187
2026-09-27T03:22:00Z,"{""instance_name"": ""mooc-web"", ""loadbalanced"": ""false"", ""resource_instance_id"": ""1398563761166861218"", ""resource_project_id"": ""proyecto-2-cloud-509714"", ""resource_type"": ""gce_instance"", ""resource_zone"": ""us-central1-a"", ""vm"": ""mooc-web""}",3156709
2026-09-27T03:21:00Z,"{""instance_name"": ""mooc-web"", ""loadbalanced"": ""false"", ""resource_instance_id"": ""1398563761166861218"", ""resource_project_id"": ""proyecto-2-cloud-509714"", ""resource_type"": ""gce_instance"", ""resource_zone"": ""us-central1-a"", ""vm"": ""mooc-web""}",3628440
2026-09-27T03:20:00Z,"{""instance_name"": ""mooc-web"", ""loadbalanced"": ""false"", ""resource_instance_id"": ""1398563761166861218"", ""resource_project_id"": ""proyecto-2-cloud-509714"", ""resource_type"": ""gce_instance"", ""resource_zone"": ""us-central1-a"", ""vm"": ""mooc-web""}",3501848
2026-09-27T03:19:00Z,"{""instance_name"": ""mooc-web"", ""loadbalanced"": ""false"", ""resource_instance_id"": ""1398563761166861218"", ""resource_project_id"": ""proyecto-2-cloud-509714"", ""resource_type"": ""gce_instance"", ""resource_zone"": ""us-central1-a"", ""vm"": ""mooc-web""}",3392704
2026-09-27T03:18:00Z,"{""instance_name"": ""mooc-web"", ""loadbalanced"": ""false"", ""resource_instance_id"": ""1398563761166861218"", ""resource_project_id"": ""proyecto-2-cloud-509714"", ""resource_type"": ""gce_instance"", ""resource_zone"": ""us-central1-a"", ""vm"": ""mooc-web""}",5657307
2026-09-27T03:17:00Z,"{""instance_name"": ""mooc-web"", ""loadbalanced"": ""false"", ""resource_instance_id"": ""1398563761166861218"", ""resource_project_id"": ""proyecto-2-cloud-509714"", ""resource_type"": ""gce_instance"", ""resource_zone"": ""us-central1-a"", ""vm"": ""mooc-web""}",1475044
2026-09-27T03:16:00Z,"{""instance_name"": ""mooc-web"", ""loadbalanced"": ""false"", ""resource_instance_id"": ""1398563761166861218"", ""resource_project_id"": ""proyecto-2-cloud-509714"", ""resource_type"": ""gce_instance"", ""resource_zone"": ""us-central1-a"", ""vm"": ""mooc-web""}",2128837
2026-09-27T03:15:00Z,"{""instance_name"": ""mooc-web"", ""loadbalanced"": ""false"", ""resource_instance_id"": ""1398563761166861218"", ""resource_project_id"": ""proyecto-2-cloud-509714"", ""resource_type"": ""gce_instance"", ""resource_zone"": ""us-central1-a"", ""vm"": ""mooc-web""}",2122627
2026-09-27T03:14:00Z,"{""instance_name"": ""mooc-web"", ""loadbalanced"": ""false"", ""resource_instance_id"": ""1398563761166861218"", ""resource_project_id"": ""proyecto-2-cloud-509714"", ""resource_type"": ""gce_instance"", ""resource_zone"": ""us-central1-a"", ""vm"": ""mooc-web""}",4697707
2026-09-27T03:13:00Z,"{""instance_name"": ""mooc-web"", ""loadbalanced"": ""false"", ""resource_instance_id"": ""1398563761166861218"", ""resource_project_id"": ""proyecto-2-cloud-509714"", ""resource_type"": ""gce_instance"", ""resource_zone"": ""us-central1-a"", ""vm"": ""mooc-web""}",2357009
2026-09-27T03:12:00Z,"{""instance_name"": ""mooc-web"", ""loadbalanced"": ""false"", ""resource_instance_id"": ""1398563761166861218"", ""resource_project_id"": ""proyecto-2-cloud-509714"", ""resource_type"": ""gce_instance"", ""resource_zone"": ""us-central1-a"", ""vm"": ""mooc-web""}",1255450
2026-09-27T03:11:00Z,"{""instance_name"": ""mooc-web"", ""loadbalanced"": ""false"", ""resource_instance_id"": ""1398563761166861218"", ""resource_project_id"": ""proyecto-2-cloud-509714"", ""resource_type"": ""gce_instance"", ""resource_zone"": ""us-central1-a"", ""vm"": ""mooc-web""}",1309575
2026-09-27T03:10:00Z,"{""instance_name"": ""mooc-web"", ""loadbalanced"": ""false"", ""resource_instance_id"": ""1398563761166861218"", ""resource_project_id"": ""proyecto-2-cloud-509714"", ""resource_type"": ""gce_instance"", ""resource_zone"": ""us-central1-a"", ""vm"": ""mooc-web""}",2007625
2026-09-27T03:09:00Z,"{""instance_name"": ""mooc-web"", ""loadbalanced"": ""false"", ""resource_instance_id"": ""1398563761166861218"", ""resource_project_id"": ""proyecto-2-cloud-509714"", ""resource_type"": ""gce_instance"", ""resource_zone"": ""us-central1-a"", ""vm"": ""mooc-web""}",2214747
2026-09-27T03:08:00Z,"{""instance_name"": ""mooc-web"", ""loadbalanced"": ""false"", ""resource_instance_id"": ""1398563761166861218"", ""resource_project_id"": ""proyecto-2-cloud-509714"", ""resource_type"": ""gce_instance"", ""resource_zone"": ""us-central1-a"", ""vm"": ""mooc-web""}",4464442
2026-09-27T03:07:00Z,"{""instance_name"": ""mooc-web"", ""loadbalanced"": ""false"", ""resource_instance_id"": ""1398563761166861218"", ""resource_project_id"": ""proyecto-2-cloud-509714"", ""resource_type"": ""gce_instance"", ""resource_zone"": ""us-central1-a"", ""vm"": ""mooc-web""}",4876004
2026-09-27T03:06:00Z,"{""instance_name"": ""mooc-web"", ""loadbalanced"": ""false"", ""resource_instance_id"": ""1398563761166861218"", ""resource_project_id"": ""proyecto-2-cloud-509714"", ""resource_type"": ""gce_instance"", ""resource_zone"": ""us-central1-a"", ""vm"": ""mooc-web""}",1183681
2026-09-27T03:05:00Z,"{""instance_name"": ""mooc-web"", ""loadbalanced"": ""false"", ""resource_instance_id"": ""1398563761166861218"", ""resource_project_id"": ""proyecto-2-cloud-509714"", ""resource_type"": ""gce_instance"", ""resource_zone"": ""us-central1-a"", ""vm"": ""mooc-web""}",1199623
2026-09-27T03:04:00Z,"{""instance_name"": ""mooc-web"", ""loadbalanced"": ""false"", ""resource_instance_id"": ""1398563761166861218"", ""resource_project_id"": ""proyecto-2-cloud-509714"", ""resource_type"": ""gce_instance"", ""resource_zone"": ""us-central1-a"", ""vm"": ""mooc-web""}",1240478
2026-09-27T03:03:00Z,"{""instance_name"": ""mooc-web"", ""loadbalanced"": ""false"", ""resource_instance_id"": ""1398563761166861218"", ""resource_project_id"": ""proyecto-2-cloud-509714"", ""resource_type"": ""gce_instance"", ""resource_zone"": ""us-central1-a"", ""vm"": ""mooc-web""}",1898349
2026-09-27T03:02:00Z,"{""instance_name"": ""mooc-web"", ""loadbalanced"": ""false"", ""resource_instance_id"": ""1398563761166861218"", ""resource_project_id"": ""proyecto-2-cloud-509714"", ""resource_type"": ""gce_instance"", ""resource_zone"": ""us-central1-a"", ""vm"": ""mooc-web""}",2598152
2026-09-27T03:01:00Z,"{""instance_name"": ""mooc-web"", ""loadbalanced"": ""false"", ""resource_instance_id"": ""1398563761166861218"", ""resource_project_id"": ""proyecto-2-cloud-509714"", ""resource_type"": ""gce_instance"", ""resource_zone"": ""us-central1-a"", ""vm"": ""mooc-web""}",2622194
2026-09-27T03:00:00Z,"{""instance_name"": ""mooc-web"", ""loadbalanced"": ""false"", ""resource_instance_id"": ""1398563761166861218"", ""resource_project_id"": ""proyecto-2-cloud-509714"", ""resource_type"": ""gce_instance"", ""resource_zone"": ""us-central1-a"", ""vm"": ""mooc-web""}",3266560
2026-09-27T02:59:00Z,"{""instance_name"": ""mooc-web"", ""loadbalanced"": ""false"", ""resource_instance_id"": ""1398563761166861218"", ""resource_project_id"": ""proyecto-2-cloud-509714"", ""resource_type"": ""gce_instance"", ""resource_zone"": ""us-central1-a"", ""vm"": ""mooc-web""}",2527777
2026-09-27T02:58:00Z,"{""instance_name"": ""mooc-web"", ""loadbalanced"": ""false"", ""resource_instance_id"": ""1398563761166861218"", ""resource_project_id"": ""proyecto-2-cloud-509714"", ""resource_type"": ""gce_instance"", ""resource_zone"": ""us-central1-a"", ""vm"": ""mooc-web""}",1614902
2026-09-27T02:57:00Z,"{""instance_name"": ""mooc-web"", ""loadbalanced"": ""false"", ""resource_instance_id"": ""1398563761166861218"", ""resource_project_id"": ""proyecto-2-cloud-509714"", ""resource_type"": ""gce_instance"", ""resource_zone"": ""us-central1-a"", ""vm"": ""mooc-web""}",1131415
2026-09-27T02:56:00Z,"{""instance_name"": ""mooc-web"", ""loadbalanced"": ""false"", ""resource_instance_id"": ""1398563761166861218"", ""resource_project_id"": ""proyecto-2-cloud-509714"", ""resource_type"": ""gce_instance"", ""resource_zone"": ""us-central1-a"", ""vm"": ""mooc-web""}",1163119
2026-09-27T02:55:00Z,"{""instance_name"": ""mooc-web"", ""loadbalanced"": ""false"", ""resource_instance_id"": ""1398563761166861218"", ""resource_project_id"": ""proyecto-2-cloud-509714"", ""resource_type"": ""gce_instance"", ""resource_zone"": ""us-central1-a"", ""vm"": ""mooc-web""}",1720734
2026-09-27T02:54:00Z,"{""instance_name"": ""mooc-web"", ""loadbalanced"": ""false"", ""resource_instance_id"": ""1398563761166861218"", ""resource_project_id"": ""proyecto-2-cloud-509714"", ""resource_type"": ""gce_instance"", ""resource_zone"": ""us-central1-a"", ""vm"": ""mooc-web""}",2766188
2026-09-27T02:53:00Z,"{""instance_name"": ""mooc-web"", ""loadbalanced"": ""false"", ""resource_instance_id"": ""1398563761166861218"", ""resource_project_id"": ""proyecto-2-cloud-509714"", ""resource_type"": ""gce_instance"", ""resource_zone"": ""us-central1-a"", ""vm"": ""mooc-web""}",1722752
2026-09-27T02:52:00Z,"{""instance_name"": ""mooc-web"", ""loadbalanced"": ""false"", ""resource_instance_id"": ""1398563761166861218"", ""resource_project_id"": ""proyecto-2-cloud-509714"", ""resource_type"": ""gce_instance"", ""resource_zone"": ""us-central1-a"", ""vm"": ""mooc-web""}",1198660
2026-09-27T02:51:00Z,"{""instance_name"": ""mooc-web"", ""loadbalanced"": ""false"", ""resource_instance_id"": ""1398563761166861218"", ""resource_project_id"": ""proyecto-2-cloud-509714"", ""resource_type"": ""gce_instance"", ""resource_zone"": ""us-central1-a"", ""vm"": ""mooc-web""}",2308715
2026-09-27T02:50:00Z,"{""instance_name"": ""mooc-web"", ""loadbalanced"": ""false"", ""resource_instance_id"": ""1398563761166861218"", ""resource_project_id"": ""proyecto-2-cloud-509714"", ""resource_type"": ""gce_instance"", ""resource_zone"": ""us-central1-a"", ""vm"": ""mooc-web""}",1426392
2026-09-27T02:49:00Z,"{""instance_name"": ""mooc-web"", ""loadbalanced"": ""false"", ""resource_instance_id"": ""1398563761166861218"", ""resource_project_id"": ""proyecto-2-cloud-509714"", ""resource_type"": ""gce_instance"", ""resource_zone"": ""us-central1-a"", ""vm"": ""mooc-web""}",1137443
2026-09-27T02:48:00Z,"{""instance_name"": ""mooc-web"", ""loadbalanced"": ""false"", ""resource_instance_id"": ""1398563761166861218"", ""resource_project_id"": ""proyecto-2-cloud-509714"", ""resource_type"": ""gce_instance"", ""resource_zone"": ""us-central1-a"", ""vm"": ""mooc-web""}",1376181
2026-09-27T02:47:00Z,"{""instance_name"": ""mooc-web"", ""loadbalanced"": ""false"", ""resource_instance_id"": ""1398563761166861218"", ""resource_project_id"": ""proyecto-2-cloud-509714"", ""resource_type"": ""gce_instance"", ""resource_zone"": ""us-central1-a"", ""vm"": ""mooc-web""}",1309832
2026-09-27T02:46:00Z,"{""instance_name"": ""mooc-web"", ""loadbalanced"": ""false"", ""resource_instance_id"": ""1398563761166861218"", ""resource_project_id"": ""proyecto-2-cloud-509714"", ""resource_type"": ""gce_instance"", ""resource_zone"": ""us-central1-a"", ""vm"": ""mooc-web""}",2284559
2026-09-27T02:45:00Z,"{""instance_name"": ""mooc-web"", ""loadbalanced"": ""false"", ""resource_instance_id"": ""1398563761166861218"", ""resource_project_id"": ""proyecto-2-cloud-509714"", ""resource_type"": ""gce_instance"", ""resource_zone"": ""us-central1-a"", ""vm"": ""mooc-web""}",1115567
2026-09-27T02:44:00Z,"{""instance_name"": ""mooc-web"", ""loadbalanced"": ""false"", ""resource_instance_id"": ""1398563761166861218"", ""resource_project_id"": ""proyecto-2-cloud-509714"", ""resource_type"": ""gce_instance"", ""resource_zone"": ""us-central1-a"", ""vm"": ""mooc-web""}",1157121
2026-09-27T02:43:00Z,"{""instance_name"": ""mooc-web"", ""loadbalanced"": ""false"", ""resource_instance_id"": ""1398563761166861218"", ""resource_project_id"": ""proyecto-2-cloud-509714"", ""resource_type"": ""gce_instance"", ""resource_zone"": ""us-central1-a"", ""vm"": ""mooc-web""}",1172549
2026-09-27T02:42:00Z,"{""instance_name"": ""mooc-web"", ""loadbalanced"": ""false"", ""resource_instance_id"": ""1398563761166861218"", ""resource_project_id"": ""proyecto-2-cloud-509714"", ""resource_type"": ""gce_instance"", ""resource_zone"": ""us-central1-a"", ""vm"": ""mooc-web""}",1143250
2026-09-27T02:41:00Z,"{""instance_name"": ""mooc-web"", ""loadbalanced"": ""false"", ""resource_instance_id"": ""1398563761166861218"", ""resource_project_id"": ""proyecto-2-cloud-509714"", ""resource_type"": ""gce_instance"", ""resource_zone"": ""us-central1-a"", ""vm"": ""mooc-web""}",1222722
2026-09-27T02:40:00Z,"{""instance_name"": ""mooc-web"", ""loadbalanced"": ""false"", ""resource_instance_id"": ""1398563761166861218"", ""resource_project_id"": ""proyecto-2-cloud-509714"", ""resource_type"": ""gce_instance"", ""resource_zone"": ""us-central1-a"", ""vm"": ""mooc-web""}",2116059
2026-09-27T02:39:00Z,"{""instance_name"": ""mooc-web"", ""loadbalanced"": ""false"", ""resource_instance_id"": ""1398563761166861218"", ""resource_project_id"": ""proyecto-2-cloud-509714"", ""resource_type"": ""gce_instance"", ""resource_zone"": ""us-central1-a"", ""vm"": ""mooc-web""}",195411
2026-09-27T02:38:00Z,"{""instance_name"": ""mooc-web"", ""loadbalanced"": ""false"", ""resource_instance_id"": ""1398563761166861218"", ""resource_project_id"": ""proyecto-2-cloud-509714"", ""resource_type"": ""gce_instance"", ""resource_zone"": ""us-central1-a"", ""vm"": ""mooc-web""}",77065
2026-09-27T02:37:00Z,"{""instance_name"": ""mooc-web"", ""loadbalanced"": ""false"", ""resource_instance_id"": ""1398563761166861218"", ""resource_project_id"": ""proyecto-2-cloud-509714"", ""resource_type"": ""gce_instance"", ""resource_zone"": ""us-central1-a"", ""vm"": ""mooc-web""}",7462
2026-09-27T02:36:00Z,"{""instance_name"": ""mooc-web"", ""loadbalanced"": ""false"", ""resource_instance_id"": ""1398563761166861218"", ""resource_project_id"": ""proyecto-2-cloud-509714"", ""resource_type"": ""gce_instance"", ""resource_zone"": ""us-central1-a"", ""vm"": ""mooc-web""}",3217
2026-09-27T02:35:00Z,"{""instance_name"": ""mooc-web"", ""loadbalanced"": ""false"", ""resource_instance_id"": ""1398563761166861218"", ""resource_project_id"": ""proyecto-2-cloud-509714"", ""resource_type"": ""gce_instance"", ""resource_zone"": ""us-central1-a"", ""vm"": ""mooc-web""}",30985
2026-09-27T02:34:00Z,"{""instance_name"": ""mooc-web"", ""loadbalanced"": ""false"", ""resource_instance_id"": ""1398563761166861218"", ""resource_project_id"": ""proyecto-2-cloud-509714"", ""resource_type"": ""gce_instance"", ""resource_zone"": ""us-central1-a"", ""vm"": ""mooc-web""}",17969
2026-09-27T02:33:00Z,"{""instance_name"": ""mooc-web"", ""loadbalanced"": ""false"", ""resource_instance_id"": ""1398563761166861218"", ""resource_project_id"": ""proyecto-2-cloud-509714"", ""resource_type"": ""gce_instance"", ""resource_zone"": ""us-central1-a"", ""vm"": ""mooc-web""}",1120
2026-09-27T02:32:00Z,"{""instance_name"": ""mooc-web"", ""loadbalanced"": ""false"", ""resource_instance_id"": ""1398563761166861218"", ""resource_project_id"": ""proyecto-2-cloud-509714"", ""resource_type"": ""gce_instance"", ""resource_zone"": ""us-central1-a"", ""vm"": ""mooc-web""}",1214
2026-09-27T02:31:00Z,"{""instance_name"": ""mooc-web"", ""loadbalanced"": ""false"", ""resource_instance_id"": ""1398563761166861218"", ""resource_project_id"": ""proyecto-2-cloud-509714"", ""resource_type"": ""gce_instance"", ""resource_zone"": ""us-central1-a"", ""vm"": ""mooc-web""}",953
2026-09-27T02:30:00Z,"{""instance_name"": ""mooc-web"", ""loadbalanced"": ""false"", ""resource_instance_id"": ""1398563761166861218"", ""resource_project_id"": ""proyecto-2-cloud-509714"", ""resource_type"": ""gce_instance"", ""resource_zone"": ""us-central1-a"", ""vm"": ""mooc-web""}",776
2026-09-27T02:29:00Z,"{""instance_name"": ""mooc-web"", ""loadbalanced"": ""false"", ""resource_instance_id"": ""1398563761166861218"", ""resource_project_id"": ""proyecto-2-cloud-509714"", ""resource_type"": ""gce_instance"", ""resource_zone"": ""us-central1-a"", ""vm"": ""mooc-web""}",582
2026-09-27T02:28:00Z,"{""instance_name"": ""mooc-web"", ""loadbalanced"": ""false"", ""resource_instance_id"": ""1398563761166861218"", ""resource_project_id"": ""proyecto-2-cloud-509714"", ""resource_type"": ""gce_instance"", ""resource_zone"": ""us-central1-a"", ""vm"": ""mooc-web""}",308
2026-09-27T02:27:00Z,"{""instance_name"": ""mooc-web"", ""loadbalanced"": ""false"", ""resource_instance_id"": ""1398563761166861218"", ""resource_project_id"": ""proyecto-2-cloud-509714"", ""resource_type"": ""gce_instance"", ""resource_zone"": ""us-central1-a"", ""vm"": ""mooc-web""}",1959
2026-09-27T02:26:00Z,"{""instance_name"": ""mooc-web"", ""loadbalanced"": ""false"", ""resource_instance_id"": ""1398563761166861218"", ""resource_project_id"": ""proyecto-2-cloud-509714"", ""resource_type"": ""gce_instance"", ""resource_zone"": ""us-central1-a"", ""vm"": ""mooc-web""}",16753
2026-09-27T02:25:00Z,"{""instance_name"": ""mooc-web"", ""loadbalanced"": ""false"", ""resource_instance_id"": ""1398563761166861218"", ""resource_project_id"": ""proyecto-2-cloud-509714"", ""resource_type"": ""gce_instance"", ""resource_zone"": ""us-central1-a"", ""vm"": ""mooc-web""}",8941
2026-09-27T02:24:00Z,"{""instance_name"": ""mooc-web"", ""loadbalanced"": ""false"", ""resource_instance_id"": ""1398563761166861218"", ""resource_project_id"": ""proyecto-2-cloud-509714"", ""resource_type"": ""gce_instance"", ""resource_zone"": ""us-central1-a"", ""vm"": ""mooc-web""}",2734
2026-09-27T02:23:00Z,"{""instance_name"": ""mooc-web"", ""loadbalanced"": ""false"", ""resource_instance_id"": ""1398563761166861218"", ""resource_project_id"": ""proyecto-2-cloud-509714"", ""resource_type"": ""gce_instance"", ""resource_zone"": ""us-central1-a"", ""vm"": ""mooc-web""}",34935
2026-09-27T02:22:00Z,"{""instance_name"": ""mooc-web"", ""loadbalanced"": ""false"", ""resource_instance_id"": ""1398563761166861218"", ""resource_project_id"": ""proyecto-2-cloud-509714"", ""resource_type"": ""gce_instance"", ""resource_zone"": ""us-central1-a"", ""vm"": ""mooc-web""}",448630
2026-09-27T02:21:00Z,"{""instance_name"": ""mooc-web"", ""loadbalanced"": ""false"", ""resource_instance_id"": ""1398563761166861218"", ""resource_project_id"": ""proyecto-2-cloud-509714"", ""resource_type"": ""gce_instance"", ""resource_zone"": ""us-central1-a"", ""vm"": ""mooc-web""}",546039
2026-09-27T06:42:00Z,"{""instance_name"": ""mooc-worker"", ""loadbalanced"": ""false"", ""resource_instance_id"": ""2832248983015202130"", ""resource_project_id"": ""proyecto-2-cloud-509714"", ""resource_type"": ""gce_instance"", ""resource_zone"": ""us-central1-a"", ""vm"": ""mooc-worker""}",1936126
2026-09-27T06:41:00Z,"{""instance_name"": ""mooc-worker"", ""loadbalanced"": ""false"", ""resource_instance_id"": ""2832248983015202130"", ""resource_project_id"": ""proyecto-2-cloud-509714"", ""resource_type"": ""gce_instance"", ""resource_zone"": ""us-central1-a"", ""vm"": ""mooc-worker""}",1565670
2026-09-27T06:40:00Z,"{""instance_name"": ""mooc-worker"", ""loadbalanced"": ""false"", ""resource_instance_id"": ""2832248983015202130"", ""resource_project_id"": ""proyecto-2-cloud-509714"", ""resource_type"": ""gce_instance"", ""resource_zone"": ""us-central1-a"", ""vm"": ""mooc-worker""}",2836013
2026-09-27T06:39:00Z,"{""instance_name"": ""mooc-worker"", ""loadbalanced"": ""false"", ""resource_instance_id"": ""2832248983015202130"", ""resource_project_id"": ""proyecto-2-cloud-509714"", ""resource_type"": ""gce_instance"", ""resource_zone"": ""us-central1-a"", ""vm"": ""mooc-worker""}",1720772
2026-09-27T06:38:00Z,"{""instance_name"": ""mooc-worker"", ""loadbalanced"": ""false"", ""resource_instance_id"": ""2832248983015202130"", ""resource_project_id"": ""proyecto-2-cloud-509714"", ""resource_type"": ""gce_instance"", ""resource_zone"": ""us-central1-a"", ""vm"": ""mooc-worker""}",3886442
2026-09-27T06:37:00Z,"{""instance_name"": ""mooc-worker"", ""loadbalanced"": ""false"", ""resource_instance_id"": ""2832248983015202130"", ""resource_project_id"": ""proyecto-2-cloud-509714"", ""resource_type"": ""gce_instance"", ""resource_zone"": ""us-central1-a"", ""vm"": ""mooc-worker""}",1968416
2026-09-27T06:36:00Z,"{""instance_name"": ""mooc-worker"", ""loadbalanced"": ""false"", ""resource_instance_id"": ""2832248983015202130"", ""resource_project_id"": ""proyecto-2-cloud-509714"", ""resource_type"": ""gce_instance"", ""resource_zone"": ""us-central1-a"", ""vm"": ""mooc-worker""}",5101947
2026-09-27T06:35:00Z,"{""instance_name"": ""mooc-worker"", ""loadbalanced"": ""false"", ""resource_instance_id"": ""2832248983015202130"", ""resource_project_id"": ""proyecto-2-cloud-509714"", ""resource_type"": ""gce_instance"", ""resource_zone"": ""us-central1-a"", ""vm"": ""mooc-worker""}",2073359
2026-09-27T06:34:00Z,"{""instance_name"": ""mooc-worker"", ""loadbalanced"": ""false"", ""resource_instance_id"": ""2832248983015202130"", ""resource_project_id"": ""proyecto-2-cloud-509714"", ""resource_type"": ""gce_instance"", ""resource_zone"": ""us-central1-a"", ""vm"": ""mooc-worker""}",6401786
2026-09-27T06:33:00Z,"{""instance_name"": ""mooc-worker"", ""loadbalanced"": ""false"", ""resource_instance_id"": ""2832248983015202130"", ""resource_project_id"": ""proyecto-2-cloud-509714"", ""resource_type"": ""gce_instance"", ""resource_zone"": ""us-central1-a"", ""vm"": ""mooc-worker""}",5668029
2026-09-27T06:32:00Z,"{""instance_name"": ""mooc-worker"", ""loadbalanced"": ""false"", ""resource_instance_id"": ""2832248983015202130"", ""resource_project_id"": ""proyecto-2-cloud-509714"", ""resource_type"": ""gce_instance"", ""resource_zone"": ""us-central1-a"", ""vm"": ""mooc-worker""}",4232723
2026-09-27T06:31:00Z,"{""instance_name"": ""mooc-worker"", ""loadbalanced"": ""false"", ""resource_instance_id"": ""2832248983015202130"", ""resource_project_id"": ""proyecto-2-cloud-509714"", ""resource_type"": ""gce_instance"", ""resource_zone"": ""us-central1-a"", ""vm"": ""mooc-worker""}",2963098
2026-09-27T06:30:00Z,"{""instance_name"": ""mooc-worker"", ""loadbalanced"": ""false"", ""resource_instance_id"": ""2832248983015202130"", ""resource_project_id"": ""proyecto-2-cloud-509714"", ""resource_type"": ""gce_instance"", ""resource_zone"": ""us-central1-a"", ""vm"": ""mooc-worker""}",2539554
2026-09-27T06:29:00Z,"{""instance_name"": ""mooc-worker"", ""loadbalanced"": ""false"", ""resource_instance_id"": ""2832248983015202130"", ""resource_project_id"": ""proyecto-2-cloud-509714"", ""resource_type"": ""gce_instance"", ""resource_zone"": ""us-central1-a"", ""vm"": ""mooc-worker""}",4373268
2026-09-27T06:28:00Z,"{""instance_name"": ""mooc-worker"", ""loadbalanced"": ""false"", ""resource_instance_id"": ""2832248983015202130"", ""resource_project_id"": ""proyecto-2-cloud-509714"", ""resource_type"": ""gce_instance"", ""resource_zone"": ""us-central1-a"", ""vm"": ""mooc-worker""}",2063060
2026-09-27T06:27:00Z,"{""instance_name"": ""mooc-worker"", ""loadbalanced"": ""false"", ""resource_instance_id"": ""2832248983015202130"", ""resource_project_id"": ""proyecto-2-cloud-509714"", ""resource_type"": ""gce_instance"", ""resource_zone"": ""us-central1-a"", ""vm"": ""mooc-worker""}",6218648
2026-09-27T06:26:00Z,"{""instance_name"": ""mooc-worker"", ""loadbalanced"": ""false"", ""resource_instance_id"": ""2832248983015202130"", ""resource_project_id"": ""proyecto-2-cloud-509714"", ""resource_type"": ""gce_instance"", ""resource_zone"": ""us-central1-a"", ""vm"": ""mooc-worker""}",4549733
2026-09-27T06:25:00Z,"{""instance_name"": ""mooc-worker"", ""loadbalanced"": ""false"", ""resource_instance_id"": ""2832248983015202130"", ""resource_project_id"": ""proyecto-2-cloud-509714"", ""resource_type"": ""gce_instance"", ""resource_zone"": ""us-central1-a"", ""vm"": ""mooc-worker""}",2450350
2026-09-27T06:24:00Z,"{""instance_name"": ""mooc-worker"", ""loadbalanced"": ""false"", ""resource_instance_id"": ""2832248983015202130"", ""resource_project_id"": ""proyecto-2-cloud-509714"", ""resource_type"": ""gce_instance"", ""resource_zone"": ""us-central1-a"", ""vm"": ""mooc-worker""}",4388189
2026-09-27T06:23:00Z,"{""instance_name"": ""mooc-worker"", ""loadbalanced"": ""false"", ""resource_instance_id"": ""2832248983015202130"", ""resource_project_id"": ""proyecto-2-cloud-509714"", ""resource_type"": ""gce_instance"", ""resource_zone"": ""us-central1-a"", ""vm"": ""mooc-worker""}",3532708
2026-09-27T06:22:00Z,"{""instance_name"": ""mooc-worker"", ""loadbalanced"": ""false"", ""resource_instance_id"": ""2832248983015202130"", ""resource_project_id"": ""proyecto-2-cloud-509714"", ""resource_type"": ""gce_instance"", ""resource_zone"": ""us-central1-a"", ""vm"": ""mooc-worker""}",2383695
2026-09-27T06:21:00Z,"{""instance_name"": ""mooc-worker"", ""loadbalanced"": ""false"", ""resource_instance_id"": ""2832248983015202130"", ""resource_project_id"": ""proyecto-2-cloud-509714"", ""resource_type"": ""gce_instance"", ""resource_zone"": ""us-central1-a"", ""vm"": ""mooc-worker""}",7777325
2026-09-27T06:20:00Z,"{""instance_name"": ""mooc-worker"", ""loadbalanced"": ""false"", ""resource_instance_id"": ""2832248983015202130"", ""resource_project_id"": ""proyecto-2-cloud-509714"", ""resource_type"": ""gce_instance"", ""resource_zone"": ""us-central1-a"", ""vm"": ""mooc-worker""}",4715261
2026-09-27T06:19:00Z,"{""instance_name"": ""mooc-worker"", ""loadbalanced"": ""false"", ""resource_instance_id"": ""2832248983015202130"", ""resource_project_id"": ""proyecto-2-cloud-509714"", ""resource_type"": ""gce_instance"", ""resource_zone"": ""us-central1-a"", ""vm"": ""mooc-worker""}",2828221
2026-09-27T06:18:00Z,"{""instance_name"": ""mooc-worker"", ""loadbalanced"": ""false"", ""resource_instance_id"": ""2832248983015202130"", ""resource_project_id"": ""proyecto-2-cloud-509714"", ""resource_type"": ""gce_instance"", ""resource_zone"": ""us-central1-a"", ""vm"": ""mooc-worker""}",1307976
2026-09-27T06:17:00Z,"{""instance_name"": ""mooc-worker"", ""loadbalanced"": ""false"", ""resource_instance_id"": ""2832248983015202130"", ""resource_project_id"": ""proyecto-2-cloud-509714"", ""resource_type"": ""gce_instance"", ""resource_zone"": ""us-central1-a"", ""vm"": ""mooc-worker""}",2599515
2026-09-27T06:16:00Z,"{""instance_name"": ""mooc-worker"", ""loadbalanced"": ""false"", ""resource_instance_id"": ""2832248983015202130"", ""resource_project_id"": ""proyecto-2-cloud-509714"", ""resource_type"": ""gce_instance"", ""resource_zone"": ""us-central1-a"", ""vm"": ""mooc-worker""}",5860992
2026-09-27T06:15:00Z,"{""instance_name"": ""mooc-worker"", ""loadbalanced"": ""false"", ""resource_instance_id"": ""2832248983015202130"", ""resource_project_id"": ""proyecto-2-cloud-509714"", ""resource_type"": ""gce_instance"", ""resource_zone"": ""us-central1-a"", ""vm"": ""mooc-worker""}",7799236
2026-09-27T06:14:00Z,"{""instance_name"": ""mooc-worker"", ""loadbalanced"": ""false"", ""resource_instance_id"": ""2832248983015202130"", ""resource_project_id"": ""proyecto-2-cloud-509714"", ""resource_type"": ""gce_instance"", ""resource_zone"": ""us-central1-a"", ""vm"": ""mooc-worker""}",4711348
2026-09-27T06:13:00Z,"{""instance_name"": ""mooc-worker"", ""loadbalanced"": ""false"", ""resource_instance_id"": ""2832248983015202130"", ""resource_project_id"": ""proyecto-2-cloud-509714"", ""resource_type"": ""gce_instance"", ""resource_zone"": ""us-central1-a"", ""vm"": ""mooc-worker""}",3184725
2026-09-27T06:12:00Z,"{""instance_name"": ""mooc-worker"", ""loadbalanced"": ""false"", ""resource_instance_id"": ""2832248983015202130"", ""resource_project_id"": ""proyecto-2-cloud-509714"", ""resource_type"": ""gce_instance"", ""resource_zone"": ""us-central1-a"", ""vm"": ""mooc-worker""}",2841943
2026-09-27T06:11:00Z,"{""instance_name"": ""mooc-worker"", ""loadbalanced"": ""false"", ""resource_instance_id"": ""2832248983015202130"", ""resource_project_id"": ""proyecto-2-cloud-509714"", ""resource_type"": ""gce_instance"", ""resource_zone"": ""us-central1-a"", ""vm"": ""mooc-worker""}",1178316
2026-09-27T06:10:00Z,"{""instance_name"": ""mooc-worker"", ""loadbalanced"": ""false"", ""resource_instance_id"": ""2832248983015202130"", ""resource_project_id"": ""proyecto-2-cloud-509714"", ""resource_type"": ""gce_instance"", ""resource_zone"": ""us-central1-a"", ""vm"": ""mooc-worker""}",1328303
2026-09-27T06:09:00Z,"{""instance_name"": ""mooc-worker"", ""loadbalanced"": ""false"", ""resource_instance_id"": ""2832248983015202130"", ""resource_project_id"": ""proyecto-2-cloud-509714"", ""resource_type"": ""gce_instance"", ""resource_zone"": ""us-central1-a"", ""vm"": ""mooc-worker""}",2775994
2026-09-27T06:08:00Z,"{""instance_name"": ""mooc-worker"", ""loadbalanced"": ""false"", ""resource_instance_id"": ""2832248983015202130"", ""resource_project_id"": ""proyecto-2-cloud-509714"", ""resource_type"": ""gce_instance"", ""resource_zone"": ""us-central1-a"", ""vm"": ""mooc-worker""}",7481808
2026-09-27T06:07:00Z,"{""instance_name"": ""mooc-worker"", ""loadbalanced"": ""false"", ""resource_instance_id"": ""2832248983015202130"", ""resource_project_id"": ""proyecto-2-cloud-509714"", ""resource_type"": ""gce_instance"", ""resource_zone"": ""us-central1-a"", ""vm"": ""mooc-worker""}",11409975
2026-09-27T06:06:00Z,"{""instance_name"": ""mooc-worker"", ""loadbalanced"": ""false"", ""resource_instance_id"": ""2832248983015202130"", ""resource_project_id"": ""proyecto-2-cloud-509714"", ""resource_type"": ""gce_instance"", ""resource_zone"": ""us-central1-a"", ""vm"": ""mooc-worker""}",1218864
2026-09-27T06:05:00Z,"{""instance_name"": ""mooc-worker"", ""loadbalanced"": ""false"", ""resource_instance_id"": ""2832248983015202130"", ""resource_project_id"": ""proyecto-2-cloud-509714"", ""resource_type"": ""gce_instance"", ""resource_zone"": ""us-central1-a"", ""vm"": ""mooc-worker""}",1372530
2026-09-27T06:04:00Z,"{""instance_name"": ""mooc-worker"", ""loadbalanced"": ""false"", ""resource_instance_id"": ""2832248983015202130"", ""resource_project_id"": ""proyecto-2-cloud-509714"", ""resource_type"": ""gce_instance"", ""resource_zone"": ""us-central1-a"", ""vm"": ""mooc-worker""}",2030202
2026-09-27T06:03:00Z,"{""instance_name"": ""mooc-worker"", ""loadbalanced"": ""false"", ""resource_instance_id"": ""2832248983015202130"", ""resource_project_id"": ""proyecto-2-cloud-509714"", ""resource_type"": ""gce_instance"", ""resource_zone"": ""us-central1-a"", ""vm"": ""mooc-worker""}",3396480
2026-09-27T06:02:00Z,"{""instance_name"": ""mooc-worker"", ""loadbalanced"": ""false"", ""resource_instance_id"": ""2832248983015202130"", ""resource_project_id"": ""proyecto-2-cloud-509714"", ""resource_type"": ""gce_instance"", ""resource_zone"": ""us-central1-a"", ""vm"": ""mooc-worker""}",10721007
2026-09-27T06:01:00Z,"{""instance_name"": ""mooc-worker"", ""loadbalanced"": ""false"", ""resource_instance_id"": ""2832248983015202130"", ""resource_project_id"": ""proyecto-2-cloud-509714"", ""resource_type"": ""gce_instance"", ""resource_zone"": ""us-central1-a"", ""vm"": ""mooc-worker""}",6517230
2026-09-27T06:00:00Z,"{""instance_name"": ""mooc-worker"", ""loadbalanced"": ""false"", ""resource_instance_id"": ""2832248983015202130"", ""resource_project_id"": ""proyecto-2-cloud-509714"", ""resource_type"": ""gce_instance"", ""resource_zone"": ""us-central1-a"", ""vm"": ""mooc-worker""}",2073755
2026-09-27T05:59:00Z,"{""instance_name"": ""mooc-worker"", ""loadbalanced"": ""false"", ""resource_instance_id"": ""2832248983015202130"", ""resource_project_id"": ""proyecto-2-cloud-509714"", ""resource_type"": ""gce_instance"", ""resource_zone"": ""us-central1-a"", ""vm"": ""mooc-worker""}",2040397
2026-09-27T05:58:00Z,"{""instance_name"": ""mooc-worker"", ""loadbalanced"": ""false"", ""resource_instance_id"": ""2832248983015202130"", ""resource_project_id"": ""proyecto-2-cloud-509714"", ""resource_type"": ""gce_instance"", ""resource_zone"": ""us-central1-a"", ""vm"": ""mooc-worker""}",4556022
2026-09-27T05:57:00Z,"{""instance_name"": ""mooc-worker"", ""loadbalanced"": ""false"", ""resource_instance_id"": ""2832248983015202130"", ""resource_project_id"": ""proyecto-2-cloud-509714"", ""resource_type"": ""gce_instance"", ""resource_zone"": ""us-central1-a"", ""vm"": ""mooc-worker""}",4544021
2026-09-27T05:56:00Z,"{""instance_name"": ""mooc-worker"", ""loadbalanced"": ""false"", ""resource_instance_id"": ""2832248983015202130"", ""resource_project_id"": ""proyecto-2-cloud-509714"", ""resource_type"": ""gce_instance"", ""resource_zone"": ""us-central1-a"", ""vm"": ""mooc-worker""}",4648067
2026-09-27T05:55:00Z,"{""instance_name"": ""mooc-worker"", ""loadbalanced"": ""false"", ""resource_instance_id"": ""2832248983015202130"", ""resource_project_id"": ""proyecto-2-cloud-509714"", ""resource_type"": ""gce_instance"", ""resource_zone"": ""us-central1-a"", ""vm"": ""mooc-worker""}",5536966
2026-09-27T05:54:00Z,"{""instance_name"": ""mooc-worker"", ""loadbalanced"": ""false"", ""resource_instance_id"": ""2832248983015202130"", ""resource_project_id"": ""proyecto-2-cloud-509714"", ""resource_type"": ""gce_instance"", ""resource_zone"": ""us-central1-a"", ""vm"": ""mooc-worker""}",6102058
2026-09-27T05:53:00Z,"{""instance_name"": ""mooc-worker"", ""loadbalanced"": ""false"", ""resource_instance_id"": ""2832248983015202130"", ""resource_project_id"": ""proyecto-2-cloud-509714"", ""resource_type"": ""gce_instance"", ""resource_zone"": ""us-central1-a"", ""vm"": ""mooc-worker""}",1380226
2026-09-27T05:52:00Z,"{""instance_name"": ""mooc-worker"", ""loadbalanced"": ""false"", ""resource_instance_id"": ""2832248983015202130"", ""resource_project_id"": ""proyecto-2-cloud-509714"", ""resource_type"": ""gce_instance"", ""resource_zone"": ""us-central1-a"", ""vm"": ""mooc-worker""}",3321562
2026-09-27T05:51:00Z,"{""instance_name"": ""mooc-worker"", ""loadbalanced"": ""false"", ""resource_instance_id"": ""2832248983015202130"", ""resource_project_id"": ""proyecto-2-cloud-509714"", ""resource_type"": ""gce_instance"", ""resource_zone"": ""us-central1-a"", ""vm"": ""mooc-worker""}",8606034
2026-09-27T05:50:00Z,"{""instance_name"": ""mooc-worker"", ""loadbalanced"": ""false"", ""resource_instance_id"": ""2832248983015202130"", ""resource_project_id"": ""proyecto-2-cloud-509714"", ""resource_type"": ""gce_instance"", ""resource_zone"": ""us-central1-a"", ""vm"": ""mooc-worker""}",5717359
2026-09-27T05:49:00Z,"{""instance_name"": ""mooc-worker"", ""loadbalanced"": ""false"", ""resource_instance_id"": ""2832248983015202130"", ""resource_project_id"": ""proyecto-2-cloud-509714"", ""resource_type"": ""gce_instance"", ""resource_zone"": ""us-central1-a"", ""vm"": ""mooc-worker""}",7703726
2026-09-27T05:48:00Z,"{""instance_name"": ""mooc-worker"", ""loadbalanced"": ""false"", ""resource_instance_id"": ""2832248983015202130"", ""resource_project_id"": ""proyecto-2-cloud-509714"", ""resource_type"": ""gce_instance"", ""resource_zone"": ""us-central1-a"", ""vm"": ""mooc-worker""}",7920836
2026-09-27T05:47:00Z,"{""instance_name"": ""mooc-worker"", ""loadbalanced"": ""false"", ""resource_instance_id"": ""2832248983015202130"", ""resource_project_id"": ""proyecto-2-cloud-509714"", ""resource_type"": ""gce_instance"", ""resource_zone"": ""us-central1-a"", ""vm"": ""mooc-worker""}",1167194
2026-09-27T05:46:00Z,"{""instance_name"": ""mooc-worker"", ""loadbalanced"": ""false"", ""resource_instance_id"": ""2832248983015202130"", ""resource_project_id"": ""proyecto-2-cloud-509714"", ""resource_type"": ""gce_instance"", ""resource_zone"": ""us-central1-a"", ""vm"": ""mooc-worker""}",1127012
2026-09-27T05:45:00Z,"{""instance_name"": ""mooc-worker"", ""loadbalanced"": ""false"", ""resource_instance_id"": ""2832248983015202130"", ""resource_project_id"": ""proyecto-2-cloud-509714"", ""resource_type"": ""gce_instance"", ""resource_zone"": ""us-central1-a"", ""vm"": ""mooc-worker""}",1134430
2026-09-27T05:44:00Z,"{""instance_name"": ""mooc-worker"", ""loadbalanced"": ""false"", ""resource_instance_id"": ""2832248983015202130"", ""resource_project_id"": ""proyecto-2-cloud-509714"", ""resource_type"": ""gce_instance"", ""resource_zone"": ""us-central1-a"", ""vm"": ""mooc-worker""}",1137832
2026-09-27T05:43:00Z,"{""instance_name"": ""mooc-worker"", ""loadbalanced"": ""false"", ""resource_instance_id"": ""2832248983015202130"", ""resource_project_id"": ""proyecto-2-cloud-509714"", ""resource_type"": ""gce_instance"", ""resource_zone"": ""us-central1-a"", ""vm"": ""mooc-worker""}",1141444
2026-09-27T05:42:00Z,"{""instance_name"": ""mooc-worker"", ""loadbalanced"": ""false"", ""resource_instance_id"": ""2832248983015202130"", ""resource_project_id"": ""proyecto-2-cloud-509714"", ""resource_type"": ""gce_instance"", ""resource_zone"": ""us-central1-a"", ""vm"": ""mooc-worker""}",1159874
2026-09-27T05:41:00Z,"{""instance_name"": ""mooc-worker"", ""loadbalanced"": ""false"", ""resource_instance_id"": ""2832248983015202130"", ""resource_project_id"": ""proyecto-2-cloud-509714"", ""resource_type"": ""gce_instance"", ""resource_zone"": ""us-central1-a"", ""vm"": ""mooc-worker""}",1526003
2026-09-27T05:40:00Z,"{""instance_name"": ""mooc-worker"", ""loadbalanced"": ""false"", ""resource_instance_id"": ""2832248983015202130"", ""resource_project_id"": ""proyecto-2-cloud-509714"", ""resource_type"": ""gce_instance"", ""resource_zone"": ""us-central1-a"", ""vm"": ""mooc-worker""}",3885100
2026-09-27T05:39:00Z,"{""instance_name"": ""mooc-worker"", ""loadbalanced"": ""false"", ""resource_instance_id"": ""2832248983015202130"", ""resource_project_id"": ""proyecto-2-cloud-509714"", ""resource_type"": ""gce_instance"", ""resource_zone"": ""us-central1-a"", ""vm"": ""mooc-worker""}",6611592
2026-09-27T05:38:00Z,"{""instance_name"": ""mooc-worker"", ""loadbalanced"": ""false"", ""resource_instance_id"": ""2832248983015202130"", ""resource_project_id"": ""proyecto-2-cloud-509714"", ""resource_type"": ""gce_instance"", ""resource_zone"": ""us-central1-a"", ""vm"": ""mooc-worker""}",3939735
2026-09-27T05:37:00Z,"{""instance_name"": ""mooc-worker"", ""loadbalanced"": ""false"", ""resource_instance_id"": ""2832248983015202130"", ""resource_project_id"": ""proyecto-2-cloud-509714"", ""resource_type"": ""gce_instance"", ""resource_zone"": ""us-central1-a"", ""vm"": ""mooc-worker""}",1174606
2026-09-27T05:36:00Z,"{""instance_name"": ""mooc-worker"", ""loadbalanced"": ""false"", ""resource_instance_id"": ""2832248983015202130"", ""resource_project_id"": ""proyecto-2-cloud-509714"", ""resource_type"": ""gce_instance"", ""resource_zone"": ""us-central1-a"", ""vm"": ""mooc-worker""}",1173322
2026-09-27T05:35:00Z,"{""instance_name"": ""mooc-worker"", ""loadbalanced"": ""false"", ""resource_instance_id"": ""2832248983015202130"", ""resource_project_id"": ""proyecto-2-cloud-509714"", ""resource_type"": ""gce_instance"", ""resource_zone"": ""us-central1-a"", ""vm"": ""mooc-worker""}",1168931
2026-09-27T05:34:00Z,"{""instance_name"": ""mooc-worker"", ""loadbalanced"": ""false"", ""resource_instance_id"": ""2832248983015202130"", ""resource_project_id"": ""proyecto-2-cloud-509714"", ""resource_type"": ""gce_instance"", ""resource_zone"": ""us-central1-a"", ""vm"": ""mooc-worker""}",1163884
2026-09-27T05:33:00Z,"{""instance_name"": ""mooc-worker"", ""loadbalanced"": ""false"", ""resource_instance_id"": ""2832248983015202130"", ""resource_project_id"": ""proyecto-2-cloud-509714"", ""resource_type"": ""gce_instance"", ""resource_zone"": ""us-central1-a"", ""vm"": ""mooc-worker""}",1170172
2026-09-27T05:32:00Z,"{""instance_name"": ""mooc-worker"", ""loadbalanced"": ""false"", ""resource_instance_id"": ""2832248983015202130"", ""resource_project_id"": ""proyecto-2-cloud-509714"", ""resource_type"": ""gce_instance"", ""resource_zone"": ""us-central1-a"", ""vm"": ""mooc-worker""}",1183503
2026-09-27T05:31:00Z,"{""instance_name"": ""mooc-worker"", ""loadbalanced"": ""false"", ""resource_instance_id"": ""2832248983015202130"", ""resource_project_id"": ""proyecto-2-cloud-509714"", ""resource_type"": ""gce_instance"", ""resource_zone"": ""us-central1-a"", ""vm"": ""mooc-worker""}",1300932
2026-09-27T05:30:00Z,"{""instance_name"": ""mooc-worker"", ""loadbalanced"": ""false"", ""resource_instance_id"": ""2832248983015202130"", ""resource_project_id"": ""proyecto-2-cloud-509714"", ""resource_type"": ""gce_instance"", ""resource_zone"": ""us-central1-a"", ""vm"": ""mooc-worker""}",1855760
2026-09-27T05:29:00Z,"{""instance_name"": ""mooc-worker"", ""loadbalanced"": ""false"", ""resource_instance_id"": ""2832248983015202130"", ""resource_project_id"": ""proyecto-2-cloud-509714"", ""resource_type"": ""gce_instance"", ""resource_zone"": ""us-central1-a"", ""vm"": ""mooc-worker""}",1125501
2026-09-27T05:28:00Z,"{""instance_name"": ""mooc-worker"", ""loadbalanced"": ""false"", ""resource_instance_id"": ""2832248983015202130"", ""resource_project_id"": ""proyecto-2-cloud-509714"", ""resource_type"": ""gce_instance"", ""resource_zone"": ""us-central1-a"", ""vm"": ""mooc-worker""}",1135195
2026-09-27T05:27:00Z,"{""instance_name"": ""mooc-worker"", ""loadbalanced"": ""false"", ""resource_instance_id"": ""2832248983015202130"", ""resource_project_id"": ""proyecto-2-cloud-509714"", ""resource_type"": ""gce_instance"", ""resource_zone"": ""us-central1-a"", ""vm"": ""mooc-worker""}",1148823
2026-09-27T05:26:00Z,"{""instance_name"": ""mooc-worker"", ""loadbalanced"": ""false"", ""resource_instance_id"": ""2832248983015202130"", ""resource_project_id"": ""proyecto-2-cloud-509714"", ""resource_type"": ""gce_instance"", ""resource_zone"": ""us-central1-a"", ""vm"": ""mooc-worker""}",1173834
2026-09-27T05:25:00Z,"{""instance_name"": ""mooc-worker"", ""loadbalanced"": ""false"", ""resource_instance_id"": ""2832248983015202130"", ""resource_project_id"": ""proyecto-2-cloud-509714"", ""resource_type"": ""gce_instance"", ""resource_zone"": ""us-central1-a"", ""vm"": ""mooc-worker""}",1166939
2026-09-27T05:24:00Z,"{""instance_name"": ""mooc-worker"", ""loadbalanced"": ""false"", ""resource_instance_id"": ""2832248983015202130"", ""resource_project_id"": ""proyecto-2-cloud-509714"", ""resource_type"": ""gce_instance"", ""resource_zone"": ""us-central1-a"", ""vm"": ""mooc-worker""}",1142289
2026-09-27T05:23:00Z,"{""instance_name"": ""mooc-worker"", ""loadbalanced"": ""false"", ""resource_instance_id"": ""2832248983015202130"", ""resource_project_id"": ""proyecto-2-cloud-509714"", ""resource_type"": ""gce_instance"", ""resource_zone"": ""us-central1-a"", ""vm"": ""mooc-worker""}",1161953
2026-09-27T05:22:00Z,"{""instance_name"": ""mooc-worker"", ""loadbalanced"": ""false"", ""resource_instance_id"": ""2832248983015202130"", ""resource_project_id"": ""proyecto-2-cloud-509714"", ""resource_type"": ""gce_instance"", ""resource_zone"": ""us-central1-a"", ""vm"": ""mooc-worker""}",1233271
2026-09-27T05:21:00Z,"{""instance_name"": ""mooc-worker"", ""loadbalanced"": ""false"", ""resource_instance_id"": ""2832248983015202130"", ""resource_project_id"": ""proyecto-2-cloud-509714"", ""resource_type"": ""gce_instance"", ""resource_zone"": ""us-central1-a"", ""vm"": ""mooc-worker""}",1199939
2026-09-27T05:20:00Z,"{""instance_name"": ""mooc-worker"", ""loadbalanced"": ""false"", ""resource_instance_id"": ""2832248983015202130"", ""resource_project_id"": ""proyecto-2-cloud-509714"", ""resource_type"": ""gce_instance"", ""resource_zone"": ""us-central1-a"", ""vm"": ""mooc-worker""}",1203571
2026-09-27T05:19:00Z,"{""instance_name"": ""mooc-worker"", ""loadbalanced"": ""false"", ""resource_instance_id"": ""2832248983015202130"", ""resource_project_id"": ""proyecto-2-cloud-509714"", ""resource_type"": ""gce_instance"", ""resource_zone"": ""us-central1-a"", ""vm"": ""mooc-worker""}",1214417
2026-09-27T05:18:00Z,"{""instance_name"": ""mooc-worker"", ""loadbalanced"": ""false"", ""resource_instance_id"": ""2832248983015202130"", ""resource_project_id"": ""proyecto-2-cloud-509714"", ""resource_type"": ""gce_instance"", ""resource_zone"": ""us-central1-a"", ""vm"": ""mooc-worker""}",1221997
2026-09-27T05:17:00Z,"{""instance_name"": ""mooc-worker"", ""loadbalanced"": ""false"", ""resource_instance_id"": ""2832248983015202130"", ""resource_project_id"": ""proyecto-2-cloud-509714"", ""resource_type"": ""gce_instance"", ""resource_zone"": ""us-central1-a"", ""vm"": ""mooc-worker""}",1233179
2026-09-27T05:16:00Z,"{""instance_name"": ""mooc-worker"", ""loadbalanced"": ""false"", ""resource_instance_id"": ""2832248983015202130"", ""resource_project_id"": ""proyecto-2-cloud-509714"", ""resource_type"": ""gce_instance"", ""resource_zone"": ""us-central1-a"", ""vm"": ""mooc-worker""}",1445613
2026-09-27T05:15:00Z,"{""instance_name"": ""mooc-worker"", ""loadbalanced"": ""false"", ""resource_instance_id"": ""2832248983015202130"", ""resource_project_id"": ""proyecto-2-cloud-509714"", ""resource_type"": ""gce_instance"", ""resource_zone"": ""us-central1-a"", ""vm"": ""mooc-worker""}",1961903
2026-09-27T05:14:00Z,"{""instance_name"": ""mooc-worker"", ""loadbalanced"": ""false"", ""resource_instance_id"": ""2832248983015202130"", ""resource_project_id"": ""proyecto-2-cloud-509714"", ""resource_type"": ""gce_instance"", ""resource_zone"": ""us-central1-a"", ""vm"": ""mooc-worker""}",142053
2026-09-27T05:13:00Z,"{""instance_name"": ""mooc-worker"", ""loadbalanced"": ""false"", ""resource_instance_id"": ""2832248983015202130"", ""resource_project_id"": ""proyecto-2-cloud-509714"", ""resource_type"": ""gce_instance"", ""resource_zone"": ""us-central1-a"", ""vm"": ""mooc-worker""}",122507
2026-09-27T05:12:00Z,"{""instance_name"": ""mooc-worker"", ""loadbalanced"": ""false"", ""resource_instance_id"": ""2832248983015202130"", ""resource_project_id"": ""proyecto-2-cloud-509714"", ""resource_type"": ""gce_instance"", ""resource_zone"": ""us-central1-a"", ""vm"": ""mooc-worker""}",15749
2026-09-27T05:11:00Z,"{""instance_name"": ""mooc-worker"", ""loadbalanced"": ""false"", ""resource_instance_id"": ""2832248983015202130"", ""resource_project_id"": ""proyecto-2-cloud-509714"", ""resource_type"": ""gce_instance"", ""resource_zone"": ""us-central1-a"", ""vm"": ""mooc-worker""}",4770
2026-09-27T05:10:00Z,"{""instance_name"": ""mooc-worker"", ""loadbalanced"": ""false"", ""resource_instance_id"": ""2832248983015202130"", ""resource_project_id"": ""proyecto-2-cloud-509714"", ""resource_type"": ""gce_instance"", ""resource_zone"": ""us-central1-a"", ""vm"": ""mooc-worker""}",8304
2026-09-27T05:09:00Z,"{""instance_name"": ""mooc-worker"", ""loadbalanced"": ""false"", ""resource_instance_id"": ""2832248983015202130"", ""resource_project_id"": ""proyecto-2-cloud-509714"", ""resource_type"": ""gce_instance"", ""resource_zone"": ""us-central1-a"", ""vm"": ""mooc-worker""}",11112
2026-09-27T05:08:00Z,"{""instance_name"": ""mooc-worker"", ""loadbalanced"": ""false"", ""resource_instance_id"": ""2832248983015202130"", ""resource_project_id"": ""proyecto-2-cloud-509714"", ""resource_type"": ""gce_instance"", ""resource_zone"": ""us-central1-a"", ""vm"": ""mooc-worker""}",40946
2026-09-27T05:07:00Z,"{""instance_name"": ""mooc-worker"", ""loadbalanced"": ""false"", ""resource_instance_id"": ""2832248983015202130"", ""resource_project_id"": ""proyecto-2-cloud-509714"", ""resource_type"": ""gce_instance"", ""resource_zone"": ""us-central1-a"", ""vm"": ""mooc-worker""}",330087
2026-09-27T05:06:00Z,"{""instance_name"": ""mooc-worker"", ""loadbalanced"": ""false"", ""resource_instance_id"": ""2832248983015202130"", ""resource_project_id"": ""proyecto-2-cloud-509714"", ""resource_type"": ""gce_instance"", ""resource_zone"": ""us-central1-a"", ""vm"": ""mooc-worker""}",1330376
2026-09-27T05:05:00Z,"{""instance_name"": ""mooc-worker"", ""loadbalanced"": ""false"", ""resource_instance_id"": ""2832248983015202130"", ""resource_project_id"": ""proyecto-2-cloud-509714"", ""resource_type"": ""gce_instance"", ""resource_zone"": ""us-central1-a"", ""vm"": ""mooc-worker""}",193122
2026-09-27T06:42:00Z,"{""instance_name"": ""mooc-loadgen"", ""loadbalanced"": ""false"", ""resource_instance_id"": ""502815831568494144"", ""resource_project_id"": ""proyecto-2-cloud-509714"", ""resource_type"": ""gce_instance"", ""resource_zone"": ""us-central1-a"", ""vm"": ""mooc-loadgen""}",143
2026-09-27T06:41:00Z,"{""instance_name"": ""mooc-loadgen"", ""loadbalanced"": ""false"", ""resource_instance_id"": ""502815831568494144"", ""resource_project_id"": ""proyecto-2-cloud-509714"", ""resource_type"": ""gce_instance"", ""resource_zone"": ""us-central1-a"", ""vm"": ""mooc-loadgen""}",3308
2026-09-27T06:40:00Z,"{""instance_name"": ""mooc-loadgen"", ""loadbalanced"": ""false"", ""resource_instance_id"": ""502815831568494144"", ""resource_project_id"": ""proyecto-2-cloud-509714"", ""resource_type"": ""gce_instance"", ""resource_zone"": ""us-central1-a"", ""vm"": ""mooc-loadgen""}",1104
2026-09-27T06:39:00Z,"{""instance_name"": ""mooc-loadgen"", ""loadbalanced"": ""false"", ""resource_instance_id"": ""502815831568494144"", ""resource_project_id"": ""proyecto-2-cloud-509714"", ""resource_type"": ""gce_instance"", ""resource_zone"": ""us-central1-a"", ""vm"": ""mooc-loadgen""}",143
2026-09-27T06:38:00Z,"{""instance_name"": ""mooc-loadgen"", ""loadbalanced"": ""false"", ""resource_instance_id"": ""502815831568494144"", ""resource_project_id"": ""proyecto-2-cloud-509714"", ""resource_type"": ""gce_instance"", ""resource_zone"": ""us-central1-a"", ""vm"": ""mooc-loadgen""}",143
2026-09-27T06:37:00Z,"{""instance_name"": ""mooc-loadgen"", ""loadbalanced"": ""false"", ""resource_instance_id"": ""502815831568494144"", ""resource_project_id"": ""proyecto-2-cloud-509714"", ""resource_type"": ""gce_instance"", ""resource_zone"": ""us-central1-a"", ""vm"": ""mooc-loadgen""}",143
2026-09-27T06:36:00Z,"{""instance_name"": ""mooc-loadgen"", ""loadbalanced"": ""false"", ""resource_instance_id"": ""502815831568494144"", ""resource_project_id"": ""proyecto-2-cloud-509714"", ""resource_type"": ""gce_instance"", ""resource_zone"": ""us-central1-a"", ""vm"": ""mooc-loadgen""}",143
2026-09-27T06:35:00Z,"{""instance_name"": ""mooc-loadgen"", ""loadbalanced"": ""false"", ""resource_instance_id"": ""502815831568494144"", ""resource_project_id"": ""proyecto-2-cloud-509714"", ""resource_type"": ""gce_instance"", ""resource_zone"": ""us-central1-a"", ""vm"": ""mooc-loadgen""}",143
2026-09-27T06:34:00Z,"{""instance_name"": ""mooc-loadgen"", ""loadbalanced"": ""false"", ""resource_instance_id"": ""502815831568494144"", ""resource_project_id"": ""proyecto-2-cloud-509714"", ""resource_type"": ""gce_instance"", ""resource_zone"": ""us-central1-a"", ""vm"": ""mooc-loadgen""}",143
2026-09-27T06:33:00Z,"{""instance_name"": ""mooc-loadgen"", ""loadbalanced"": ""false"", ""resource_instance_id"": ""502815831568494144"", ""resource_project_id"": ""proyecto-2-cloud-509714"", ""resource_type"": ""gce_instance"", ""resource_zone"": ""us-central1-a"", ""vm"": ""mooc-loadgen""}",3287
2026-09-27T06:32:00Z,"{""instance_name"": ""mooc-loadgen"", ""loadbalanced"": ""false"", ""resource_instance_id"": ""502815831568494144"", ""resource_project_id"": ""proyecto-2-cloud-509714"", ""resource_type"": ""gce_instance"", ""resource_zone"": ""us-central1-a"", ""vm"": ""mooc-loadgen""}",1098
2026-09-27T06:31:00Z,"{""instance_name"": ""mooc-loadgen"", ""loadbalanced"": ""false"", ""resource_instance_id"": ""502815831568494144"", ""resource_project_id"": ""proyecto-2-cloud-509714"", ""resource_type"": ""gce_instance"", ""resource_zone"": ""us-central1-a"", ""vm"": ""mooc-loadgen""}",143
2026-09-27T06:30:00Z,"{""instance_name"": ""mooc-loadgen"", ""loadbalanced"": ""false"", ""resource_instance_id"": ""502815831568494144"", ""resource_project_id"": ""proyecto-2-cloud-509714"", ""resource_type"": ""gce_instance"", ""resource_zone"": ""us-central1-a"", ""vm"": ""mooc-loadgen""}",143
2026-09-27T06:29:00Z,"{""instance_name"": ""mooc-loadgen"", ""loadbalanced"": ""false"", ""resource_instance_id"": ""502815831568494144"", ""resource_project_id"": ""proyecto-2-cloud-509714"", ""resource_type"": ""gce_instance"", ""resource_zone"": ""us-central1-a"", ""vm"": ""mooc-loadgen""}",143
2026-09-27T06:28:00Z,"{""instance_name"": ""mooc-loadgen"", ""loadbalanced"": ""false"", ""resource_instance_id"": ""502815831568494144"", ""resource_project_id"": ""proyecto-2-cloud-509714"", ""resource_type"": ""gce_instance"", ""resource_zone"": ""us-central1-a"", ""vm"": ""mooc-loadgen""}",143
2026-09-27T06:27:00Z,"{""instance_name"": ""mooc-loadgen"", ""loadbalanced"": ""false"", ""resource_instance_id"": ""502815831568494144"", ""resource_project_id"": ""proyecto-2-cloud-509714"", ""resource_type"": ""gce_instance"", ""resource_zone"": ""us-central1-a"", ""vm"": ""mooc-loadgen""}",143
2026-09-27T06:26:00Z,"{""instance_name"": ""mooc-loadgen"", ""loadbalanced"": ""false"", ""resource_instance_id"": ""502815831568494144"", ""resource_project_id"": ""proyecto-2-cloud-509714"", ""resource_type"": ""gce_instance"", ""resource_zone"": ""us-central1-a"", ""vm"": ""mooc-loadgen""}",143
2026-09-27T06:25:00Z,"{""instance_name"": ""mooc-loadgen"", ""loadbalanced"": ""false"", ""resource_instance_id"": ""502815831568494144"", ""resource_project_id"": ""proyecto-2-cloud-509714"", ""resource_type"": ""gce_instance"", ""resource_zone"": ""us-central1-a"", ""vm"": ""mooc-loadgen""}",3967
2026-09-27T06:24:00Z,"{""instance_name"": ""mooc-loadgen"", ""loadbalanced"": ""false"", ""resource_instance_id"": ""502815831568494144"", ""resource_project_id"": ""proyecto-2-cloud-509714"", ""resource_type"": ""gce_instance"", ""resource_zone"": ""us-central1-a"", ""vm"": ""mooc-loadgen""}",1304
2026-09-27T06:23:00Z,"{""instance_name"": ""mooc-loadgen"", ""loadbalanced"": ""false"", ""resource_instance_id"": ""502815831568494144"", ""resource_project_id"": ""proyecto-2-cloud-509714"", ""resource_type"": ""gce_instance"", ""resource_zone"": ""us-central1-a"", ""vm"": ""mooc-loadgen""}",143
2026-09-27T06:22:00Z,"{""instance_name"": ""mooc-loadgen"", ""loadbalanced"": ""false"", ""resource_instance_id"": ""502815831568494144"", ""resource_project_id"": ""proyecto-2-cloud-509714"", ""resource_type"": ""gce_instance"", ""resource_zone"": ""us-central1-a"", ""vm"": ""mooc-loadgen""}",143
2026-09-27T06:21:00Z,"{""instance_name"": ""mooc-loadgen"", ""loadbalanced"": ""false"", ""resource_instance_id"": ""502815831568494144"", ""resource_project_id"": ""proyecto-2-cloud-509714"", ""resource_type"": ""gce_instance"", ""resource_zone"": ""us-central1-a"", ""vm"": ""mooc-loadgen""}",143
2026-09-27T06:20:00Z,"{""instance_name"": ""mooc-loadgen"", ""loadbalanced"": ""false"", ""resource_instance_id"": ""502815831568494144"", ""resource_project_id"": ""proyecto-2-cloud-509714"", ""resource_type"": ""gce_instance"", ""resource_zone"": ""us-central1-a"", ""vm"": ""mooc-loadgen""}",143
2026-09-27T06:19:00Z,"{""instance_name"": ""mooc-loadgen"", ""loadbalanced"": ""false"", ""resource_instance_id"": ""502815831568494144"", ""resource_project_id"": ""proyecto-2-cloud-509714"", ""resource_type"": ""gce_instance"", ""resource_zone"": ""us-central1-a"", ""vm"": ""mooc-loadgen""}",3285
2026-09-27T06:18:00Z,"{""instance_name"": ""mooc-loadgen"", ""loadbalanced"": ""false"", ""resource_instance_id"": ""502815831568494144"", ""resource_project_id"": ""proyecto-2-cloud-509714"", ""resource_type"": ""gce_instance"", ""resource_zone"": ""us-central1-a"", ""vm"": ""mooc-loadgen""}",1097
2026-09-27T06:17:00Z,"{""instance_name"": ""mooc-loadgen"", ""loadbalanced"": ""false"", ""resource_instance_id"": ""502815831568494144"", ""resource_project_id"": ""proyecto-2-cloud-509714"", ""resource_type"": ""gce_instance"", ""resource_zone"": ""us-central1-a"", ""vm"": ""mooc-loadgen""}",143
2026-09-27T06:16:00Z,"{""instance_name"": ""mooc-loadgen"", ""loadbalanced"": ""false"", ""resource_instance_id"": ""502815831568494144"", ""resource_project_id"": ""proyecto-2-cloud-509714"", ""resource_type"": ""gce_instance"", ""resource_zone"": ""us-central1-a"", ""vm"": ""mooc-loadgen""}",143
2026-09-27T06:15:00Z,"{""instance_name"": ""mooc-loadgen"", ""loadbalanced"": ""false"", ""resource_instance_id"": ""502815831568494144"", ""resource_project_id"": ""proyecto-2-cloud-509714"", ""resource_type"": ""gce_instance"", ""resource_zone"": ""us-central1-a"", ""vm"": ""mooc-loadgen""}",143
2026-09-27T06:14:00Z,"{""instance_name"": ""mooc-loadgen"", ""loadbalanced"": ""false"", ""resource_instance_id"": ""502815831568494144"", ""resource_project_id"": ""proyecto-2-cloud-509714"", ""resource_type"": ""gce_instance"", ""resource_zone"": ""us-central1-a"", ""vm"": ""mooc-loadgen""}",143
2026-09-27T06:13:00Z,"{""instance_name"": ""mooc-loadgen"", ""loadbalanced"": ""false"", ""resource_instance_id"": ""502815831568494144"", ""resource_project_id"": ""proyecto-2-cloud-509714"", ""resource_type"": ""gce_instance"", ""resource_zone"": ""us-central1-a"", ""vm"": ""mooc-loadgen""}",143
2026-09-27T06:12:00Z,"{""instance_name"": ""mooc-loadgen"", ""loadbalanced"": ""false"", ""resource_instance_id"": ""502815831568494144"", ""resource_project_id"": ""proyecto-2-cloud-509714"", ""resource_type"": ""gce_instance"", ""resource_zone"": ""us-central1-a"", ""vm"": ""mooc-loadgen""}",143
2026-09-27T06:11:00Z,"{""instance_name"": ""mooc-loadgen"", ""loadbalanced"": ""false"", ""resource_instance_id"": ""502815831568494144"", ""resource_project_id"": ""proyecto-2-cloud-509714"", ""resource_type"": ""gce_instance"", ""resource_zone"": ""us-central1-a"", ""vm"": ""mooc-loadgen""}",3285
2026-09-27T06:10:00Z,"{""instance_name"": ""mooc-loadgen"", ""loadbalanced"": ""false"", ""resource_instance_id"": ""502815831568494144"", ""resource_project_id"": ""proyecto-2-cloud-509714"", ""resource_type"": ""gce_instance"", ""resource_zone"": ""us-central1-a"", ""vm"": ""mooc-loadgen""}",1097
2026-09-27T06:09:00Z,"{""instance_name"": ""mooc-loadgen"", ""loadbalanced"": ""false"", ""resource_instance_id"": ""502815831568494144"", ""resource_project_id"": ""proyecto-2-cloud-509714"", ""resource_type"": ""gce_instance"", ""resource_zone"": ""us-central1-a"", ""vm"": ""mooc-loadgen""}",143
2026-09-27T06:08:00Z,"{""instance_name"": ""mooc-loadgen"", ""loadbalanced"": ""false"", ""resource_instance_id"": ""502815831568494144"", ""resource_project_id"": ""proyecto-2-cloud-509714"", ""resource_type"": ""gce_instance"", ""resource_zone"": ""us-central1-a"", ""vm"": ""mooc-loadgen""}",143
2026-09-27T06:07:00Z,"{""instance_name"": ""mooc-loadgen"", ""loadbalanced"": ""false"", ""resource_instance_id"": ""502815831568494144"", ""resource_project_id"": ""proyecto-2-cloud-509714"", ""resource_type"": ""gce_instance"", ""resource_zone"": ""us-central1-a"", ""vm"": ""mooc-loadgen""}",143
2026-09-27T06:06:00Z,"{""instance_name"": ""mooc-loadgen"", ""loadbalanced"": ""false"", ""resource_instance_id"": ""502815831568494144"", ""resource_project_id"": ""proyecto-2-cloud-509714"", ""resource_type"": ""gce_instance"", ""resource_zone"": ""us-central1-a"", ""vm"": ""mooc-loadgen""}",143
2026-09-27T06:05:00Z,"{""instance_name"": ""mooc-loadgen"", ""loadbalanced"": ""false"", ""resource_instance_id"": ""502815831568494144"", ""resource_project_id"": ""proyecto-2-cloud-509714"", ""resource_type"": ""gce_instance"", ""resource_zone"": ""us-central1-a"", ""vm"": ""mooc-loadgen""}",143
2026-09-27T06:04:00Z,"{""instance_name"": ""mooc-loadgen"", ""loadbalanced"": ""false"", ""resource_instance_id"": ""502815831568494144"", ""resource_project_id"": ""proyecto-2-cloud-509714"", ""resource_type"": ""gce_instance"", ""resource_zone"": ""us-central1-a"", ""vm"": ""mooc-loadgen""}",143
2026-09-27T06:03:00Z,"{""instance_name"": ""mooc-loadgen"", ""loadbalanced"": ""false"", ""resource_instance_id"": ""502815831568494144"", ""resource_project_id"": ""proyecto-2-cloud-509714"", ""resource_type"": ""gce_instance"", ""resource_zone"": ""us-central1-a"", ""vm"": ""mooc-loadgen""}",3285
2026-09-27T06:02:00Z,"{""instance_name"": ""mooc-loadgen"", ""loadbalanced"": ""false"", ""resource_instance_id"": ""502815831568494144"", ""resource_project_id"": ""proyecto-2-cloud-509714"", ""resource_type"": ""gce_instance"", ""resource_zone"": ""us-central1-a"", ""vm"": ""mooc-loadgen""}",1097
2026-09-27T06:01:00Z,"{""instance_name"": ""mooc-loadgen"", ""loadbalanced"": ""false"", ""resource_instance_id"": ""502815831568494144"", ""resource_project_id"": ""proyecto-2-cloud-509714"", ""resource_type"": ""gce_instance"", ""resource_zone"": ""us-central1-a"", ""vm"": ""mooc-loadgen""}",143
2026-09-27T06:00:00Z,"{""instance_name"": ""mooc-loadgen"", ""loadbalanced"": ""false"", ""resource_instance_id"": ""502815831568494144"", ""resource_project_id"": ""proyecto-2-cloud-509714"", ""resource_type"": ""gce_instance"", ""resource_zone"": ""us-central1-a"", ""vm"": ""mooc-loadgen""}",143
2026-09-27T05:59:00Z,"{""instance_name"": ""mooc-loadgen"", ""loadbalanced"": ""false"", ""resource_instance_id"": ""502815831568494144"", ""resource_project_id"": ""proyecto-2-cloud-509714"", ""resource_type"": ""gce_instance"", ""resource_zone"": ""us-central1-a"", ""vm"": ""mooc-loadgen""}",143
2026-09-27T05:58:00Z,"{""instance_name"": ""mooc-loadgen"", ""loadbalanced"": ""false"", ""resource_instance_id"": ""502815831568494144"", ""resource_project_id"": ""proyecto-2-cloud-509714"", ""resource_type"": ""gce_instance"", ""resource_zone"": ""us-central1-a"", ""vm"": ""mooc-loadgen""}",143
2026-09-27T05:57:00Z,"{""instance_name"": ""mooc-loadgen"", ""loadbalanced"": ""false"", ""resource_instance_id"": ""502815831568494144"", ""resource_project_id"": ""proyecto-2-cloud-509714"", ""resource_type"": ""gce_instance"", ""resource_zone"": ""us-central1-a"", ""vm"": ""mooc-loadgen""}",143
2026-09-27T05:56:00Z,"{""instance_name"": ""mooc-loadgen"", ""loadbalanced"": ""false"", ""resource_instance_id"": ""502815831568494144"", ""resource_project_id"": ""proyecto-2-cloud-509714"", ""resource_type"": ""gce_instance"", ""resource_zone"": ""us-central1-a"", ""vm"": ""mooc-loadgen""}",143
2026-09-27T05:55:00Z,"{""instance_name"": ""mooc-loadgen"", ""loadbalanced"": ""false"", ""resource_instance_id"": ""502815831568494144"", ""resource_project_id"": ""proyecto-2-cloud-509714"", ""resource_type"": ""gce_instance"", ""resource_zone"": ""us-central1-a"", ""vm"": ""mooc-loadgen""}",5656
2026-09-27T05:54:00Z,"{""instance_name"": ""mooc-loadgen"", ""loadbalanced"": ""false"", ""resource_instance_id"": ""502815831568494144"", ""resource_project_id"": ""proyecto-2-cloud-509714"", ""resource_type"": ""gce_instance"", ""resource_zone"": ""us-central1-a"", ""vm"": ""mooc-loadgen""}",1817
2026-09-27T05:53:00Z,"{""instance_name"": ""mooc-loadgen"", ""loadbalanced"": ""false"", ""resource_instance_id"": ""502815831568494144"", ""resource_project_id"": ""proyecto-2-cloud-509714"", ""resource_type"": ""gce_instance"", ""resource_zone"": ""us-central1-a"", ""vm"": ""mooc-loadgen""}",3325
2026-09-27T05:52:00Z,"{""instance_name"": ""mooc-loadgen"", ""loadbalanced"": ""false"", ""resource_instance_id"": ""502815831568494144"", ""resource_project_id"": ""proyecto-2-cloud-509714"", ""resource_type"": ""gce_instance"", ""resource_zone"": ""us-central1-a"", ""vm"": ""mooc-loadgen""}",1109
2026-09-27T05:51:00Z,"{""instance_name"": ""mooc-loadgen"", ""loadbalanced"": ""false"", ""resource_instance_id"": ""502815831568494144"", ""resource_project_id"": ""proyecto-2-cloud-509714"", ""resource_type"": ""gce_instance"", ""resource_zone"": ""us-central1-a"", ""vm"": ""mooc-loadgen""}",143
2026-09-27T05:50:00Z,"{""instance_name"": ""mooc-loadgen"", ""loadbalanced"": ""false"", ""resource_instance_id"": ""502815831568494144"", ""resource_project_id"": ""proyecto-2-cloud-509714"", ""resource_type"": ""gce_instance"", ""resource_zone"": ""us-central1-a"", ""vm"": ""mooc-loadgen""}",143
2026-09-27T05:49:00Z,"{""instance_name"": ""mooc-loadgen"", ""loadbalanced"": ""false"", ""resource_instance_id"": ""502815831568494144"", ""resource_project_id"": ""proyecto-2-cloud-509714"", ""resource_type"": ""gce_instance"", ""resource_zone"": ""us-central1-a"", ""vm"": ""mooc-loadgen""}",143
2026-09-27T05:48:00Z,"{""instance_name"": ""mooc-loadgen"", ""loadbalanced"": ""false"", ""resource_instance_id"": ""502815831568494144"", ""resource_project_id"": ""proyecto-2-cloud-509714"", ""resource_type"": ""gce_instance"", ""resource_zone"": ""us-central1-a"", ""vm"": ""mooc-loadgen""}",143
2026-09-27T05:47:00Z,"{""instance_name"": ""mooc-loadgen"", ""loadbalanced"": ""false"", ""resource_instance_id"": ""502815831568494144"", ""resource_project_id"": ""proyecto-2-cloud-509714"", ""resource_type"": ""gce_instance"", ""resource_zone"": ""us-central1-a"", ""vm"": ""mooc-loadgen""}",143
2026-09-27T05:46:00Z,"{""instance_name"": ""mooc-loadgen"", ""loadbalanced"": ""false"", ""resource_instance_id"": ""502815831568494144"", ""resource_project_id"": ""proyecto-2-cloud-509714"", ""resource_type"": ""gce_instance"", ""resource_zone"": ""us-central1-a"", ""vm"": ""mooc-loadgen""}",143
2026-09-27T05:45:00Z,"{""instance_name"": ""mooc-loadgen"", ""loadbalanced"": ""false"", ""resource_instance_id"": ""502815831568494144"", ""resource_project_id"": ""proyecto-2-cloud-509714"", ""resource_type"": ""gce_instance"", ""resource_zone"": ""us-central1-a"", ""vm"": ""mooc-loadgen""}",3285
2026-09-27T05:44:00Z,"{""instance_name"": ""mooc-loadgen"", ""loadbalanced"": ""false"", ""resource_instance_id"": ""502815831568494144"", ""resource_project_id"": ""proyecto-2-cloud-509714"", ""resource_type"": ""gce_instance"", ""resource_zone"": ""us-central1-a"", ""vm"": ""mooc-loadgen""}",1097
2026-09-27T05:43:00Z,"{""instance_name"": ""mooc-loadgen"", ""loadbalanced"": ""false"", ""resource_instance_id"": ""502815831568494144"", ""resource_project_id"": ""proyecto-2-cloud-509714"", ""resource_type"": ""gce_instance"", ""resource_zone"": ""us-central1-a"", ""vm"": ""mooc-loadgen""}",143
2026-09-27T05:42:00Z,"{""instance_name"": ""mooc-loadgen"", ""loadbalanced"": ""false"", ""resource_instance_id"": ""502815831568494144"", ""resource_project_id"": ""proyecto-2-cloud-509714"", ""resource_type"": ""gce_instance"", ""resource_zone"": ""us-central1-a"", ""vm"": ""mooc-loadgen""}",143
2026-09-27T05:41:00Z,"{""instance_name"": ""mooc-loadgen"", ""loadbalanced"": ""false"", ""resource_instance_id"": ""502815831568494144"", ""resource_project_id"": ""proyecto-2-cloud-509714"", ""resource_type"": ""gce_instance"", ""resource_zone"": ""us-central1-a"", ""vm"": ""mooc-loadgen""}",143
2026-09-27T05:40:00Z,"{""instance_name"": ""mooc-loadgen"", ""loadbalanced"": ""false"", ""resource_instance_id"": ""502815831568494144"", ""resource_project_id"": ""proyecto-2-cloud-509714"", ""resource_type"": ""gce_instance"", ""resource_zone"": ""us-central1-a"", ""vm"": ""mooc-loadgen""}",143
2026-09-27T05:39:00Z,"{""instance_name"": ""mooc-loadgen"", ""loadbalanced"": ""false"", ""resource_instance_id"": ""502815831568494144"", ""resource_project_id"": ""proyecto-2-cloud-509714"", ""resource_type"": ""gce_instance"", ""resource_zone"": ""us-central1-a"", ""vm"": ""mooc-loadgen""}",143
2026-09-27T05:38:00Z,"{""instance_name"": ""mooc-loadgen"", ""loadbalanced"": ""false"", ""resource_instance_id"": ""502815831568494144"", ""resource_project_id"": ""proyecto-2-cloud-509714"", ""resource_type"": ""gce_instance"", ""resource_zone"": ""us-central1-a"", ""vm"": ""mooc-loadgen""}",143
2026-09-27T05:37:00Z,"{""instance_name"": ""mooc-loadgen"", ""loadbalanced"": ""false"", ""resource_instance_id"": ""502815831568494144"", ""resource_project_id"": ""proyecto-2-cloud-509714"", ""resource_type"": ""gce_instance"", ""resource_zone"": ""us-central1-a"", ""vm"": ""mooc-loadgen""}",3307
2026-09-27T05:36:00Z,"{""instance_name"": ""mooc-loadgen"", ""loadbalanced"": ""false"", ""resource_instance_id"": ""502815831568494144"", ""resource_project_id"": ""proyecto-2-cloud-509714"", ""resource_type"": ""gce_instance"", ""resource_zone"": ""us-central1-a"", ""vm"": ""mooc-loadgen""}",1103
2026-09-27T05:35:00Z,"{""instance_name"": ""mooc-loadgen"", ""loadbalanced"": ""false"", ""resource_instance_id"": ""502815831568494144"", ""resource_project_id"": ""proyecto-2-cloud-509714"", ""resource_type"": ""gce_instance"", ""resource_zone"": ""us-central1-a"", ""vm"": ""mooc-loadgen""}",143
2026-09-27T05:34:00Z,"{""instance_name"": ""mooc-loadgen"", ""loadbalanced"": ""false"", ""resource_instance_id"": ""502815831568494144"", ""resource_project_id"": ""proyecto-2-cloud-509714"", ""resource_type"": ""gce_instance"", ""resource_zone"": ""us-central1-a"", ""vm"": ""mooc-loadgen""}",143
2026-09-27T05:33:00Z,"{""instance_name"": ""mooc-loadgen"", ""loadbalanced"": ""false"", ""resource_instance_id"": ""502815831568494144"", ""resource_project_id"": ""proyecto-2-cloud-509714"", ""resource_type"": ""gce_instance"", ""resource_zone"": ""us-central1-a"", ""vm"": ""mooc-loadgen""}",143
2026-09-27T05:32:00Z,"{""instance_name"": ""mooc-loadgen"", ""loadbalanced"": ""false"", ""resource_instance_id"": ""502815831568494144"", ""resource_project_id"": ""proyecto-2-cloud-509714"", ""resource_type"": ""gce_instance"", ""resource_zone"": ""us-central1-a"", ""vm"": ""mooc-loadgen""}",143
2026-09-27T05:31:00Z,"{""instance_name"": ""mooc-loadgen"", ""loadbalanced"": ""false"", ""resource_instance_id"": ""502815831568494144"", ""resource_project_id"": ""proyecto-2-cloud-509714"", ""resource_type"": ""gce_instance"", ""resource_zone"": ""us-central1-a"", ""vm"": ""mooc-loadgen""}",143
2026-09-27T05:30:00Z,"{""instance_name"": ""mooc-loadgen"", ""loadbalanced"": ""false"", ""resource_instance_id"": ""502815831568494144"", ""resource_project_id"": ""proyecto-2-cloud-509714"", ""resource_type"": ""gce_instance"", ""resource_zone"": ""us-central1-a"", ""vm"": ""mooc-loadgen""}",143
2026-09-27T05:29:00Z,"{""instance_name"": ""mooc-loadgen"", ""loadbalanced"": ""false"", ""resource_instance_id"": ""502815831568494144"", ""resource_project_id"": ""proyecto-2-cloud-509714"", ""resource_type"": ""gce_instance"", ""resource_zone"": ""us-central1-a"", ""vm"": ""mooc-loadgen""}",3285
2026-09-27T05:28:00Z,"{""instance_name"": ""mooc-loadgen"", ""loadbalanced"": ""false"", ""resource_instance_id"": ""502815831568494144"", ""resource_project_id"": ""proyecto-2-cloud-509714"", ""resource_type"": ""gce_instance"", ""resource_zone"": ""us-central1-a"", ""vm"": ""mooc-loadgen""}",1097
2026-09-27T05:27:00Z,"{""instance_name"": ""mooc-loadgen"", ""loadbalanced"": ""false"", ""resource_instance_id"": ""502815831568494144"", ""resource_project_id"": ""proyecto-2-cloud-509714"", ""resource_type"": ""gce_instance"", ""resource_zone"": ""us-central1-a"", ""vm"": ""mooc-loadgen""}",143
2026-09-27T05:26:00Z,"{""instance_name"": ""mooc-loadgen"", ""loadbalanced"": ""false"", ""resource_instance_id"": ""502815831568494144"", ""resource_project_id"": ""proyecto-2-cloud-509714"", ""resource_type"": ""gce_instance"", ""resource_zone"": ""us-central1-a"", ""vm"": ""mooc-loadgen""}",143
2026-09-27T05:25:00Z,"{""instance_name"": ""mooc-loadgen"", ""loadbalanced"": ""false"", ""resource_instance_id"": ""502815831568494144"", ""resource_project_id"": ""proyecto-2-cloud-509714"", ""resource_type"": ""gce_instance"", ""resource_zone"": ""us-central1-a"", ""vm"": ""mooc-loadgen""}",143
2026-09-27T05:24:00Z,"{""instance_name"": ""mooc-loadgen"", ""loadbalanced"": ""false"", ""resource_instance_id"": ""502815831568494144"", ""resource_project_id"": ""proyecto-2-cloud-509714"", ""resource_type"": ""gce_instance"", ""resource_zone"": ""us-central1-a"", ""vm"": ""mooc-loadgen""}",143
2026-09-27T05:23:00Z,"{""instance_name"": ""mooc-loadgen"", ""loadbalanced"": ""false"", ""resource_instance_id"": ""502815831568494144"", ""resource_project_id"": ""proyecto-2-cloud-509714"", ""resource_type"": ""gce_instance"", ""resource_zone"": ""us-central1-a"", ""vm"": ""mooc-loadgen""}",143
2026-09-27T05:22:00Z,"{""instance_name"": ""mooc-loadgen"", ""loadbalanced"": ""false"", ""resource_instance_id"": ""502815831568494144"", ""resource_project_id"": ""proyecto-2-cloud-509714"", ""resource_type"": ""gce_instance"", ""resource_zone"": ""us-central1-a"", ""vm"": ""mooc-loadgen""}",143
2026-09-27T05:21:00Z,"{""instance_name"": ""mooc-loadgen"", ""loadbalanced"": ""false"", ""resource_instance_id"": ""502815831568494144"", ""resource_project_id"": ""proyecto-2-cloud-509714"", ""resource_type"": ""gce_instance"", ""resource_zone"": ""us-central1-a"", ""vm"": ""mooc-loadgen""}",4003
2026-09-27T05:20:00Z,"{""instance_name"": ""mooc-loadgen"", ""loadbalanced"": ""false"", ""resource_instance_id"": ""502815831568494144"", ""resource_project_id"": ""proyecto-2-cloud-509714"", ""resource_type"": ""gce_instance"", ""resource_zone"": ""us-central1-a"", ""vm"": ""mooc-loadgen""}",1315
2026-09-27T05:19:00Z,"{""instance_name"": ""mooc-loadgen"", ""loadbalanced"": ""false"", ""resource_instance_id"": ""502815831568494144"", ""resource_project_id"": ""proyecto-2-cloud-509714"", ""resource_type"": ""gce_instance"", ""resource_zone"": ""us-central1-a"", ""vm"": ""mooc-loadgen""}",143
2026-09-27T05:18:00Z,"{""instance_name"": ""mooc-loadgen"", ""loadbalanced"": ""false"", ""resource_instance_id"": ""502815831568494144"", ""resource_project_id"": ""proyecto-2-cloud-509714"", ""resource_type"": ""gce_instance"", ""resource_zone"": ""us-central1-a"", ""vm"": ""mooc-loadgen""}",143
2026-09-27T05:17:00Z,"{""instance_name"": ""mooc-loadgen"", ""loadbalanced"": ""false"", ""resource_instance_id"": ""502815831568494144"", ""resource_project_id"": ""proyecto-2-cloud-509714"", ""resource_type"": ""gce_instance"", ""resource_zone"": ""us-central1-a"", ""vm"": ""mooc-loadgen""}",143
2026-09-27T05:16:00Z,"{""instance_name"": ""mooc-loadgen"", ""loadbalanced"": ""false"", ""resource_instance_id"": ""502815831568494144"", ""resource_project_id"": ""proyecto-2-cloud-509714"", ""resource_type"": ""gce_instance"", ""resource_zone"": ""us-central1-a"", ""vm"": ""mooc-loadgen""}",143
2026-09-27T05:15:00Z,"{""instance_name"": ""mooc-loadgen"", ""loadbalanced"": ""false"", ""resource_instance_id"": ""502815831568494144"", ""resource_project_id"": ""proyecto-2-cloud-509714"", ""resource_type"": ""gce_instance"", ""resource_zone"": ""us-central1-a"", ""vm"": ""mooc-loadgen""}",3285
2026-09-27T05:14:00Z,"{""instance_name"": ""mooc-loadgen"", ""loadbalanced"": ""false"", ""resource_instance_id"": ""502815831568494144"", ""resource_project_id"": ""proyecto-2-cloud-509714"", ""resource_type"": ""gce_instance"", ""resource_zone"": ""us-central1-a"", ""vm"": ""mooc-loadgen""}",1097
2026-09-27T05:13:00Z,"{""instance_name"": ""mooc-loadgen"", ""loadbalanced"": ""false"", ""resource_instance_id"": ""502815831568494144"", ""resource_project_id"": ""proyecto-2-cloud-509714"", ""resource_type"": ""gce_instance"", ""resource_zone"": ""us-central1-a"", ""vm"": ""mooc-loadgen""}",143
2026-09-27T05:12:00Z,"{""instance_name"": ""mooc-loadgen"", ""loadbalanced"": ""false"", ""resource_instance_id"": ""502815831568494144"", ""resource_project_id"": ""proyecto-2-cloud-509714"", ""resource_type"": ""gce_instance"", ""resource_zone"": ""us-central1-a"", ""vm"": ""mooc-loadgen""}",143
2026-09-27T05:11:00Z,"{""instance_name"": ""mooc-loadgen"", ""loadbalanced"": ""false"", ""resource_instance_id"": ""502815831568494144"", ""resource_project_id"": ""proyecto-2-cloud-509714"", ""resource_type"": ""gce_instance"", ""resource_zone"": ""us-central1-a"", ""vm"": ""mooc-loadgen""}",143
2026-09-27T05:10:00Z,"{""instance_name"": ""mooc-loadgen"", ""loadbalanced"": ""false"", ""resource_instance_id"": ""502815831568494144"", ""resource_project_id"": ""proyecto-2-cloud-509714"", ""resource_type"": ""gce_instance"", ""resource_zone"": ""us-central1-a"", ""vm"": ""mooc-loadgen""}",143
2026-09-27T05:09:00Z,"{""instance_name"": ""mooc-loadgen"", ""loadbalanced"": ""false"", ""resource_instance_id"": ""502815831568494144"", ""resource_project_id"": ""proyecto-2-cloud-509714"", ""resource_type"": ""gce_instance"", ""resource_zone"": ""us-central1-a"", ""vm"": ""mooc-loadgen""}",143
2026-09-27T05:08:00Z,"{""instance_name"": ""mooc-loadgen"", ""loadbalanced"": ""false"", ""resource_instance_id"": ""502815831568494144"", ""resource_project_id"": ""proyecto-2-cloud-509714"", ""resource_type"": ""gce_instance"", ""resource_zone"": ""us-central1-a"", ""vm"": ""mooc-loadgen""}",143
2026-09-27T05:07:00Z,"{""instance_name"": ""mooc-loadgen"", ""loadbalanced"": ""false"", ""resource_instance_id"": ""502815831568494144"", ""resource_project_id"": ""proyecto-2-cloud-509714"", ""resource_type"": ""gce_instance"", ""resource_zone"": ""us-central1-a"", ""vm"": ""mooc-loadgen""}",3247
2026-09-27T05:06:00Z,"{""instance_name"": ""mooc-loadgen"", ""loadbalanced"": ""false"", ""resource_instance_id"": ""502815831568494144"", ""resource_project_id"": ""proyecto-2-cloud-509714"", ""resource_type"": ""gce_instance"", ""resource_zone"": ""us-central1-a"", ""vm"": ""mooc-loadgen""}",1086
2026-09-27T05:05:00Z,"{""instance_name"": ""mooc-loadgen"", ""loadbalanced"": ""false"", ""resource_instance_id"": ""502815831568494144"", ""resource_project_id"": ""proyecto-2-cloud-509714"", ""resource_type"": ""gce_instance"", ""resource_zone"": ""us-central1-a"", ""vm"": ""mooc-loadgen""}",143
2026-09-27T05:04:00Z,"{""instance_name"": ""mooc-loadgen"", ""loadbalanced"": ""false"", ""resource_instance_id"": ""502815831568494144"", ""resource_project_id"": ""proyecto-2-cloud-509714"", ""resource_type"": ""gce_instance"", ""resource_zone"": ""us-central1-a"", ""vm"": ""mooc-loadgen""}",143
2026-09-27T05:03:00Z,"{""instance_name"": ""mooc-loadgen"", ""loadbalanced"": ""false"", ""resource_instance_id"": ""502815831568494144"", ""resource_project_id"": ""proyecto-2-cloud-509714"", ""resource_type"": ""gce_instance"", ""resource_zone"": ""us-central1-a"", ""vm"": ""mooc-loadgen""}",143
2026-09-27T05:02:00Z,"{""instance_name"": ""mooc-loadgen"", ""loadbalanced"": ""false"", ""resource_instance_id"": ""502815831568494144"", ""resource_project_id"": ""proyecto-2-cloud-509714"", ""resource_type"": ""gce_instance"", ""resource_zone"": ""us-central1-a"", ""vm"": ""mooc-loadgen""}",143
2026-09-27T05:01:00Z,"{""instance_name"": ""mooc-loadgen"", ""loadbalanced"": ""false"", ""resource_instance_id"": ""502815831568494144"", ""resource_project_id"": ""proyecto-2-cloud-509714"", ""resource_type"": ""gce_instance"", ""resource_zone"": ""us-central1-a"", ""vm"": ""mooc-loadgen""}",143
2026-09-27T05:00:00Z,"{""instance_name"": ""mooc-loadgen"", ""loadbalanced"": ""false"", ""resource_instance_id"": ""502815831568494144"", ""resource_project_id"": ""proyecto-2-cloud-509714"", ""resource_type"": ""gce_instance"", ""resource_zone"": ""us-central1-a"", ""vm"": ""mooc-loadgen""}",143
2026-09-27T04:59:00Z,"{""instance_name"": ""mooc-loadgen"", ""loadbalanced"": ""false"", ""resource_instance_id"": ""502815831568494144"", ""resource_project_id"": ""proyecto-2-cloud-509714"", ""resource_type"": ""gce_instance"", ""resource_zone"": ""us-central1-a"", ""vm"": ""mooc-loadgen""}",3287
2026-09-27T04:58:00Z,"{""instance_name"": ""mooc-loadgen"", ""loadbalanced"": ""false"", ""resource_instance_id"": ""502815831568494144"", ""resource_project_id"": ""proyecto-2-cloud-509714"", ""resource_type"": ""gce_instance"", ""resource_zone"": ""us-central1-a"", ""vm"": ""mooc-loadgen""}",1098
2026-09-27T04:57:00Z,"{""instance_name"": ""mooc-loadgen"", ""loadbalanced"": ""false"", ""resource_instance_id"": ""502815831568494144"", ""resource_project_id"": ""proyecto-2-cloud-509714"", ""resource_type"": ""gce_instance"", ""resource_zone"": ""us-central1-a"", ""vm"": ""mooc-loadgen""}",143
2026-09-27T04:56:00Z,"{""instance_name"": ""mooc-loadgen"", ""loadbalanced"": ""false"", ""resource_instance_id"": ""502815831568494144"", ""resource_project_id"": ""proyecto-2-cloud-509714"", ""resource_type"": ""gce_instance"", ""resource_zone"": ""us-central1-a"", ""vm"": ""mooc-loadgen""}",143
2026-09-27T04:55:00Z,"{""instance_name"": ""mooc-loadgen"", ""loadbalanced"": ""false"", ""resource_instance_id"": ""502815831568494144"", ""resource_project_id"": ""proyecto-2-cloud-509714"", ""resource_type"": ""gce_instance"", ""resource_zone"": ""us-central1-a"", ""vm"": ""mooc-loadgen""}",143
2026-09-27T04:54:00Z,"{""instance_name"": ""mooc-loadgen"", ""loadbalanced"": ""false"", ""resource_instance_id"": ""502815831568494144"", ""resource_project_id"": ""proyecto-2-cloud-509714"", ""resource_type"": ""gce_instance"", ""resource_zone"": ""us-central1-a"", ""vm"": ""mooc-loadgen""}",143
2026-09-27T04:53:00Z,"{""instance_name"": ""mooc-loadgen"", ""loadbalanced"": ""false"", ""resource_instance_id"": ""502815831568494144"", ""resource_project_id"": ""proyecto-2-cloud-509714"", ""resource_type"": ""gce_instance"", ""resource_zone"": ""us-central1-a"", ""vm"": ""mooc-loadgen""}",143
2026-09-27T04:52:00Z,"{""instance_name"": ""mooc-loadgen"", ""loadbalanced"": ""false"", ""resource_instance_id"": ""502815831568494144"", ""resource_project_id"": ""proyecto-2-cloud-509714"", ""resource_type"": ""gce_instance"", ""resource_zone"": ""us-central1-a"", ""vm"": ""mooc-loadgen""}",143
2026-09-27T04:51:00Z,"{""instance_name"": ""mooc-loadgen"", ""loadbalanced"": ""false"", ""resource_instance_id"": ""502815831568494144"", ""resource_project_id"": ""proyecto-2-cloud-509714"", ""resource_type"": ""gce_instance"", ""resource_zone"": ""us-central1-a"", ""vm"": ""mooc-loadgen""}",3158
2026-09-27T04:50:00Z,"{""instance_name"": ""mooc-loadgen"", ""loadbalanced"": ""false"", ""resource_instance_id"": ""502815831568494144"", ""resource_project_id"": ""proyecto-2-cloud-509714"", ""resource_type"": ""gce_instance"", ""resource_zone"": ""us-central1-a"", ""vm"": ""mooc-loadgen""}",4318
2026-09-27T04:49:00Z,"{""instance_name"": ""mooc-loadgen"", ""loadbalanced"": ""false"", ""resource_instance_id"": ""502815831568494144"", ""resource_project_id"": ""proyecto-2-cloud-509714"", ""resource_type"": ""gce_instance"", ""resource_zone"": ""us-central1-a"", ""vm"": ""mooc-loadgen""}",1133
2026-09-27T04:48:00Z,"{""instance_name"": ""mooc-loadgen"", ""loadbalanced"": ""false"", ""resource_instance_id"": ""502815831568494144"", ""resource_project_id"": ""proyecto-2-cloud-509714"", ""resource_type"": ""gce_instance"", ""resource_zone"": ""us-central1-a"", ""vm"": ""mooc-loadgen""}",143
2026-09-27T04:47:00Z,"{""instance_name"": ""mooc-loadgen"", ""loadbalanced"": ""false"", ""resource_instance_id"": ""502815831568494144"", ""resource_project_id"": ""proyecto-2-cloud-509714"", ""resource_type"": ""gce_instance"", ""resource_zone"": ""us-central1-a"", ""vm"": ""mooc-loadgen""}",143
2026-09-27T04:46:00Z,"{""instance_name"": ""mooc-loadgen"", ""loadbalanced"": ""false"", ""resource_instance_id"": ""502815831568494144"", ""resource_project_id"": ""proyecto-2-cloud-509714"", ""resource_type"": ""gce_instance"", ""resource_zone"": ""us-central1-a"", ""vm"": ""mooc-loadgen""}",143
2026-09-27T04:45:00Z,"{""instance_name"": ""mooc-loadgen"", ""loadbalanced"": ""false"", ""resource_instance_id"": ""502815831568494144"", ""resource_project_id"": ""proyecto-2-cloud-509714"", ""resource_type"": ""gce_instance"", ""resource_zone"": ""us-central1-a"", ""vm"": ""mooc-loadgen""}",143
2026-09-27T04:44:00Z,"{""instance_name"": ""mooc-loadgen"", ""loadbalanced"": ""false"", ""resource_instance_id"": ""502815831568494144"", ""resource_project_id"": ""proyecto-2-cloud-509714"", ""resource_type"": ""gce_instance"", ""resource_zone"": ""us-central1-a"", ""vm"": ""mooc-loadgen""}",302
2026-09-27T04:43:00Z,"{""instance_name"": ""mooc-loadgen"", ""loadbalanced"": ""false"", ""resource_instance_id"": ""502815831568494144"", ""resource_project_id"": ""proyecto-2-cloud-509714"", ""resource_type"": ""gce_instance"", ""resource_zone"": ""us-central1-a"", ""vm"": ""mooc-loadgen""}",3586
2026-09-27T04:42:00Z,"{""instance_name"": ""mooc-loadgen"", ""loadbalanced"": ""false"", ""resource_instance_id"": ""502815831568494144"", ""resource_project_id"": ""proyecto-2-cloud-509714"", ""resource_type"": ""gce_instance"", ""resource_zone"": ""us-central1-a"", ""vm"": ""mooc-loadgen""}",1332
2026-09-27T04:41:00Z,"{""instance_name"": ""mooc-loadgen"", ""loadbalanced"": ""false"", ""resource_instance_id"": ""502815831568494144"", ""resource_project_id"": ""proyecto-2-cloud-509714"", ""resource_type"": ""gce_instance"", ""resource_zone"": ""us-central1-a"", ""vm"": ""mooc-loadgen""}",351
2026-09-27T04:40:00Z,"{""instance_name"": ""mooc-loadgen"", ""loadbalanced"": ""false"", ""resource_instance_id"": ""502815831568494144"", ""resource_project_id"": ""proyecto-2-cloud-509714"", ""resource_type"": ""gce_instance"", ""resource_zone"": ""us-central1-a"", ""vm"": ""mooc-loadgen""}",351
2026-09-27T04:39:00Z,"{""instance_name"": ""mooc-loadgen"", ""loadbalanced"": ""false"", ""resource_instance_id"": ""502815831568494144"", ""resource_project_id"": ""proyecto-2-cloud-509714"", ""resource_type"": ""gce_instance"", ""resource_zone"": ""us-central1-a"", ""vm"": ""mooc-loadgen""}",403
2026-09-27T04:38:00Z,"{""instance_name"": ""mooc-loadgen"", ""loadbalanced"": ""false"", ""resource_instance_id"": ""502815831568494144"", ""resource_project_id"": ""proyecto-2-cloud-509714"", ""resource_type"": ""gce_instance"", ""resource_zone"": ""us-central1-a"", ""vm"": ""mooc-loadgen""}",367
2026-09-27T04:37:00Z,"{""instance_name"": ""mooc-loadgen"", ""loadbalanced"": ""false"", ""resource_instance_id"": ""502815831568494144"", ""resource_project_id"": ""proyecto-2-cloud-509714"", ""resource_type"": ""gce_instance"", ""resource_zone"": ""us-central1-a"", ""vm"": ""mooc-loadgen""}",351
2026-09-27T04:36:00Z,"{""instance_name"": ""mooc-loadgen"", ""loadbalanced"": ""false"", ""resource_instance_id"": ""502815831568494144"", ""resource_project_id"": ""proyecto-2-cloud-509714"", ""resource_type"": ""gce_instance"", ""resource_zone"": ""us-central1-a"", ""vm"": ""mooc-loadgen""}",351
2026-09-27T04:35:00Z,"{""instance_name"": ""mooc-loadgen"", ""loadbalanced"": ""false"", ""resource_instance_id"": ""502815831568494144"", ""resource_project_id"": ""proyecto-2-cloud-509714"", ""resource_type"": ""gce_instance"", ""resource_zone"": ""us-central1-a"", ""vm"": ""mooc-loadgen""}",7324
2026-09-27T04:34:00Z,"{""instance_name"": ""mooc-loadgen"", ""loadbalanced"": ""false"", ""resource_instance_id"": ""502815831568494144"", ""resource_project_id"": ""proyecto-2-cloud-509714"", ""resource_type"": ""gce_instance"", ""resource_zone"": ""us-central1-a"", ""vm"": ""mooc-loadgen""}",2308
2026-09-27T04:33:00Z,"{""instance_name"": ""mooc-loadgen"", ""loadbalanced"": ""false"", ""resource_instance_id"": ""502815831568494144"", ""resource_project_id"": ""proyecto-2-cloud-509714"", ""resource_type"": ""gce_instance"", ""resource_zone"": ""us-central1-a"", ""vm"": ""mooc-loadgen""}",143
2026-09-27T04:32:00Z,"{""instance_name"": ""mooc-loadgen"", ""loadbalanced"": ""false"", ""resource_instance_id"": ""502815831568494144"", ""resource_project_id"": ""proyecto-2-cloud-509714"", ""resource_type"": ""gce_instance"", ""resource_zone"": ""us-central1-a"", ""vm"": ""mooc-loadgen""}",143
2026-09-27T04:31:00Z,"{""instance_name"": ""mooc-loadgen"", ""loadbalanced"": ""false"", ""resource_instance_id"": ""502815831568494144"", ""resource_project_id"": ""proyecto-2-cloud-509714"", ""resource_type"": ""gce_instance"", ""resource_zone"": ""us-central1-a"", ""vm"": ""mooc-loadgen""}",143
2026-09-27T04:30:00Z,"{""instance_name"": ""mooc-loadgen"", ""loadbalanced"": ""false"", ""resource_instance_id"": ""502815831568494144"", ""resource_project_id"": ""proyecto-2-cloud-509714"", ""resource_type"": ""gce_instance"", ""resource_zone"": ""us-central1-a"", ""vm"": ""mooc-loadgen""}",143
2026-09-27T04:29:00Z,"{""instance_name"": ""mooc-loadgen"", ""loadbalanced"": ""false"", ""resource_instance_id"": ""502815831568494144"", ""resource_project_id"": ""proyecto-2-cloud-509714"", ""resource_type"": ""gce_instance"", ""resource_zone"": ""us-central1-a"", ""vm"": ""mooc-loadgen""}",143
2026-09-27T04:28:00Z,"{""instance_name"": ""mooc-loadgen"", ""loadbalanced"": ""false"", ""resource_instance_id"": ""502815831568494144"", ""resource_project_id"": ""proyecto-2-cloud-509714"", ""resource_type"": ""gce_instance"", ""resource_zone"": ""us-central1-a"", ""vm"": ""mooc-loadgen""}",143
2026-09-27T04:27:00Z,"{""instance_name"": ""mooc-loadgen"", ""loadbalanced"": ""false"", ""resource_instance_id"": ""502815831568494144"", ""resource_project_id"": ""proyecto-2-cloud-509714"", ""resource_type"": ""gce_instance"", ""resource_zone"": ""us-central1-a"", ""vm"": ""mooc-loadgen""}",3325
2026-09-27T04:26:00Z,"{""instance_name"": ""mooc-loadgen"", ""loadbalanced"": ""false"", ""resource_instance_id"": ""502815831568494144"", ""resource_project_id"": ""proyecto-2-cloud-509714"", ""resource_type"": ""gce_instance"", ""resource_zone"": ""us-central1-a"", ""vm"": ""mooc-loadgen""}",1109
2026-09-27T04:25:00Z,"{""instance_name"": ""mooc-loadgen"", ""loadbalanced"": ""false"", ""resource_instance_id"": ""502815831568494144"", ""resource_project_id"": ""proyecto-2-cloud-509714"", ""resource_type"": ""gce_instance"", ""resource_zone"": ""us-central1-a"", ""vm"": ""mooc-loadgen""}",143
2026-09-27T04:24:00Z,"{""instance_name"": ""mooc-loadgen"", ""loadbalanced"": ""false"", ""resource_instance_id"": ""502815831568494144"", ""resource_project_id"": ""proyecto-2-cloud-509714"", ""resource_type"": ""gce_instance"", ""resource_zone"": ""us-central1-a"", ""vm"": ""mooc-loadgen""}",143
2026-09-27T04:23:00Z,"{""instance_name"": ""mooc-loadgen"", ""loadbalanced"": ""false"", ""resource_instance_id"": ""502815831568494144"", ""resource_project_id"": ""proyecto-2-cloud-509714"", ""resource_type"": ""gce_instance"", ""resource_zone"": ""us-central1-a"", ""vm"": ""mooc-loadgen""}",143
2026-09-27T04:22:00Z,"{""instance_name"": ""mooc-loadgen"", ""loadbalanced"": ""false"", ""resource_instance_id"": ""502815831568494144"", ""resource_project_id"": ""proyecto-2-cloud-509714"", ""resource_type"": ""gce_instance"", ""resource_zone"": ""us-central1-a"", ""vm"": ""mooc-loadgen""}",143
2026-09-27T04:21:00Z,"{""instance_name"": ""mooc-loadgen"", ""loadbalanced"": ""false"", ""resource_instance_id"": ""502815831568494144"", ""resource_project_id"": ""proyecto-2-cloud-509714"", ""resource_type"": ""gce_instance"", ""resource_zone"": ""us-central1-a"", ""vm"": ""mooc-loadgen""}",143
2026-09-27T04:20:00Z,"{""instance_name"": ""mooc-loadgen"", ""loadbalanced"": ""false"", ""resource_instance_id"": ""502815831568494144"", ""resource_project_id"": ""proyecto-2-cloud-509714"", ""resource_type"": ""gce_instance"", ""resource_zone"": ""us-central1-a"", ""vm"": ""mooc-loadgen""}",262
2026-09-27T04:19:00Z,"{""instance_name"": ""mooc-loadgen"", ""loadbalanced"": ""false"", ""resource_instance_id"": ""502815831568494144"", ""resource_project_id"": ""proyecto-2-cloud-509714"", ""resource_type"": ""gce_instance"", ""resource_zone"": ""us-central1-a"", ""vm"": ""mooc-loadgen""}",3268
2026-09-27T04:18:00Z,"{""instance_name"": ""mooc-loadgen"", ""loadbalanced"": ""false"", ""resource_instance_id"": ""502815831568494144"", ""resource_project_id"": ""proyecto-2-cloud-509714"", ""resource_type"": ""gce_instance"", ""resource_zone"": ""us-central1-a"", ""vm"": ""mooc-loadgen""}",1291
2026-09-27T04:17:00Z,"{""instance_name"": ""mooc-loadgen"", ""loadbalanced"": ""false"", ""resource_instance_id"": ""502815831568494144"", ""resource_project_id"": ""proyecto-2-cloud-509714"", ""resource_type"": ""gce_instance"", ""resource_zone"": ""us-central1-a"", ""vm"": ""mooc-loadgen""}",447
2026-09-27T04:16:00Z,"{""instance_name"": ""mooc-loadgen"", ""loadbalanced"": ""false"", ""resource_instance_id"": ""502815831568494144"", ""resource_project_id"": ""proyecto-2-cloud-509714"", ""resource_type"": ""gce_instance"", ""resource_zone"": ""us-central1-a"", ""vm"": ""mooc-loadgen""}",3713
2026-09-27T04:15:00Z,"{""instance_name"": ""mooc-loadgen"", ""loadbalanced"": ""false"", ""resource_instance_id"": ""502815831568494144"", ""resource_project_id"": ""proyecto-2-cloud-509714"", ""resource_type"": ""gce_instance"", ""resource_zone"": ""us-central1-a"", ""vm"": ""mooc-loadgen""}",1735
2026-09-27T04:14:00Z,"{""instance_name"": ""mooc-loadgen"", ""loadbalanced"": ""false"", ""resource_instance_id"": ""502815831568494144"", ""resource_project_id"": ""proyecto-2-cloud-509714"", ""resource_type"": ""gce_instance"", ""resource_zone"": ""us-central1-a"", ""vm"": ""mooc-loadgen""}",782
2026-09-27T04:13:00Z,"{""instance_name"": ""mooc-loadgen"", ""loadbalanced"": ""false"", ""resource_instance_id"": ""502815831568494144"", ""resource_project_id"": ""proyecto-2-cloud-509714"", ""resource_type"": ""gce_instance"", ""resource_zone"": ""us-central1-a"", ""vm"": ""mooc-loadgen""}",767
2026-09-27T04:12:00Z,"{""instance_name"": ""mooc-loadgen"", ""loadbalanced"": ""false"", ""resource_instance_id"": ""502815831568494144"", ""resource_project_id"": ""proyecto-2-cloud-509714"", ""resource_type"": ""gce_instance"", ""resource_zone"": ""us-central1-a"", ""vm"": ""mooc-loadgen""}",872
2026-09-27T04:11:00Z,"{""instance_name"": ""mooc-loadgen"", ""loadbalanced"": ""false"", ""resource_instance_id"": ""502815831568494144"", ""resource_project_id"": ""proyecto-2-cloud-509714"", ""resource_type"": ""gce_instance"", ""resource_zone"": ""us-central1-a"", ""vm"": ""mooc-loadgen""}",881
2026-09-27T04:10:00Z,"{""instance_name"": ""mooc-loadgen"", ""loadbalanced"": ""false"", ""resource_instance_id"": ""502815831568494144"", ""resource_project_id"": ""proyecto-2-cloud-509714"", ""resource_type"": ""gce_instance"", ""resource_zone"": ""us-central1-a"", ""vm"": ""mooc-loadgen""}",4327
2026-09-27T04:09:00Z,"{""instance_name"": ""mooc-loadgen"", ""loadbalanced"": ""false"", ""resource_instance_id"": ""502815831568494144"", ""resource_project_id"": ""proyecto-2-cloud-509714"", ""resource_type"": ""gce_instance"", ""resource_zone"": ""us-central1-a"", ""vm"": ""mooc-loadgen""}",1680
2026-09-27T04:08:00Z,"{""instance_name"": ""mooc-loadgen"", ""loadbalanced"": ""false"", ""resource_instance_id"": ""502815831568494144"", ""resource_project_id"": ""proyecto-2-cloud-509714"", ""resource_type"": ""gce_instance"", ""resource_zone"": ""us-central1-a"", ""vm"": ""mooc-loadgen""}",3753
2026-09-27T04:07:00Z,"{""instance_name"": ""mooc-loadgen"", ""loadbalanced"": ""false"", ""resource_instance_id"": ""502815831568494144"", ""resource_project_id"": ""proyecto-2-cloud-509714"", ""resource_type"": ""gce_instance"", ""resource_zone"": ""us-central1-a"", ""vm"": ""mooc-loadgen""}",5611
2026-09-27T04:06:00Z,"{""instance_name"": ""mooc-loadgen"", ""loadbalanced"": ""false"", ""resource_instance_id"": ""502815831568494144"", ""resource_project_id"": ""proyecto-2-cloud-509714"", ""resource_type"": ""gce_instance"", ""resource_zone"": ""us-central1-a"", ""vm"": ""mooc-loadgen""}",5281
2026-09-27T04:05:00Z,"{""instance_name"": ""mooc-loadgen"", ""loadbalanced"": ""false"", ""resource_instance_id"": ""502815831568494144"", ""resource_project_id"": ""proyecto-2-cloud-509714"", ""resource_type"": ""gce_instance"", ""resource_zone"": ""us-central1-a"", ""vm"": ""mooc-loadgen""}",5670
2026-09-27T04:04:00Z,"{""instance_name"": ""mooc-loadgen"", ""loadbalanced"": ""false"", ""resource_instance_id"": ""502815831568494144"", ""resource_project_id"": ""proyecto-2-cloud-509714"", ""resource_type"": ""gce_instance"", ""resource_zone"": ""us-central1-a"", ""vm"": ""mooc-loadgen""}",1470
2026-09-27T04:03:00Z,"{""instance_name"": ""mooc-loadgen"", ""loadbalanced"": ""false"", ""resource_instance_id"": ""502815831568494144"", ""resource_project_id"": ""proyecto-2-cloud-509714"", ""resource_type"": ""gce_instance"", ""resource_zone"": ""us-central1-a"", ""vm"": ""mooc-loadgen""}",143
2026-09-27T04:02:00Z,"{""instance_name"": ""mooc-loadgen"", ""loadbalanced"": ""false"", ""resource_instance_id"": ""502815831568494144"", ""resource_project_id"": ""proyecto-2-cloud-509714"", ""resource_type"": ""gce_instance"", ""resource_zone"": ""us-central1-a"", ""vm"": ""mooc-loadgen""}",143
2026-09-27T04:01:00Z,"{""instance_name"": ""mooc-loadgen"", ""loadbalanced"": ""false"", ""resource_instance_id"": ""502815831568494144"", ""resource_project_id"": ""proyecto-2-cloud-509714"", ""resource_type"": ""gce_instance"", ""resource_zone"": ""us-central1-a"", ""vm"": ""mooc-loadgen""}",183
2026-09-27T04:00:00Z,"{""instance_name"": ""mooc-loadgen"", ""loadbalanced"": ""false"", ""resource_instance_id"": ""502815831568494144"", ""resource_project_id"": ""proyecto-2-cloud-509714"", ""resource_type"": ""gce_instance"", ""resource_zone"": ""us-central1-a"", ""vm"": ""mooc-loadgen""}",3736
2026-09-27T03:59:00Z,"{""instance_name"": ""mooc-loadgen"", ""loadbalanced"": ""false"", ""resource_instance_id"": ""502815831568494144"", ""resource_project_id"": ""proyecto-2-cloud-509714"", ""resource_type"": ""gce_instance"", ""resource_zone"": ""us-central1-a"", ""vm"": ""mooc-loadgen""}",2040
2026-09-27T03:58:00Z,"{""instance_name"": ""mooc-loadgen"", ""loadbalanced"": ""false"", ""resource_instance_id"": ""502815831568494144"", ""resource_project_id"": ""proyecto-2-cloud-509714"", ""resource_type"": ""gce_instance"", ""resource_zone"": ""us-central1-a"", ""vm"": ""mooc-loadgen""}",1423
2026-09-27T03:57:00Z,"{""instance_name"": ""mooc-loadgen"", ""loadbalanced"": ""false"", ""resource_instance_id"": ""502815831568494144"", ""resource_project_id"": ""proyecto-2-cloud-509714"", ""resource_type"": ""gce_instance"", ""resource_zone"": ""us-central1-a"", ""vm"": ""mooc-loadgen""}",1215
2026-09-27T03:56:00Z,"{""instance_name"": ""mooc-loadgen"", ""loadbalanced"": ""false"", ""resource_instance_id"": ""502815831568494144"", ""resource_project_id"": ""proyecto-2-cloud-509714"", ""resource_type"": ""gce_instance"", ""resource_zone"": ""us-central1-a"", ""vm"": ""mooc-loadgen""}",1382
2026-09-27T03:55:00Z,"{""instance_name"": ""mooc-loadgen"", ""loadbalanced"": ""false"", ""resource_instance_id"": ""502815831568494144"", ""resource_project_id"": ""proyecto-2-cloud-509714"", ""resource_type"": ""gce_instance"", ""resource_zone"": ""us-central1-a"", ""vm"": ""mooc-loadgen""}",1472
2026-09-27T03:54:00Z,"{""instance_name"": ""mooc-loadgen"", ""loadbalanced"": ""false"", ""resource_instance_id"": ""502815831568494144"", ""resource_project_id"": ""proyecto-2-cloud-509714"", ""resource_type"": ""gce_instance"", ""resource_zone"": ""us-central1-a"", ""vm"": ""mooc-loadgen""}",1646
2026-09-27T03:53:00Z,"{""instance_name"": ""mooc-loadgen"", ""loadbalanced"": ""false"", ""resource_instance_id"": ""502815831568494144"", ""resource_project_id"": ""proyecto-2-cloud-509714"", ""resource_type"": ""gce_instance"", ""resource_zone"": ""us-central1-a"", ""vm"": ""mooc-loadgen""}",1383
2026-09-27T03:52:00Z,"{""instance_name"": ""mooc-loadgen"", ""loadbalanced"": ""false"", ""resource_instance_id"": ""502815831568494144"", ""resource_project_id"": ""proyecto-2-cloud-509714"", ""resource_type"": ""gce_instance"", ""resource_zone"": ""us-central1-a"", ""vm"": ""mooc-loadgen""}",4641
2026-09-27T03:51:00Z,"{""instance_name"": ""mooc-loadgen"", ""loadbalanced"": ""false"", ""resource_instance_id"": ""502815831568494144"", ""resource_project_id"": ""proyecto-2-cloud-509714"", ""resource_type"": ""gce_instance"", ""resource_zone"": ""us-central1-a"", ""vm"": ""mooc-loadgen""}",5939
2026-09-27T03:50:00Z,"{""instance_name"": ""mooc-loadgen"", ""loadbalanced"": ""false"", ""resource_instance_id"": ""502815831568494144"", ""resource_project_id"": ""proyecto-2-cloud-509714"", ""resource_type"": ""gce_instance"", ""resource_zone"": ""us-central1-a"", ""vm"": ""mooc-loadgen""}",30057
2026-09-27T03:49:00Z,"{""instance_name"": ""mooc-loadgen"", ""loadbalanced"": ""false"", ""resource_instance_id"": ""502815831568494144"", ""resource_project_id"": ""proyecto-2-cloud-509714"", ""resource_type"": ""gce_instance"", ""resource_zone"": ""us-central1-a"", ""vm"": ""mooc-loadgen""}",9321
2026-09-27T03:48:00Z,"{""instance_name"": ""mooc-loadgen"", ""loadbalanced"": ""false"", ""resource_instance_id"": ""502815831568494144"", ""resource_project_id"": ""proyecto-2-cloud-509714"", ""resource_type"": ""gce_instance"", ""resource_zone"": ""us-central1-a"", ""vm"": ""mooc-loadgen""}",993
2026-09-27T03:47:00Z,"{""instance_name"": ""mooc-loadgen"", ""loadbalanced"": ""false"", ""resource_instance_id"": ""502815831568494144"", ""resource_project_id"": ""proyecto-2-cloud-509714"", ""resource_type"": ""gce_instance"", ""resource_zone"": ""us-central1-a"", ""vm"": ""mooc-loadgen""}",4608
2026-09-27T03:46:00Z,"{""instance_name"": ""mooc-loadgen"", ""loadbalanced"": ""false"", ""resource_instance_id"": ""502815831568494144"", ""resource_project_id"": ""proyecto-2-cloud-509714"", ""resource_type"": ""gce_instance"", ""resource_zone"": ""us-central1-a"", ""vm"": ""mooc-loadgen""}",1434
2026-09-27T03:45:00Z,"{""instance_name"": ""mooc-loadgen"", ""loadbalanced"": ""false"", ""resource_instance_id"": ""502815831568494144"", ""resource_project_id"": ""proyecto-2-cloud-509714"", ""resource_type"": ""gce_instance"", ""resource_zone"": ""us-central1-a"", ""vm"": ""mooc-loadgen""}",78868
2026-09-27T03:44:00Z,"{""instance_name"": ""mooc-loadgen"", ""loadbalanced"": ""false"", ""resource_instance_id"": ""502815831568494144"", ""resource_project_id"": ""proyecto-2-cloud-509714"", ""resource_type"": ""gce_instance"", ""resource_zone"": ""us-central1-a"", ""vm"": ""mooc-loadgen""}",462371
2026-09-27T03:43:00Z,"{""instance_name"": ""mooc-loadgen"", ""loadbalanced"": ""false"", ""resource_instance_id"": ""502815831568494144"", ""resource_project_id"": ""proyecto-2-cloud-509714"", ""resource_type"": ""gce_instance"", ""resource_zone"": ""us-central1-a"", ""vm"": ""mooc-loadgen""}",127372
2026-09-27T05:04:00Z,"{""instance_name"": ""mooc-worker"", ""loadbalanced"": ""false"", ""resource_instance_id"": ""8057035535632679842"", ""resource_project_id"": ""proyecto-2-cloud-509714"", ""resource_type"": ""gce_instance"", ""resource_zone"": ""us-central1-a"", ""vm"": ""8057035535632679842""}",700799
2026-09-27T05:03:00Z,"{""instance_name"": ""mooc-worker"", ""loadbalanced"": ""false"", ""resource_instance_id"": ""8057035535632679842"", ""resource_project_id"": ""proyecto-2-cloud-509714"", ""resource_type"": ""gce_instance"", ""resource_zone"": ""us-central1-a"", ""vm"": ""8057035535632679842""}",6545551
2026-09-27T05:02:00Z,"{""instance_name"": ""mooc-worker"", ""loadbalanced"": ""false"", ""resource_instance_id"": ""8057035535632679842"", ""resource_project_id"": ""proyecto-2-cloud-509714"", ""resource_type"": ""gce_instance"", ""resource_zone"": ""us-central1-a"", ""vm"": ""8057035535632679842""}",2878283
2026-09-27T05:01:00Z,"{""instance_name"": ""mooc-worker"", ""loadbalanced"": ""false"", ""resource_instance_id"": ""8057035535632679842"", ""resource_project_id"": ""proyecto-2-cloud-509714"", ""resource_type"": ""gce_instance"", ""resource_zone"": ""us-central1-a"", ""vm"": ""8057035535632679842""}",8458272
2026-09-27T05:00:00Z,"{""instance_name"": ""mooc-worker"", ""loadbalanced"": ""false"", ""resource_instance_id"": ""8057035535632679842"", ""resource_project_id"": ""proyecto-2-cloud-509714"", ""resource_type"": ""gce_instance"", ""resource_zone"": ""us-central1-a"", ""vm"": ""8057035535632679842""}",5672519
2026-09-27T04:59:00Z,"{""instance_name"": ""mooc-worker"", ""loadbalanced"": ""false"", ""resource_instance_id"": ""8057035535632679842"", ""resource_project_id"": ""proyecto-2-cloud-509714"", ""resource_type"": ""gce_instance"", ""resource_zone"": ""us-central1-a"", ""vm"": ""8057035535632679842""}",1761494
2026-09-27T04:58:00Z,"{""instance_name"": ""mooc-worker"", ""loadbalanced"": ""false"", ""resource_instance_id"": ""8057035535632679842"", ""resource_project_id"": ""proyecto-2-cloud-509714"", ""resource_type"": ""gce_instance"", ""resource_zone"": ""us-central1-a"", ""vm"": ""8057035535632679842""}",1291407
2026-09-27T04:57:00Z,"{""instance_name"": ""mooc-worker"", ""loadbalanced"": ""false"", ""resource_instance_id"": ""8057035535632679842"", ""resource_project_id"": ""proyecto-2-cloud-509714"", ""resource_type"": ""gce_instance"", ""resource_zone"": ""us-central1-a"", ""vm"": ""8057035535632679842""}",1348731
2026-09-27T04:56:00Z,"{""instance_name"": ""mooc-worker"", ""loadbalanced"": ""false"", ""resource_instance_id"": ""8057035535632679842"", ""resource_project_id"": ""proyecto-2-cloud-509714"", ""resource_type"": ""gce_instance"", ""resource_zone"": ""us-central1-a"", ""vm"": ""8057035535632679842""}",1532095
2026-09-27T04:55:00Z,"{""instance_name"": ""mooc-worker"", ""loadbalanced"": ""false"", ""resource_instance_id"": ""8057035535632679842"", ""resource_project_id"": ""proyecto-2-cloud-509714"", ""resource_type"": ""gce_instance"", ""resource_zone"": ""us-central1-a"", ""vm"": ""8057035535632679842""}",3030154
2026-09-27T04:54:00Z,"{""instance_name"": ""mooc-worker"", ""loadbalanced"": ""false"", ""resource_instance_id"": ""8057035535632679842"", ""resource_project_id"": ""proyecto-2-cloud-509714"", ""resource_type"": ""gce_instance"", ""resource_zone"": ""us-central1-a"", ""vm"": ""8057035535632679842""}",2260654
2026-09-27T04:53:00Z,"{""instance_name"": ""mooc-worker"", ""loadbalanced"": ""false"", ""resource_instance_id"": ""8057035535632679842"", ""resource_project_id"": ""proyecto-2-cloud-509714"", ""resource_type"": ""gce_instance"", ""resource_zone"": ""us-central1-a"", ""vm"": ""8057035535632679842""}",9394455
2026-09-27T04:52:00Z,"{""instance_name"": ""mooc-worker"", ""loadbalanced"": ""false"", ""resource_instance_id"": ""8057035535632679842"", ""resource_project_id"": ""proyecto-2-cloud-509714"", ""resource_type"": ""gce_instance"", ""resource_zone"": ""us-central1-a"", ""vm"": ""8057035535632679842""}",3017476
2026-09-27T04:51:00Z,"{""instance_name"": ""mooc-worker"", ""loadbalanced"": ""false"", ""resource_instance_id"": ""8057035535632679842"", ""resource_project_id"": ""proyecto-2-cloud-509714"", ""resource_type"": ""gce_instance"", ""resource_zone"": ""us-central1-a"", ""vm"": ""8057035535632679842""}",2008191
2026-09-27T04:50:00Z,"{""instance_name"": ""mooc-worker"", ""loadbalanced"": ""false"", ""resource_instance_id"": ""8057035535632679842"", ""resource_project_id"": ""proyecto-2-cloud-509714"", ""resource_type"": ""gce_instance"", ""resource_zone"": ""us-central1-a"", ""vm"": ""8057035535632679842""}",6821430
2026-09-27T04:49:00Z,"{""instance_name"": ""mooc-worker"", ""loadbalanced"": ""false"", ""resource_instance_id"": ""8057035535632679842"", ""resource_project_id"": ""proyecto-2-cloud-509714"", ""resource_type"": ""gce_instance"", ""resource_zone"": ""us-central1-a"", ""vm"": ""8057035535632679842""}",1383940
2026-09-27T04:48:00Z,"{""instance_name"": ""mooc-worker"", ""loadbalanced"": ""false"", ""resource_instance_id"": ""8057035535632679842"", ""resource_project_id"": ""proyecto-2-cloud-509714"", ""resource_type"": ""gce_instance"", ""resource_zone"": ""us-central1-a"", ""vm"": ""8057035535632679842""}",1833430
2026-09-27T04:47:00Z,"{""instance_name"": ""mooc-worker"", ""loadbalanced"": ""false"", ""resource_instance_id"": ""8057035535632679842"", ""resource_project_id"": ""proyecto-2-cloud-509714"", ""resource_type"": ""gce_instance"", ""resource_zone"": ""us-central1-a"", ""vm"": ""8057035535632679842""}",5933738
2026-09-27T04:46:00Z,"{""instance_name"": ""mooc-worker"", ""loadbalanced"": ""false"", ""resource_instance_id"": ""8057035535632679842"", ""resource_project_id"": ""proyecto-2-cloud-509714"", ""resource_type"": ""gce_instance"", ""resource_zone"": ""us-central1-a"", ""vm"": ""8057035535632679842""}",7400176
2026-09-27T04:45:00Z,"{""instance_name"": ""mooc-worker"", ""loadbalanced"": ""false"", ""resource_instance_id"": ""8057035535632679842"", ""resource_project_id"": ""proyecto-2-cloud-509714"", ""resource_type"": ""gce_instance"", ""resource_zone"": ""us-central1-a"", ""vm"": ""8057035535632679842""}",2268337
2026-09-27T04:44:00Z,"{""instance_name"": ""mooc-worker"", ""loadbalanced"": ""false"", ""resource_instance_id"": ""8057035535632679842"", ""resource_project_id"": ""proyecto-2-cloud-509714"", ""resource_type"": ""gce_instance"", ""resource_zone"": ""us-central1-a"", ""vm"": ""8057035535632679842""}",2333220
2026-09-27T04:43:00Z,"{""instance_name"": ""mooc-worker"", ""loadbalanced"": ""false"", ""resource_instance_id"": ""8057035535632679842"", ""resource_project_id"": ""proyecto-2-cloud-509714"", ""resource_type"": ""gce_instance"", ""resource_zone"": ""us-central1-a"", ""vm"": ""8057035535632679842""}",7905160
2026-09-27T04:42:00Z,"{""instance_name"": ""mooc-worker"", ""loadbalanced"": ""false"", ""resource_instance_id"": ""8057035535632679842"", ""resource_project_id"": ""proyecto-2-cloud-509714"", ""resource_type"": ""gce_instance"", ""resource_zone"": ""us-central1-a"", ""vm"": ""8057035535632679842""}",1189081
2026-09-27T04:41:00Z,"{""instance_name"": ""mooc-worker"", ""loadbalanced"": ""false"", ""resource_instance_id"": ""8057035535632679842"", ""resource_project_id"": ""proyecto-2-cloud-509714"", ""resource_type"": ""gce_instance"", ""resource_zone"": ""us-central1-a"", ""vm"": ""8057035535632679842""}",1224707
2026-09-27T04:40:00Z,"{""instance_name"": ""mooc-worker"", ""loadbalanced"": ""false"", ""resource_instance_id"": ""8057035535632679842"", ""resource_project_id"": ""proyecto-2-cloud-509714"", ""resource_type"": ""gce_instance"", ""resource_zone"": ""us-central1-a"", ""vm"": ""8057035535632679842""}",1591805
2026-09-27T04:39:00Z,"{""instance_name"": ""mooc-worker"", ""loadbalanced"": ""false"", ""resource_instance_id"": ""8057035535632679842"", ""resource_project_id"": ""proyecto-2-cloud-509714"", ""resource_type"": ""gce_instance"", ""resource_zone"": ""us-central1-a"", ""vm"": ""8057035535632679842""}",4816196
2026-09-27T04:38:00Z,"{""instance_name"": ""mooc-worker"", ""loadbalanced"": ""false"", ""resource_instance_id"": ""8057035535632679842"", ""resource_project_id"": ""proyecto-2-cloud-509714"", ""resource_type"": ""gce_instance"", ""resource_zone"": ""us-central1-a"", ""vm"": ""8057035535632679842""}",1157312
2026-09-27T04:37:00Z,"{""instance_name"": ""mooc-worker"", ""loadbalanced"": ""false"", ""resource_instance_id"": ""8057035535632679842"", ""resource_project_id"": ""proyecto-2-cloud-509714"", ""resource_type"": ""gce_instance"", ""resource_zone"": ""us-central1-a"", ""vm"": ""8057035535632679842""}",1289035
2026-09-27T04:36:00Z,"{""instance_name"": ""mooc-worker"", ""loadbalanced"": ""false"", ""resource_instance_id"": ""8057035535632679842"", ""resource_project_id"": ""proyecto-2-cloud-509714"", ""resource_type"": ""gce_instance"", ""resource_zone"": ""us-central1-a"", ""vm"": ""8057035535632679842""}",2589040
2026-09-27T04:35:00Z,"{""instance_name"": ""mooc-worker"", ""loadbalanced"": ""false"", ""resource_instance_id"": ""8057035535632679842"", ""resource_project_id"": ""proyecto-2-cloud-509714"", ""resource_type"": ""gce_instance"", ""resource_zone"": ""us-central1-a"", ""vm"": ""8057035535632679842""}",3607781
2026-09-27T04:34:00Z,"{""instance_name"": ""mooc-worker"", ""loadbalanced"": ""false"", ""resource_instance_id"": ""8057035535632679842"", ""resource_project_id"": ""proyecto-2-cloud-509714"", ""resource_type"": ""gce_instance"", ""resource_zone"": ""us-central1-a"", ""vm"": ""8057035535632679842""}",1302602
2026-09-27T04:33:00Z,"{""instance_name"": ""mooc-worker"", ""loadbalanced"": ""false"", ""resource_instance_id"": ""8057035535632679842"", ""resource_project_id"": ""proyecto-2-cloud-509714"", ""resource_type"": ""gce_instance"", ""resource_zone"": ""us-central1-a"", ""vm"": ""8057035535632679842""}",1367271
2026-09-27T04:32:00Z,"{""instance_name"": ""mooc-worker"", ""loadbalanced"": ""false"", ""resource_instance_id"": ""8057035535632679842"", ""resource_project_id"": ""proyecto-2-cloud-509714"", ""resource_type"": ""gce_instance"", ""resource_zone"": ""us-central1-a"", ""vm"": ""8057035535632679842""}",1315550
2026-09-27T04:31:00Z,"{""instance_name"": ""mooc-worker"", ""loadbalanced"": ""false"", ""resource_instance_id"": ""8057035535632679842"", ""resource_project_id"": ""proyecto-2-cloud-509714"", ""resource_type"": ""gce_instance"", ""resource_zone"": ""us-central1-a"", ""vm"": ""8057035535632679842""}",1261110
2026-09-27T04:30:00Z,"{""instance_name"": ""mooc-worker"", ""loadbalanced"": ""false"", ""resource_instance_id"": ""8057035535632679842"", ""resource_project_id"": ""proyecto-2-cloud-509714"", ""resource_type"": ""gce_instance"", ""resource_zone"": ""us-central1-a"", ""vm"": ""8057035535632679842""}",1122014
2026-09-27T04:29:00Z,"{""instance_name"": ""mooc-worker"", ""loadbalanced"": ""false"", ""resource_instance_id"": ""8057035535632679842"", ""resource_project_id"": ""proyecto-2-cloud-509714"", ""resource_type"": ""gce_instance"", ""resource_zone"": ""us-central1-a"", ""vm"": ""8057035535632679842""}",386618
2026-09-27T04:28:00Z,"{""instance_name"": ""mooc-worker"", ""loadbalanced"": ""false"", ""resource_instance_id"": ""8057035535632679842"", ""resource_project_id"": ""proyecto-2-cloud-509714"", ""resource_type"": ""gce_instance"", ""resource_zone"": ""us-central1-a"", ""vm"": ""8057035535632679842""}",3031862
2026-09-27T04:27:00Z,"{""instance_name"": ""mooc-worker"", ""loadbalanced"": ""false"", ""resource_instance_id"": ""8057035535632679842"", ""resource_project_id"": ""proyecto-2-cloud-509714"", ""resource_type"": ""gce_instance"", ""resource_zone"": ""us-central1-a"", ""vm"": ""8057035535632679842""}",23657
2026-09-27T04:26:00Z,"{""instance_name"": ""mooc-worker"", ""loadbalanced"": ""false"", ""resource_instance_id"": ""8057035535632679842"", ""resource_project_id"": ""proyecto-2-cloud-509714"", ""resource_type"": ""gce_instance"", ""resource_zone"": ""us-central1-a"", ""vm"": ""8057035535632679842""}",1779
2026-09-27T04:25:00Z,"{""instance_name"": ""mooc-worker"", ""loadbalanced"": ""false"", ""resource_instance_id"": ""8057035535632679842"", ""resource_project_id"": ""proyecto-2-cloud-509714"", ""resource_type"": ""gce_instance"", ""resource_zone"": ""us-central1-a"", ""vm"": ""8057035535632679842""}",5280
2026-09-27T04:24:00Z,"{""instance_name"": ""mooc-worker"", ""loadbalanced"": ""false"", ""resource_instance_id"": ""8057035535632679842"", ""resource_project_id"": ""proyecto-2-cloud-509714"", ""resource_type"": ""gce_instance"", ""resource_zone"": ""us-central1-a"", ""vm"": ""8057035535632679842""}",4751
2026-09-27T04:23:00Z,"{""instance_name"": ""mooc-worker"", ""loadbalanced"": ""false"", ""resource_instance_id"": ""8057035535632679842"", ""resource_project_id"": ""proyecto-2-cloud-509714"", ""resource_type"": ""gce_instance"", ""resource_zone"": ""us-central1-a"", ""vm"": ""8057035535632679842""}",5118
2026-09-27T04:22:00Z,"{""instance_name"": ""mooc-worker"", ""loadbalanced"": ""false"", ""resource_instance_id"": ""8057035535632679842"", ""resource_project_id"": ""proyecto-2-cloud-509714"", ""resource_type"": ""gce_instance"", ""resource_zone"": ""us-central1-a"", ""vm"": ""8057035535632679842""}",4720
2026-09-27T04:21:00Z,"{""instance_name"": ""mooc-worker"", ""loadbalanced"": ""false"", ""resource_instance_id"": ""8057035535632679842"", ""resource_project_id"": ""proyecto-2-cloud-509714"", ""resource_type"": ""gce_instance"", ""resource_zone"": ""us-central1-a"", ""vm"": ""8057035535632679842""}",260585
2026-09-27T04:20:00Z,"{""instance_name"": ""mooc-worker"", ""loadbalanced"": ""false"", ""resource_instance_id"": ""8057035535632679842"", ""resource_project_id"": ""proyecto-2-cloud-509714"", ""resource_type"": ""gce_instance"", ""resource_zone"": ""us-central1-a"", ""vm"": ""8057035535632679842""}",2306603
2026-09-27T04:19:00Z,"{""instance_name"": ""mooc-worker"", ""loadbalanced"": ""false"", ""resource_instance_id"": ""8057035535632679842"", ""resource_project_id"": ""proyecto-2-cloud-509714"", ""resource_type"": ""gce_instance"", ""resource_zone"": ""us-central1-a"", ""vm"": ""8057035535632679842""}",4968
2026-09-27T04:18:00Z,"{""instance_name"": ""mooc-worker"", ""loadbalanced"": ""false"", ""resource_instance_id"": ""8057035535632679842"", ""resource_project_id"": ""proyecto-2-cloud-509714"", ""resource_type"": ""gce_instance"", ""resource_zone"": ""us-central1-a"", ""vm"": ""8057035535632679842""}",5807
2026-09-27T04:17:00Z,"{""instance_name"": ""mooc-worker"", ""loadbalanced"": ""false"", ""resource_instance_id"": ""8057035535632679842"", ""resource_project_id"": ""proyecto-2-cloud-509714"", ""resource_type"": ""gce_instance"", ""resource_zone"": ""us-central1-a"", ""vm"": ""8057035535632679842""}",3584
2026-09-27T04:16:00Z,"{""instance_name"": ""mooc-worker"", ""loadbalanced"": ""false"", ""resource_instance_id"": ""8057035535632679842"", ""resource_project_id"": ""proyecto-2-cloud-509714"", ""resource_type"": ""gce_instance"", ""resource_zone"": ""us-central1-a"", ""vm"": ""8057035535632679842""}",6157
2026-09-27T04:15:00Z,"{""instance_name"": ""mooc-worker"", ""loadbalanced"": ""false"", ""resource_instance_id"": ""8057035535632679842"", ""resource_project_id"": ""proyecto-2-cloud-509714"", ""resource_type"": ""gce_instance"", ""resource_zone"": ""us-central1-a"", ""vm"": ""8057035535632679842""}",7208
2026-09-27T04:14:00Z,"{""instance_name"": ""mooc-worker"", ""loadbalanced"": ""false"", ""resource_instance_id"": ""8057035535632679842"", ""resource_project_id"": ""proyecto-2-cloud-509714"", ""resource_type"": ""gce_instance"", ""resource_zone"": ""us-central1-a"", ""vm"": ""8057035535632679842""}",6734
2026-09-27T04:13:00Z,"{""instance_name"": ""mooc-worker"", ""loadbalanced"": ""false"", ""resource_instance_id"": ""8057035535632679842"", ""resource_project_id"": ""proyecto-2-cloud-509714"", ""resource_type"": ""gce_instance"", ""resource_zone"": ""us-central1-a"", ""vm"": ""8057035535632679842""}",13007
2026-09-27T04:12:00Z,"{""instance_name"": ""mooc-worker"", ""loadbalanced"": ""false"", ""resource_instance_id"": ""8057035535632679842"", ""resource_project_id"": ""proyecto-2-cloud-509714"", ""resource_type"": ""gce_instance"", ""resource_zone"": ""us-central1-a"", ""vm"": ""8057035535632679842""}",402523
2026-09-27T04:11:00Z,"{""instance_name"": ""mooc-worker"", ""loadbalanced"": ""false"", ""resource_instance_id"": ""8057035535632679842"", ""resource_project_id"": ""proyecto-2-cloud-509714"", ""resource_type"": ""gce_instance"", ""resource_zone"": ""us-central1-a"", ""vm"": ""8057035535632679842""}",3203087
2026-09-27T04:10:00Z,"{""instance_name"": ""mooc-worker"", ""loadbalanced"": ""false"", ""resource_instance_id"": ""8057035535632679842"", ""resource_project_id"": ""proyecto-2-cloud-509714"", ""resource_type"": ""gce_instance"", ""resource_zone"": ""us-central1-a"", ""vm"": ""8057035535632679842""}",5146
2026-09-27T04:09:00Z,"{""instance_name"": ""mooc-worker"", ""loadbalanced"": ""false"", ""resource_instance_id"": ""8057035535632679842"", ""resource_project_id"": ""proyecto-2-cloud-509714"", ""resource_type"": ""gce_instance"", ""resource_zone"": ""us-central1-a"", ""vm"": ""8057035535632679842""}",7201
2026-09-27T04:08:00Z,"{""instance_name"": ""mooc-worker"", ""loadbalanced"": ""false"", ""resource_instance_id"": ""8057035535632679842"", ""resource_project_id"": ""proyecto-2-cloud-509714"", ""resource_type"": ""gce_instance"", ""resource_zone"": ""us-central1-a"", ""vm"": ""8057035535632679842""}",10326
2026-09-27T04:07:00Z,"{""instance_name"": ""mooc-worker"", ""loadbalanced"": ""false"", ""resource_instance_id"": ""8057035535632679842"", ""resource_project_id"": ""proyecto-2-cloud-509714"", ""resource_type"": ""gce_instance"", ""resource_zone"": ""us-central1-a"", ""vm"": ""8057035535632679842""}",6253
2026-09-27T04:06:00Z,"{""instance_name"": ""mooc-worker"", ""loadbalanced"": ""false"", ""resource_instance_id"": ""8057035535632679842"", ""resource_project_id"": ""proyecto-2-cloud-509714"", ""resource_type"": ""gce_instance"", ""resource_zone"": ""us-central1-a"", ""vm"": ""8057035535632679842""}",7110
2026-09-27T04:05:00Z,"{""instance_name"": ""mooc-worker"", ""loadbalanced"": ""false"", ""resource_instance_id"": ""8057035535632679842"", ""resource_project_id"": ""proyecto-2-cloud-509714"", ""resource_type"": ""gce_instance"", ""resource_zone"": ""us-central1-a"", ""vm"": ""8057035535632679842""}",6802
2026-09-27T04:04:00Z,"{""instance_name"": ""mooc-worker"", ""loadbalanced"": ""false"", ""resource_instance_id"": ""8057035535632679842"", ""resource_project_id"": ""proyecto-2-cloud-509714"", ""resource_type"": ""gce_instance"", ""resource_zone"": ""us-central1-a"", ""vm"": ""8057035535632679842""}",7362
2026-09-27T04:03:00Z,"{""instance_name"": ""mooc-worker"", ""loadbalanced"": ""false"", ""resource_instance_id"": ""8057035535632679842"", ""resource_project_id"": ""proyecto-2-cloud-509714"", ""resource_type"": ""gce_instance"", ""resource_zone"": ""us-central1-a"", ""vm"": ""8057035535632679842""}",4934
2026-09-27T04:02:00Z,"{""instance_name"": ""mooc-worker"", ""loadbalanced"": ""false"", ""resource_instance_id"": ""8057035535632679842"", ""resource_project_id"": ""proyecto-2-cloud-509714"", ""resource_type"": ""gce_instance"", ""resource_zone"": ""us-central1-a"", ""vm"": ""8057035535632679842""}",5216
2026-09-27T04:01:00Z,"{""instance_name"": ""mooc-worker"", ""loadbalanced"": ""false"", ""resource_instance_id"": ""8057035535632679842"", ""resource_project_id"": ""proyecto-2-cloud-509714"", ""resource_type"": ""gce_instance"", ""resource_zone"": ""us-central1-a"", ""vm"": ""8057035535632679842""}",6127
2026-09-27T04:00:00Z,"{""instance_name"": ""mooc-worker"", ""loadbalanced"": ""false"", ""resource_instance_id"": ""8057035535632679842"", ""resource_project_id"": ""proyecto-2-cloud-509714"", ""resource_type"": ""gce_instance"", ""resource_zone"": ""us-central1-a"", ""vm"": ""8057035535632679842""}",17546
2026-09-27T03:59:00Z,"{""instance_name"": ""mooc-worker"", ""loadbalanced"": ""false"", ""resource_instance_id"": ""8057035535632679842"", ""resource_project_id"": ""proyecto-2-cloud-509714"", ""resource_type"": ""gce_instance"", ""resource_zone"": ""us-central1-a"", ""vm"": ""8057035535632679842""}",24072
2026-09-27T03:58:00Z,"{""instance_name"": ""mooc-worker"", ""loadbalanced"": ""false"", ""resource_instance_id"": ""8057035535632679842"", ""resource_project_id"": ""proyecto-2-cloud-509714"", ""resource_type"": ""gce_instance"", ""resource_zone"": ""us-central1-a"", ""vm"": ""8057035535632679842""}",16717
2026-09-27T03:57:00Z,"{""instance_name"": ""mooc-worker"", ""loadbalanced"": ""false"", ""resource_instance_id"": ""8057035535632679842"", ""resource_project_id"": ""proyecto-2-cloud-509714"", ""resource_type"": ""gce_instance"", ""resource_zone"": ""us-central1-a"", ""vm"": ""8057035535632679842""}",16746
2026-09-27T03:56:00Z,"{""instance_name"": ""mooc-worker"", ""loadbalanced"": ""false"", ""resource_instance_id"": ""8057035535632679842"", ""resource_project_id"": ""proyecto-2-cloud-509714"", ""resource_type"": ""gce_instance"", ""resource_zone"": ""us-central1-a"", ""vm"": ""8057035535632679842""}",16766
2026-09-27T03:55:00Z,"{""instance_name"": ""mooc-worker"", ""loadbalanced"": ""false"", ""resource_instance_id"": ""8057035535632679842"", ""resource_project_id"": ""proyecto-2-cloud-509714"", ""resource_type"": ""gce_instance"", ""resource_zone"": ""us-central1-a"", ""vm"": ""8057035535632679842""}",10813
2026-09-27T03:54:00Z,"{""instance_name"": ""mooc-worker"", ""loadbalanced"": ""false"", ""resource_instance_id"": ""8057035535632679842"", ""resource_project_id"": ""proyecto-2-cloud-509714"", ""resource_type"": ""gce_instance"", ""resource_zone"": ""us-central1-a"", ""vm"": ""8057035535632679842""}",23838
2026-09-27T03:53:00Z,"{""instance_name"": ""mooc-worker"", ""loadbalanced"": ""false"", ""resource_instance_id"": ""8057035535632679842"", ""resource_project_id"": ""proyecto-2-cloud-509714"", ""resource_type"": ""gce_instance"", ""resource_zone"": ""us-central1-a"", ""vm"": ""8057035535632679842""}",14569
2026-09-27T03:52:00Z,"{""instance_name"": ""mooc-worker"", ""loadbalanced"": ""false"", ""resource_instance_id"": ""8057035535632679842"", ""resource_project_id"": ""proyecto-2-cloud-509714"", ""resource_type"": ""gce_instance"", ""resource_zone"": ""us-central1-a"", ""vm"": ""8057035535632679842""}",23456
2026-09-27T03:51:00Z,"{""instance_name"": ""mooc-worker"", ""loadbalanced"": ""false"", ""resource_instance_id"": ""8057035535632679842"", ""resource_project_id"": ""proyecto-2-cloud-509714"", ""resource_type"": ""gce_instance"", ""resource_zone"": ""us-central1-a"", ""vm"": ""8057035535632679842""}",16500
2026-09-27T03:50:00Z,"{""instance_name"": ""mooc-worker"", ""loadbalanced"": ""false"", ""resource_instance_id"": ""8057035535632679842"", ""resource_project_id"": ""proyecto-2-cloud-509714"", ""resource_type"": ""gce_instance"", ""resource_zone"": ""us-central1-a"", ""vm"": ""8057035535632679842""}",15175
2026-09-27T03:49:00Z,"{""instance_name"": ""mooc-worker"", ""loadbalanced"": ""false"", ""resource_instance_id"": ""8057035535632679842"", ""resource_project_id"": ""proyecto-2-cloud-509714"", ""resource_type"": ""gce_instance"", ""resource_zone"": ""us-central1-a"", ""vm"": ""8057035535632679842""}",23844
2026-09-27T03:48:00Z,"{""instance_name"": ""mooc-worker"", ""loadbalanced"": ""false"", ""resource_instance_id"": ""8057035535632679842"", ""resource_project_id"": ""proyecto-2-cloud-509714"", ""resource_type"": ""gce_instance"", ""resource_zone"": ""us-central1-a"", ""vm"": ""8057035535632679842""}",212094
2026-09-27T03:47:00Z,"{""instance_name"": ""mooc-worker"", ""loadbalanced"": ""false"", ""resource_instance_id"": ""8057035535632679842"", ""resource_project_id"": ""proyecto-2-cloud-509714"", ""resource_type"": ""gce_instance"", ""resource_zone"": ""us-central1-a"", ""vm"": ""8057035535632679842""}",2150960
2026-09-27T03:46:00Z,"{""instance_name"": ""mooc-worker"", ""loadbalanced"": ""false"", ""resource_instance_id"": ""8057035535632679842"", ""resource_project_id"": ""proyecto-2-cloud-509714"", ""resource_type"": ""gce_instance"", ""resource_zone"": ""us-central1-a"", ""vm"": ""8057035535632679842""}",3363258
2026-09-27T03:45:00Z,"{""instance_name"": ""mooc-worker"", ""loadbalanced"": ""false"", ""resource_instance_id"": ""8057035535632679842"", ""resource_project_id"": ""proyecto-2-cloud-509714"", ""resource_type"": ""gce_instance"", ""resource_zone"": ""us-central1-a"", ""vm"": ""8057035535632679842""}",7086709
2026-09-27T03:44:00Z,"{""instance_name"": ""mooc-worker"", ""loadbalanced"": ""false"", ""resource_instance_id"": ""8057035535632679842"", ""resource_project_id"": ""proyecto-2-cloud-509714"", ""resource_type"": ""gce_instance"", ""resource_zone"": ""us-central1-a"", ""vm"": ""8057035535632679842""}",1185925
2026-09-27T03:43:00Z,"{""instance_name"": ""mooc-worker"", ""loadbalanced"": ""false"", ""resource_instance_id"": ""8057035535632679842"", ""resource_project_id"": ""proyecto-2-cloud-509714"", ""resource_type"": ""gce_instance"", ""resource_zone"": ""us-central1-a"", ""vm"": ""8057035535632679842""}",1288291
2026-09-27T03:42:00Z,"{""instance_name"": ""mooc-worker"", ""loadbalanced"": ""false"", ""resource_instance_id"": ""8057035535632679842"", ""resource_project_id"": ""proyecto-2-cloud-509714"", ""resource_type"": ""gce_instance"", ""resource_zone"": ""us-central1-a"", ""vm"": ""8057035535632679842""}",1130176
2026-09-27T03:41:00Z,"{""instance_name"": ""mooc-worker"", ""loadbalanced"": ""false"", ""resource_instance_id"": ""8057035535632679842"", ""resource_project_id"": ""proyecto-2-cloud-509714"", ""resource_type"": ""gce_instance"", ""resource_zone"": ""us-central1-a"", ""vm"": ""8057035535632679842""}",1158649
2026-09-27T03:40:00Z,"{""instance_name"": ""mooc-worker"", ""loadbalanced"": ""false"", ""resource_instance_id"": ""8057035535632679842"", ""resource_project_id"": ""proyecto-2-cloud-509714"", ""resource_type"": ""gce_instance"", ""resource_zone"": ""us-central1-a"", ""vm"": ""8057035535632679842""}",1159649
2026-09-27T03:39:00Z,"{""instance_name"": ""mooc-worker"", ""loadbalanced"": ""false"", ""resource_instance_id"": ""8057035535632679842"", ""resource_project_id"": ""proyecto-2-cloud-509714"", ""resource_type"": ""gce_instance"", ""resource_zone"": ""us-central1-a"", ""vm"": ""8057035535632679842""}",1157799
2026-09-27T03:38:00Z,"{""instance_name"": ""mooc-worker"", ""loadbalanced"": ""false"", ""resource_instance_id"": ""8057035535632679842"", ""resource_project_id"": ""proyecto-2-cloud-509714"", ""resource_type"": ""gce_instance"", ""resource_zone"": ""us-central1-a"", ""vm"": ""8057035535632679842""}",1256393
2026-09-27T03:37:00Z,"{""instance_name"": ""mooc-worker"", ""loadbalanced"": ""false"", ""resource_instance_id"": ""8057035535632679842"", ""resource_project_id"": ""proyecto-2-cloud-509714"", ""resource_type"": ""gce_instance"", ""resource_zone"": ""us-central1-a"", ""vm"": ""8057035535632679842""}",1168767
2026-09-27T03:36:00Z,"{""instance_name"": ""mooc-worker"", ""loadbalanced"": ""false"", ""resource_instance_id"": ""8057035535632679842"", ""resource_project_id"": ""proyecto-2-cloud-509714"", ""resource_type"": ""gce_instance"", ""resource_zone"": ""us-central1-a"", ""vm"": ""8057035535632679842""}",1191523
2026-09-27T03:35:00Z,"{""instance_name"": ""mooc-worker"", ""loadbalanced"": ""false"", ""resource_instance_id"": ""8057035535632679842"", ""resource_project_id"": ""proyecto-2-cloud-509714"", ""resource_type"": ""gce_instance"", ""resource_zone"": ""us-central1-a"", ""vm"": ""8057035535632679842""}",1185844
2026-09-27T03:34:00Z,"{""instance_name"": ""mooc-worker"", ""loadbalanced"": ""false"", ""resource_instance_id"": ""8057035535632679842"", ""resource_project_id"": ""proyecto-2-cloud-509714"", ""resource_type"": ""gce_instance"", ""resource_zone"": ""us-central1-a"", ""vm"": ""8057035535632679842""}",1183209
2026-09-27T03:33:00Z,"{""instance_name"": ""mooc-worker"", ""loadbalanced"": ""false"", ""resource_instance_id"": ""8057035535632679842"", ""resource_project_id"": ""proyecto-2-cloud-509714"", ""resource_type"": ""gce_instance"", ""resource_zone"": ""us-central1-a"", ""vm"": ""8057035535632679842""}",1246089
2026-09-27T03:32:00Z,"{""instance_name"": ""mooc-worker"", ""loadbalanced"": ""false"", ""resource_instance_id"": ""8057035535632679842"", ""resource_project_id"": ""proyecto-2-cloud-509714"", ""resource_type"": ""gce_instance"", ""resource_zone"": ""us-central1-a"", ""vm"": ""8057035535632679842""}",1167403
2026-09-27T03:31:00Z,"{""instance_name"": ""mooc-worker"", ""loadbalanced"": ""false"", ""resource_instance_id"": ""8057035535632679842"", ""resource_project_id"": ""proyecto-2-cloud-509714"", ""resource_type"": ""gce_instance"", ""resource_zone"": ""us-central1-a"", ""vm"": ""8057035535632679842""}",1165113
2026-09-27T03:30:00Z,"{""instance_name"": ""mooc-worker"", ""loadbalanced"": ""false"", ""resource_instance_id"": ""8057035535632679842"", ""resource_project_id"": ""proyecto-2-cloud-509714"", ""resource_type"": ""gce_instance"", ""resource_zone"": ""us-central1-a"", ""vm"": ""8057035535632679842""}",1157928
2026-09-27T03:29:00Z,"{""instance_name"": ""mooc-worker"", ""loadbalanced"": ""false"", ""resource_instance_id"": ""8057035535632679842"", ""resource_project_id"": ""proyecto-2-cloud-509714"", ""resource_type"": ""gce_instance"", ""resource_zone"": ""us-central1-a"", ""vm"": ""8057035535632679842""}",1162288
2026-09-27T03:28:00Z,"{""instance_name"": ""mooc-worker"", ""loadbalanced"": ""false"", ""resource_instance_id"": ""8057035535632679842"", ""resource_project_id"": ""proyecto-2-cloud-509714"", ""resource_type"": ""gce_instance"", ""resource_zone"": ""us-central1-a"", ""vm"": ""8057035535632679842""}",1226540
2026-09-27T03:27:00Z,"{""instance_name"": ""mooc-worker"", ""loadbalanced"": ""false"", ""resource_instance_id"": ""8057035535632679842"", ""resource_project_id"": ""proyecto-2-cloud-509714"", ""resource_type"": ""gce_instance"", ""resource_zone"": ""us-central1-a"", ""vm"": ""8057035535632679842""}",1164743
2026-09-27T03:26:00Z,"{""instance_name"": ""mooc-worker"", ""loadbalanced"": ""false"", ""resource_instance_id"": ""8057035535632679842"", ""resource_project_id"": ""proyecto-2-cloud-509714"", ""resource_type"": ""gce_instance"", ""resource_zone"": ""us-central1-a"", ""vm"": ""8057035535632679842""}",1140728
2026-09-27T03:25:00Z,"{""instance_name"": ""mooc-worker"", ""loadbalanced"": ""false"", ""resource_instance_id"": ""8057035535632679842"", ""resource_project_id"": ""proyecto-2-cloud-509714"", ""resource_type"": ""gce_instance"", ""resource_zone"": ""us-central1-a"", ""vm"": ""8057035535632679842""}",1146168
2026-09-27T03:24:00Z,"{""instance_name"": ""mooc-worker"", ""loadbalanced"": ""false"", ""resource_instance_id"": ""8057035535632679842"", ""resource_project_id"": ""proyecto-2-cloud-509714"", ""resource_type"": ""gce_instance"", ""resource_zone"": ""us-central1-a"", ""vm"": ""8057035535632679842""}",1159093
2026-09-27T03:23:00Z,"{""instance_name"": ""mooc-worker"", ""loadbalanced"": ""false"", ""resource_instance_id"": ""8057035535632679842"", ""resource_project_id"": ""proyecto-2-cloud-509714"", ""resource_type"": ""gce_instance"", ""resource_zone"": ""us-central1-a"", ""vm"": ""8057035535632679842""}",1262713
2026-09-27T03:22:00Z,"{""instance_name"": ""mooc-worker"", ""loadbalanced"": ""false"", ""resource_instance_id"": ""8057035535632679842"", ""resource_project_id"": ""proyecto-2-cloud-509714"", ""resource_type"": ""gce_instance"", ""resource_zone"": ""us-central1-a"", ""vm"": ""8057035535632679842""}",1134354
2026-09-27T03:21:00Z,"{""instance_name"": ""mooc-worker"", ""loadbalanced"": ""false"", ""resource_instance_id"": ""8057035535632679842"", ""resource_project_id"": ""proyecto-2-cloud-509714"", ""resource_type"": ""gce_instance"", ""resource_zone"": ""us-central1-a"", ""vm"": ""8057035535632679842""}",1130055
2026-09-27T03:20:00Z,"{""instance_name"": ""mooc-worker"", ""loadbalanced"": ""false"", ""resource_instance_id"": ""8057035535632679842"", ""resource_project_id"": ""proyecto-2-cloud-509714"", ""resource_type"": ""gce_instance"", ""resource_zone"": ""us-central1-a"", ""vm"": ""8057035535632679842""}",1126044
2026-09-27T03:19:00Z,"{""instance_name"": ""mooc-worker"", ""loadbalanced"": ""false"", ""resource_instance_id"": ""8057035535632679842"", ""resource_project_id"": ""proyecto-2-cloud-509714"", ""resource_type"": ""gce_instance"", ""resource_zone"": ""us-central1-a"", ""vm"": ""8057035535632679842""}",1139691
2026-09-27T03:18:00Z,"{""instance_name"": ""mooc-worker"", ""loadbalanced"": ""false"", ""resource_instance_id"": ""8057035535632679842"", ""resource_project_id"": ""proyecto-2-cloud-509714"", ""resource_type"": ""gce_instance"", ""resource_zone"": ""us-central1-a"", ""vm"": ""8057035535632679842""}",1273009
2026-09-27T03:17:00Z,"{""instance_name"": ""mooc-worker"", ""loadbalanced"": ""false"", ""resource_instance_id"": ""8057035535632679842"", ""resource_project_id"": ""proyecto-2-cloud-509714"", ""resource_type"": ""gce_instance"", ""resource_zone"": ""us-central1-a"", ""vm"": ""8057035535632679842""}",1105360
2026-09-27T03:16:00Z,"{""instance_name"": ""mooc-worker"", ""loadbalanced"": ""false"", ""resource_instance_id"": ""8057035535632679842"", ""resource_project_id"": ""proyecto-2-cloud-509714"", ""resource_type"": ""gce_instance"", ""resource_zone"": ""us-central1-a"", ""vm"": ""8057035535632679842""}",1124235
2026-09-27T03:15:00Z,"{""instance_name"": ""mooc-worker"", ""loadbalanced"": ""false"", ""resource_instance_id"": ""8057035535632679842"", ""resource_project_id"": ""proyecto-2-cloud-509714"", ""resource_type"": ""gce_instance"", ""resource_zone"": ""us-central1-a"", ""vm"": ""8057035535632679842""}",1151951
2026-09-27T03:14:00Z,"{""instance_name"": ""mooc-worker"", ""loadbalanced"": ""false"", ""resource_instance_id"": ""8057035535632679842"", ""resource_project_id"": ""proyecto-2-cloud-509714"", ""resource_type"": ""gce_instance"", ""resource_zone"": ""us-central1-a"", ""vm"": ""8057035535632679842""}",1256387
2026-09-27T03:13:00Z,"{""instance_name"": ""mooc-worker"", ""loadbalanced"": ""false"", ""resource_instance_id"": ""8057035535632679842"", ""resource_project_id"": ""proyecto-2-cloud-509714"", ""resource_type"": ""gce_instance"", ""resource_zone"": ""us-central1-a"", ""vm"": ""8057035535632679842""}",1558969
2026-09-27T03:12:00Z,"{""instance_name"": ""mooc-worker"", ""loadbalanced"": ""false"", ""resource_instance_id"": ""8057035535632679842"", ""resource_project_id"": ""proyecto-2-cloud-509714"", ""resource_type"": ""gce_instance"", ""resource_zone"": ""us-central1-a"", ""vm"": ""8057035535632679842""}",5036569
2026-09-27T03:11:00Z,"{""instance_name"": ""mooc-worker"", ""loadbalanced"": ""false"", ""resource_instance_id"": ""8057035535632679842"", ""resource_project_id"": ""proyecto-2-cloud-509714"", ""resource_type"": ""gce_instance"", ""resource_zone"": ""us-central1-a"", ""vm"": ""8057035535632679842""}",4899763
2026-09-27T03:10:00Z,"{""instance_name"": ""mooc-worker"", ""loadbalanced"": ""false"", ""resource_instance_id"": ""8057035535632679842"", ""resource_project_id"": ""proyecto-2-cloud-509714"", ""resource_type"": ""gce_instance"", ""resource_zone"": ""us-central1-a"", ""vm"": ""8057035535632679842""}",1113742
2026-09-27T03:09:00Z,"{""instance_name"": ""mooc-worker"", ""loadbalanced"": ""false"", ""resource_instance_id"": ""8057035535632679842"", ""resource_project_id"": ""proyecto-2-cloud-509714"", ""resource_type"": ""gce_instance"", ""resource_zone"": ""us-central1-a"", ""vm"": ""8057035535632679842""}",1112098
2026-09-27T03:08:00Z,"{""instance_name"": ""mooc-worker"", ""loadbalanced"": ""false"", ""resource_instance_id"": ""8057035535632679842"", ""resource_project_id"": ""proyecto-2-cloud-509714"", ""resource_type"": ""gce_instance"", ""resource_zone"": ""us-central1-a"", ""vm"": ""8057035535632679842""}",1180428
2026-09-27T03:07:00Z,"{""instance_name"": ""mooc-worker"", ""loadbalanced"": ""false"", ""resource_instance_id"": ""8057035535632679842"", ""resource_project_id"": ""proyecto-2-cloud-509714"", ""resource_type"": ""gce_instance"", ""resource_zone"": ""us-central1-a"", ""vm"": ""8057035535632679842""}",1189933
2026-09-27T03:06:00Z,"{""instance_name"": ""mooc-worker"", ""loadbalanced"": ""false"", ""resource_instance_id"": ""8057035535632679842"", ""resource_project_id"": ""proyecto-2-cloud-509714"", ""resource_type"": ""gce_instance"", ""resource_zone"": ""us-central1-a"", ""vm"": ""8057035535632679842""}",1084774
2026-09-27T03:05:00Z,"{""instance_name"": ""mooc-worker"", ""loadbalanced"": ""false"", ""resource_instance_id"": ""8057035535632679842"", ""resource_project_id"": ""proyecto-2-cloud-509714"", ""resource_type"": ""gce_instance"", ""resource_zone"": ""us-central1-a"", ""vm"": ""8057035535632679842""}",1089106
2026-09-27T03:04:00Z,"{""instance_name"": ""mooc-worker"", ""loadbalanced"": ""false"", ""resource_instance_id"": ""8057035535632679842"", ""resource_project_id"": ""proyecto-2-cloud-509714"", ""resource_type"": ""gce_instance"", ""resource_zone"": ""us-central1-a"", ""vm"": ""8057035535632679842""}",1326269
2026-09-27T03:03:00Z,"{""instance_name"": ""mooc-worker"", ""loadbalanced"": ""false"", ""resource_instance_id"": ""8057035535632679842"", ""resource_project_id"": ""proyecto-2-cloud-509714"", ""resource_type"": ""gce_instance"", ""resource_zone"": ""us-central1-a"", ""vm"": ""8057035535632679842""}",2983795
2026-09-27T03:02:00Z,"{""instance_name"": ""mooc-worker"", ""loadbalanced"": ""false"", ""resource_instance_id"": ""8057035535632679842"", ""resource_project_id"": ""proyecto-2-cloud-509714"", ""resource_type"": ""gce_instance"", ""resource_zone"": ""us-central1-a"", ""vm"": ""8057035535632679842""}",1188345
2026-09-27T03:01:00Z,"{""instance_name"": ""mooc-worker"", ""loadbalanced"": ""false"", ""resource_instance_id"": ""8057035535632679842"", ""resource_project_id"": ""proyecto-2-cloud-509714"", ""resource_type"": ""gce_instance"", ""resource_zone"": ""us-central1-a"", ""vm"": ""8057035535632679842""}",1194845
2026-09-27T03:00:00Z,"{""instance_name"": ""mooc-worker"", ""loadbalanced"": ""false"", ""resource_instance_id"": ""8057035535632679842"", ""resource_project_id"": ""proyecto-2-cloud-509714"", ""resource_type"": ""gce_instance"", ""resource_zone"": ""us-central1-a"", ""vm"": ""8057035535632679842""}",1224427
2026-09-27T02:59:00Z,"{""instance_name"": ""mooc-worker"", ""loadbalanced"": ""false"", ""resource_instance_id"": ""8057035535632679842"", ""resource_project_id"": ""proyecto-2-cloud-509714"", ""resource_type"": ""gce_instance"", ""resource_zone"": ""us-central1-a"", ""vm"": ""8057035535632679842""}",1179956
2026-09-27T02:58:00Z,"{""instance_name"": ""mooc-worker"", ""loadbalanced"": ""false"", ""resource_instance_id"": ""8057035535632679842"", ""resource_project_id"": ""proyecto-2-cloud-509714"", ""resource_type"": ""gce_instance"", ""resource_zone"": ""us-central1-a"", ""vm"": ""8057035535632679842""}",1077786
2026-09-27T02:57:00Z,"{""instance_name"": ""mooc-worker"", ""loadbalanced"": ""false"", ""resource_instance_id"": ""8057035535632679842"", ""resource_project_id"": ""proyecto-2-cloud-509714"", ""resource_type"": ""gce_instance"", ""resource_zone"": ""us-central1-a"", ""vm"": ""8057035535632679842""}",1073878
2026-09-27T02:56:00Z,"{""instance_name"": ""mooc-worker"", ""loadbalanced"": ""false"", ""resource_instance_id"": ""8057035535632679842"", ""resource_project_id"": ""proyecto-2-cloud-509714"", ""resource_type"": ""gce_instance"", ""resource_zone"": ""us-central1-a"", ""vm"": ""8057035535632679842""}",1076596
2026-09-27T02:55:00Z,"{""instance_name"": ""mooc-worker"", ""loadbalanced"": ""false"", ""resource_instance_id"": ""8057035535632679842"", ""resource_project_id"": ""proyecto-2-cloud-509714"", ""resource_type"": ""gce_instance"", ""resource_zone"": ""us-central1-a"", ""vm"": ""8057035535632679842""}",1093835
2026-09-27T02:54:00Z,"{""instance_name"": ""mooc-worker"", ""loadbalanced"": ""false"", ""resource_instance_id"": ""8057035535632679842"", ""resource_project_id"": ""proyecto-2-cloud-509714"", ""resource_type"": ""gce_instance"", ""resource_zone"": ""us-central1-a"", ""vm"": ""8057035535632679842""}",1157625
2026-09-27T02:53:00Z,"{""instance_name"": ""mooc-worker"", ""loadbalanced"": ""false"", ""resource_instance_id"": ""8057035535632679842"", ""resource_project_id"": ""proyecto-2-cloud-509714"", ""resource_type"": ""gce_instance"", ""resource_zone"": ""us-central1-a"", ""vm"": ""8057035535632679842""}",1119280
2026-09-27T02:52:00Z,"{""instance_name"": ""mooc-worker"", ""loadbalanced"": ""false"", ""resource_instance_id"": ""8057035535632679842"", ""resource_project_id"": ""proyecto-2-cloud-509714"", ""resource_type"": ""gce_instance"", ""resource_zone"": ""us-central1-a"", ""vm"": ""8057035535632679842""}",1104878
2026-09-27T02:51:00Z,"{""instance_name"": ""mooc-worker"", ""loadbalanced"": ""false"", ""resource_instance_id"": ""8057035535632679842"", ""resource_project_id"": ""proyecto-2-cloud-509714"", ""resource_type"": ""gce_instance"", ""resource_zone"": ""us-central1-a"", ""vm"": ""8057035535632679842""}",1188928
2026-09-27T02:50:00Z,"{""instance_name"": ""mooc-worker"", ""loadbalanced"": ""false"", ""resource_instance_id"": ""8057035535632679842"", ""resource_project_id"": ""proyecto-2-cloud-509714"", ""resource_type"": ""gce_instance"", ""resource_zone"": ""us-central1-a"", ""vm"": ""8057035535632679842""}",1120408
2026-09-27T02:49:00Z,"{""instance_name"": ""mooc-worker"", ""loadbalanced"": ""false"", ""resource_instance_id"": ""8057035535632679842"", ""resource_project_id"": ""proyecto-2-cloud-509714"", ""resource_type"": ""gce_instance"", ""resource_zone"": ""us-central1-a"", ""vm"": ""8057035535632679842""}",1081814
2026-09-27T02:48:00Z,"{""instance_name"": ""mooc-worker"", ""loadbalanced"": ""false"", ""resource_instance_id"": ""8057035535632679842"", ""resource_project_id"": ""proyecto-2-cloud-509714"", ""resource_type"": ""gce_instance"", ""resource_zone"": ""us-central1-a"", ""vm"": ""8057035535632679842""}",1082590
2026-09-27T02:47:00Z,"{""instance_name"": ""mooc-worker"", ""loadbalanced"": ""false"", ""resource_instance_id"": ""8057035535632679842"", ""resource_project_id"": ""proyecto-2-cloud-509714"", ""resource_type"": ""gce_instance"", ""resource_zone"": ""us-central1-a"", ""vm"": ""8057035535632679842""}",1084445
2026-09-27T02:46:00Z,"{""instance_name"": ""mooc-worker"", ""loadbalanced"": ""false"", ""resource_instance_id"": ""8057035535632679842"", ""resource_project_id"": ""proyecto-2-cloud-509714"", ""resource_type"": ""gce_instance"", ""resource_zone"": ""us-central1-a"", ""vm"": ""8057035535632679842""}",1094450
2026-09-27T02:45:00Z,"{""instance_name"": ""mooc-worker"", ""loadbalanced"": ""false"", ""resource_instance_id"": ""8057035535632679842"", ""resource_project_id"": ""proyecto-2-cloud-509714"", ""resource_type"": ""gce_instance"", ""resource_zone"": ""us-central1-a"", ""vm"": ""8057035535632679842""}",1103687
2026-09-27T02:44:00Z,"{""instance_name"": ""mooc-worker"", ""loadbalanced"": ""false"", ""resource_instance_id"": ""8057035535632679842"", ""resource_project_id"": ""proyecto-2-cloud-509714"", ""resource_type"": ""gce_instance"", ""resource_zone"": ""us-central1-a"", ""vm"": ""8057035535632679842""}",1109293
2026-09-27T02:43:00Z,"{""instance_name"": ""mooc-worker"", ""loadbalanced"": ""false"", ""resource_instance_id"": ""8057035535632679842"", ""resource_project_id"": ""proyecto-2-cloud-509714"", ""resource_type"": ""gce_instance"", ""resource_zone"": ""us-central1-a"", ""vm"": ""8057035535632679842""}",1106564
2026-09-27T02:42:00Z,"{""instance_name"": ""mooc-worker"", ""loadbalanced"": ""false"", ""resource_instance_id"": ""8057035535632679842"", ""resource_project_id"": ""proyecto-2-cloud-509714"", ""resource_type"": ""gce_instance"", ""resource_zone"": ""us-central1-a"", ""vm"": ""8057035535632679842""}",1114009
2026-09-27T02:41:00Z,"{""instance_name"": ""mooc-worker"", ""loadbalanced"": ""false"", ""resource_instance_id"": ""8057035535632679842"", ""resource_project_id"": ""proyecto-2-cloud-509714"", ""resource_type"": ""gce_instance"", ""resource_zone"": ""us-central1-a"", ""vm"": ""8057035535632679842""}",1100033
2026-09-27T02:40:00Z,"{""instance_name"": ""mooc-worker"", ""loadbalanced"": ""false"", ""resource_instance_id"": ""8057035535632679842"", ""resource_project_id"": ""proyecto-2-cloud-509714"", ""resource_type"": ""gce_instance"", ""resource_zone"": ""us-central1-a"", ""vm"": ""8057035535632679842""}",1057148
2026-09-27T02:39:00Z,"{""instance_name"": ""mooc-worker"", ""loadbalanced"": ""false"", ""resource_instance_id"": ""8057035535632679842"", ""resource_project_id"": ""proyecto-2-cloud-509714"", ""resource_type"": ""gce_instance"", ""resource_zone"": ""us-central1-a"", ""vm"": ""8057035535632679842""}",1048642
2026-09-27T02:38:00Z,"{""instance_name"": ""mooc-worker"", ""loadbalanced"": ""false"", ""resource_instance_id"": ""8057035535632679842"", ""resource_project_id"": ""proyecto-2-cloud-509714"", ""resource_type"": ""gce_instance"", ""resource_zone"": ""us-central1-a"", ""vm"": ""8057035535632679842""}",1048583
2026-09-27T02:37:00Z,"{""instance_name"": ""mooc-worker"", ""loadbalanced"": ""false"", ""resource_instance_id"": ""8057035535632679842"", ""resource_project_id"": ""proyecto-2-cloud-509714"", ""resource_type"": ""gce_instance"", ""resource_zone"": ""us-central1-a"", ""vm"": ""8057035535632679842""}",1052877
2026-09-27T02:36:00Z,"{""instance_name"": ""mooc-worker"", ""loadbalanced"": ""false"", ""resource_instance_id"": ""8057035535632679842"", ""resource_project_id"": ""proyecto-2-cloud-509714"", ""resource_type"": ""gce_instance"", ""resource_zone"": ""us-central1-a"", ""vm"": ""8057035535632679842""}",1060153
2026-09-27T02:35:00Z,"{""instance_name"": ""mooc-worker"", ""loadbalanced"": ""false"", ""resource_instance_id"": ""8057035535632679842"", ""resource_project_id"": ""proyecto-2-cloud-509714"", ""resource_type"": ""gce_instance"", ""resource_zone"": ""us-central1-a"", ""vm"": ""8057035535632679842""}",1065175
2026-09-27T02:34:00Z,"{""instance_name"": ""mooc-worker"", ""loadbalanced"": ""false"", ""resource_instance_id"": ""8057035535632679842"", ""resource_project_id"": ""proyecto-2-cloud-509714"", ""resource_type"": ""gce_instance"", ""resource_zone"": ""us-central1-a"", ""vm"": ""8057035535632679842""}",1086828
2026-09-27T02:33:00Z,"{""instance_name"": ""mooc-worker"", ""loadbalanced"": ""false"", ""resource_instance_id"": ""8057035535632679842"", ""resource_project_id"": ""proyecto-2-cloud-509714"", ""resource_type"": ""gce_instance"", ""resource_zone"": ""us-central1-a"", ""vm"": ""8057035535632679842""}",1098110
2026-09-27T02:32:00Z,"{""instance_name"": ""mooc-worker"", ""loadbalanced"": ""false"", ""resource_instance_id"": ""8057035535632679842"", ""resource_project_id"": ""proyecto-2-cloud-509714"", ""resource_type"": ""gce_instance"", ""resource_zone"": ""us-central1-a"", ""vm"": ""8057035535632679842""}",1241080
2026-09-27T02:31:00Z,"{""instance_name"": ""mooc-worker"", ""loadbalanced"": ""false"", ""resource_instance_id"": ""8057035535632679842"", ""resource_project_id"": ""proyecto-2-cloud-509714"", ""resource_type"": ""gce_instance"", ""resource_zone"": ""us-central1-a"", ""vm"": ""8057035535632679842""}",2284397
2026-09-27T02:30:00Z,"{""instance_name"": ""mooc-worker"", ""loadbalanced"": ""false"", ""resource_instance_id"": ""8057035535632679842"", ""resource_project_id"": ""proyecto-2-cloud-509714"", ""resource_type"": ""gce_instance"", ""resource_zone"": ""us-central1-a"", ""vm"": ""8057035535632679842""}",171906
2026-09-27T02:29:00Z,"{""instance_name"": ""mooc-worker"", ""loadbalanced"": ""false"", ""resource_instance_id"": ""8057035535632679842"", ""resource_project_id"": ""proyecto-2-cloud-509714"", ""resource_type"": ""gce_instance"", ""resource_zone"": ""us-central1-a"", ""vm"": ""8057035535632679842""}",89559
2026-09-27T02:28:00Z,"{""instance_name"": ""mooc-worker"", ""loadbalanced"": ""false"", ""resource_instance_id"": ""8057035535632679842"", ""resource_project_id"": ""proyecto-2-cloud-509714"", ""resource_type"": ""gce_instance"", ""resource_zone"": ""us-central1-a"", ""vm"": ""8057035535632679842""}",6510
2026-09-27T02:27:00Z,"{""instance_name"": ""mooc-worker"", ""loadbalanced"": ""false"", ""resource_instance_id"": ""8057035535632679842"", ""resource_project_id"": ""proyecto-2-cloud-509714"", ""resource_type"": ""gce_instance"", ""resource_zone"": ""us-central1-a"", ""vm"": ""8057035535632679842""}",190
2026-09-27T02:26:00Z,"{""instance_name"": ""mooc-worker"", ""loadbalanced"": ""false"", ""resource_instance_id"": ""8057035535632679842"", ""resource_project_id"": ""proyecto-2-cloud-509714"", ""resource_type"": ""gce_instance"", ""resource_zone"": ""us-central1-a"", ""vm"": ""8057035535632679842""}",630
2026-09-27T02:25:00Z,"{""instance_name"": ""mooc-worker"", ""loadbalanced"": ""false"", ""resource_instance_id"": ""8057035535632679842"", ""resource_project_id"": ""proyecto-2-cloud-509714"", ""resource_type"": ""gce_instance"", ""resource_zone"": ""us-central1-a"", ""vm"": ""8057035535632679842""}",769
2026-09-27T02:24:00Z,"{""instance_name"": ""mooc-worker"", ""loadbalanced"": ""false"", ""resource_instance_id"": ""8057035535632679842"", ""resource_project_id"": ""proyecto-2-cloud-509714"", ""resource_type"": ""gce_instance"", ""resource_zone"": ""us-central1-a"", ""vm"": ""8057035535632679842""}",166
2026-09-27T02:23:00Z,"{""instance_name"": ""mooc-worker"", ""loadbalanced"": ""false"", ""resource_instance_id"": ""8057035535632679842"", ""resource_project_id"": ""proyecto-2-cloud-509714"", ""resource_type"": ""gce_instance"", ""resource_zone"": ""us-central1-a"", ""vm"": ""8057035535632679842""}",72142
2026-09-27T02:22:00Z,"{""instance_name"": ""mooc-worker"", ""loadbalanced"": ""false"", ""resource_instance_id"": ""8057035535632679842"", ""resource_project_id"": ""proyecto-2-cloud-509714"", ""resource_type"": ""gce_instance"", ""resource_zone"": ""us-central1-a"", ""vm"": ""8057035535632679842""}",700116
2026-09-27T02:21:00Z,"{""instance_name"": ""mooc-worker"", ""loadbalanced"": ""false"", ""resource_instance_id"": ""8057035535632679842"", ""resource_project_id"": ""proyecto-2-cloud-509714"", ""resource_type"": ""gce_instance"", ""resource_zone"": ""us-central1-a"", ""vm"": ""8057035535632679842""}",467478
