timestamp,labels,value
2026-09-27T06:42:00Z,"{""instance_name"": ""mooc-web"", ""loadbalanced"": ""false"", ""resource_instance_id"": ""1398563761166861218"", ""resource_project_id"": ""proyecto-2-cloud-509714"", ""resource_type"": ""gce_instance"", ""resource_zone"": ""us-central1-a"", ""vm"": ""mooc-web""}",38604
2026-09-27T06:41:00Z,"{""instance_name"": ""mooc-web"", ""loadbalanced"": ""false"", ""resource_instance_id"": ""1398563761166861218"", ""resource_project_id"": ""proyecto-2-cloud-509714"", ""resource_type"": ""gce_instance"", ""resource_zone"": ""us-central1-a"", ""vm"": ""mooc-web""}",32398
2026-09-27T06:40:00Z,"{""instance_name"": ""mooc-web"", ""loadbalanced"": ""false"", ""resource_instance_id"": ""1398563761166861218"", ""resource_project_id"": ""proyecto-2-cloud-509714"", ""resource_type"": ""gce_instance"", ""resource_zone"": ""us-central1-a"", ""vm"": ""mooc-web""}",37651
2026-09-27T06:39:00Z,"{""instance_name"": ""mooc-web"", ""loadbalanced"": ""false"", ""resource_instance_id"": ""1398563761166861218"", ""resource_project_id"": ""proyecto-2-cloud-509714"", ""resource_type"": ""gce_instance"", ""resource_zone"": ""us-central1-a"", ""vm"": ""mooc-web""}",19570
2026-09-27T06:38:00Z,"{""instance_name"": ""mooc-web"", ""loadbalanced"": ""false"", ""resource_instance_id"": ""1398563761166861218"", ""resource_project_id"": ""proyecto-2-cloud-509714"", ""resource_type"": ""gce_instance"", ""resource_zone"": ""us-central1-a"", ""vm"": ""mooc-web""}",276617
2026-09-27T06:37:00Z,"{""instance_name"": ""mooc-web"", ""loadbalanced"": ""false"", ""resource_instance_id"": ""1398563761166861218"", ""resource_project_id"": ""proyecto-2-cloud-509714"", ""resource_type"": ""gce_instance"", ""resource_zone"": ""us-central1-a"", ""vm"": ""mooc-web""}",3708024
2026-09-27T06:36:00Z,"{""instance_name"": ""mooc-web"", ""loadbalanced"": ""false"", ""resource_instance_id"": ""1398563761166861218"", ""resource_project_id"": ""proyecto-2-cloud-509714"", ""resource_type"": ""gce_instance"", ""resource_zone"": ""us-central1-a"", ""vm"": ""mooc-web""}",18357
2026-09-27T06:35:00Z,"{""instance_name"": ""mooc-web"", ""loadbalanced"": ""false"", ""resource_instance_id"": ""1398563761166861218"", ""resource_project_id"": ""proyecto-2-cloud-509714"", ""resource_type"": ""gce_instance"", ""resource_zone"": ""us-central1-a"", ""vm"": ""mooc-web""}",19821
2026-09-27T06:34:00Z,"{""instance_name"": ""mooc-web"", ""loadbalanced"": ""false"", ""resource_instance_id"": ""1398563761166861218"", ""resource_project_id"": ""proyecto-2-cloud-509714"", ""resource_type"": ""gce_instance"", ""resource_zone"": ""us-central1-a"", ""vm"": ""mooc-web""}",18797
2026-09-27T06:33:00Z,"{""instance_name"": ""mooc-web"", ""loadbalanced"": ""false"", ""resource_instance_id"": ""1398563761166861218"", ""resource_project_id"": ""proyecto-2-cloud-509714"", ""resource_type"": ""gce_instance"", ""resource_zone"": ""us-central1-a"", ""vm"": ""mooc-web""}",18251
2026-09-27T06:32:00Z,"{""instance_name"": ""mooc-web"", ""loadbalanced"": ""false"", ""resource_instance_id"": ""1398563761166861218"", ""resource_project_id"": ""proyecto-2-cloud-509714"", ""resource_type"": ""gce_instance"", ""resource_zone"": ""us-central1-a"", ""vm"": ""mooc-web""}",18172
2026-09-27T06:31:00Z,"{""instance_name"": ""mooc-web"", ""loadbalanced"": ""false"", ""resource_instance_id"": ""1398563761166861218"", ""resource_project_id"": ""proyecto-2-cloud-509714"", ""resource_type"": ""gce_instance"", ""resource_zone"": ""us-central1-a"", ""vm"": ""mooc-web""}",19950
2026-09-27T06:30:00Z,"{""instance_name"": ""mooc-web"", ""loadbalanced"": ""false"", ""resource_instance_id"": ""1398563761166861218"", ""resource_project_id"": ""proyecto-2-cloud-509714"", ""resource_type"": ""gce_instance"", ""resource_zone"": ""us-central1-a"", ""vm"": ""mooc-web""}",24192
2026-09-27T06:29:00Z,"{""instance_name"": ""mooc-web"", ""loadbalanced"": ""false"", ""resource_instance_id"": ""1398563761166861218"", ""resource_project_id"": ""proyecto-2-cloud-509714"", ""resource_type"": ""gce_instance"", ""resource_zone"": ""us-central1-a"", ""vm"": ""mooc-web""}",24884
2026-09-27T06:28:00Z,"{""instance_name"": ""mooc-web"", ""loadbalanced"": ""false"", ""resource_instance_id"": ""1398563761166861218"", ""resource_project_id"": ""proyecto-2-cloud-509714"", ""resource_type"": ""gce_instance"", ""resource_zone"": ""us-central1-a"", ""vm"": ""mooc-web""}",18227
2026-09-27T06:27:00Z,"{""instance_name"": ""mooc-web"", ""loadbalanced"": ""false"", ""resource_instance_id"": ""1398563761166861218"", ""resource_project_id"": ""proyecto-2-cloud-509714"", ""resource_type"": ""gce_instance"", ""resource_zone"": ""us-central1-a"", ""vm"": ""mooc-web""}",19033
2026-09-27T06:26:00Z,"{""instance_name"": ""mooc-web"", ""loadbalanced"": ""false"", ""resource_instance_id"": ""1398563761166861218"", ""resource_project_id"": ""proyecto-2-cloud-509714"", ""resource_type"": ""gce_instance"", ""resource_zone"": ""us-central1-a"", ""vm"": ""mooc-web""}",24731
2026-09-27T06:25:00Z,"{""instance_name"": ""mooc-web"", ""loadbalanced"": ""false"", ""resource_instance_id"": ""1398563761166861218"", ""resource_project_id"": ""proyecto-2-cloud-509714"", ""resource_type"": ""gce_instance"", ""resource_zone"": ""us-central1-a"", ""vm"": ""mooc-web""}",17319
2026-09-27T06:24:00Z,"{""instance_name"": ""mooc-web"", ""loadbalanced"": ""false"", ""resource_instance_id"": ""1398563761166861218"", ""resource_project_id"": ""proyecto-2-cloud-509714"", ""resource_type"": ""gce_instance"", ""resource_zone"": ""us-central1-a"", ""vm"": ""mooc-web""}",19125
2026-09-27T06:23:00Z,"{""instance_name"": ""mooc-web"", ""loadbalanced"": ""false"", ""resource_instance_id"": ""1398563761166861218"", ""resource_project_id"": ""proyecto-2-cloud-509714"", ""resource_type"": ""gce_instance"", ""resource_zone"": ""us-central1-a"", ""vm"": ""mooc-web""}",20413
2026-09-27T06:22:00Z,"{""instance_name"": ""mooc-web"", ""loadbalanced"": ""false"", ""resource_instance_id"": ""1398563761166861218"", ""resource_project_id"": ""proyecto-2-cloud-509714"", ""resource_type"": ""gce_instance"", ""resource_zone"": ""us-central1-a"", ""vm"": ""mooc-web""}",18719
2026-09-27T06:21:00Z,"{""instance_name"": ""mooc-web"", ""loadbalanced"": ""false"", ""resource_instance_id"": ""1398563761166861218"", ""resource_project_id"": ""proyecto-2-cloud-509714"", ""resource_type"": ""gce_instance"", ""resource_zone"": ""us-central1-a"", ""vm"": ""mooc-web""}",18865
2026-09-27T06:20:00Z,"{""instance_name"": ""mooc-web"", ""loadbalanced"": ""false"", ""resource_instance_id"": ""1398563761166861218"", ""resource_project_id"": ""proyecto-2-cloud-509714"", ""resource_type"": ""gce_instance"", ""resource_zone"": ""us-central1-a"", ""vm"": ""mooc-web""}",24362
2026-09-27T06:19:00Z,"{""instance_name"": ""mooc-web"", ""loadbalanced"": ""false"", ""resource_instance_id"": ""1398563761166861218"", ""resource_project_id"": ""proyecto-2-cloud-509714"", ""resource_type"": ""gce_instance"", ""resource_zone"": ""us-central1-a"", ""vm"": ""mooc-web""}",18881
2026-09-27T06:18:00Z,"{""instance_name"": ""mooc-web"", ""loadbalanced"": ""false"", ""resource_instance_id"": ""1398563761166861218"", ""resource_project_id"": ""proyecto-2-cloud-509714"", ""resource_type"": ""gce_instance"", ""resource_zone"": ""us-central1-a"", ""vm"": ""mooc-web""}",25041
2026-09-27T06:17:00Z,"{""instance_name"": ""mooc-web"", ""loadbalanced"": ""false"", ""resource_instance_id"": ""1398563761166861218"", ""resource_project_id"": ""proyecto-2-cloud-509714"", ""resource_type"": ""gce_instance"", ""resource_zone"": ""us-central1-a"", ""vm"": ""mooc-web""}",19788
2026-09-27T06:16:00Z,"{""instance_name"": ""mooc-web"", ""loadbalanced"": ""false"", ""resource_instance_id"": ""1398563761166861218"", ""resource_project_id"": ""proyecto-2-cloud-509714"", ""resource_type"": ""gce_instance"", ""resource_zone"": ""us-central1-a"", ""vm"": ""mooc-web""}",19138
2026-09-27T06:15:00Z,"{""instance_name"": ""mooc-web"", ""loadbalanced"": ""false"", ""resource_instance_id"": ""1398563761166861218"", ""resource_project_id"": ""proyecto-2-cloud-509714"", ""resource_type"": ""gce_instance"", ""resource_zone"": ""us-central1-a"", ""vm"": ""mooc-web""}",28517
2026-09-27T06:14:00Z,"{""instance_name"": ""mooc-web"", ""loadbalanced"": ""false"", ""resource_instance_id"": ""1398563761166861218"", ""resource_project_id"": ""proyecto-2-cloud-509714"", ""resource_type"": ""gce_instance"", ""resource_zone"": ""us-central1-a"", ""vm"": ""mooc-web""}",18551
2026-09-27T06:13:00Z,"{""instance_name"": ""mooc-web"", ""loadbalanced"": ""false"", ""resource_instance_id"": ""1398563761166861218"", ""resource_project_id"": ""proyecto-2-cloud-509714"", ""resource_type"": ""gce_instance"", ""resource_zone"": ""us-central1-a"", ""vm"": ""mooc-web""}",17951
2026-09-27T06:12:00Z,"{""instance_name"": ""mooc-web"", ""loadbalanced"": ""false"", ""resource_instance_id"": ""1398563761166861218"", ""resource_project_id"": ""proyecto-2-cloud-509714"", ""resource_type"": ""gce_instance"", ""resource_zone"": ""us-central1-a"", ""vm"": ""mooc-web""}",18341
2026-09-27T06:11:00Z,"{""instance_name"": ""mooc-web"", ""loadbalanced"": ""false"", ""resource_instance_id"": ""1398563761166861218"", ""resource_project_id"": ""proyecto-2-cloud-509714"", ""resource_type"": ""gce_instance"", ""resource_zone"": ""us-central1-a"", ""vm"": ""mooc-web""}",18688
2026-09-27T06:10:00Z,"{""instance_name"": ""mooc-web"", ""loadbalanced"": ""false"", ""resource_instance_id"": ""1398563761166861218"", ""resource_project_id"": ""proyecto-2-cloud-509714"", ""resource_type"": ""gce_instance"", ""resource_zone"": ""us-central1-a"", ""vm"": ""mooc-web""}",23293
2026-09-27T06:09:00Z,"{""instance_name"": ""mooc-web"", ""loadbalanced"": ""false"", ""resource_instance_id"": ""1398563761166861218"", ""resource_project_id"": ""proyecto-2-cloud-509714"", ""resource_type"": ""gce_instance"", ""resource_zone"": ""us-central1-a"", ""vm"": ""mooc-web""}",19868
2026-09-27T06:08:00Z,"{""instance_name"": ""mooc-web"", ""loadbalanced"": ""false"", ""resource_instance_id"": ""1398563761166861218"", ""resource_project_id"": ""proyecto-2-cloud-509714"", ""resource_type"": ""gce_instance"", ""resource_zone"": ""us-central1-a"", ""vm"": ""mooc-web""}",17955
2026-09-27T06:07:00Z,"{""instance_name"": ""mooc-web"", ""loadbalanced"": ""false"", ""resource_instance_id"": ""1398563761166861218"", ""resource_project_id"": ""proyecto-2-cloud-509714"", ""resource_type"": ""gce_instance"", ""resource_zone"": ""us-central1-a"", ""vm"": ""mooc-web""}",18652
2026-09-27T06:06:00Z,"{""instance_name"": ""mooc-web"", ""loadbalanced"": ""false"", ""resource_instance_id"": ""1398563761166861218"", ""resource_project_id"": ""proyecto-2-cloud-509714"", ""resource_type"": ""gce_instance"", ""resource_zone"": ""us-central1-a"", ""vm"": ""mooc-web""}",18323
2026-09-27T06:05:00Z,"{""instance_name"": ""mooc-web"", ""loadbalanced"": ""false"", ""resource_instance_id"": ""1398563761166861218"", ""resource_project_id"": ""proyecto-2-cloud-509714"", ""resource_type"": ""gce_instance"", ""resource_zone"": ""us-central1-a"", ""vm"": ""mooc-web""}",20041
2026-09-27T06:04:00Z,"{""instance_name"": ""mooc-web"", ""loadbalanced"": ""false"", ""resource_instance_id"": ""1398563761166861218"", ""resource_project_id"": ""proyecto-2-cloud-509714"", ""resource_type"": ""gce_instance"", ""resource_zone"": ""us-central1-a"", ""vm"": ""mooc-web""}",19230
2026-09-27T06:03:00Z,"{""instance_name"": ""mooc-web"", ""loadbalanced"": ""false"", ""resource_instance_id"": ""1398563761166861218"", ""resource_project_id"": ""proyecto-2-cloud-509714"", ""resource_type"": ""gce_instance"", ""resource_zone"": ""us-central1-a"", ""vm"": ""mooc-web""}",18712
2026-09-27T06:02:00Z,"{""instance_name"": ""mooc-web"", ""loadbalanced"": ""false"", ""resource_instance_id"": ""1398563761166861218"", ""resource_project_id"": ""proyecto-2-cloud-509714"", ""resource_type"": ""gce_instance"", ""resource_zone"": ""us-central1-a"", ""vm"": ""mooc-web""}",162450
2026-09-27T06:01:00Z,"{""instance_name"": ""mooc-web"", ""loadbalanced"": ""false"", ""resource_instance_id"": ""1398563761166861218"", ""resource_project_id"": ""proyecto-2-cloud-509714"", ""resource_type"": ""gce_instance"", ""resource_zone"": ""us-central1-a"", ""vm"": ""mooc-web""}",2384203
2026-09-27T06:00:00Z,"{""instance_name"": ""mooc-web"", ""loadbalanced"": ""false"", ""resource_instance_id"": ""1398563761166861218"", ""resource_project_id"": ""proyecto-2-cloud-509714"", ""resource_type"": ""gce_instance"", ""resource_zone"": ""us-central1-a"", ""vm"": ""mooc-web""}",4825790
2026-09-27T05:59:00Z,"{""instance_name"": ""mooc-web"", ""loadbalanced"": ""false"", ""resource_instance_id"": ""1398563761166861218"", ""resource_project_id"": ""proyecto-2-cloud-509714"", ""resource_type"": ""gce_instance"", ""resource_zone"": ""us-central1-a"", ""vm"": ""mooc-web""}",4025288
2026-09-27T05:58:00Z,"{""instance_name"": ""mooc-web"", ""loadbalanced"": ""false"", ""resource_instance_id"": ""1398563761166861218"", ""resource_project_id"": ""proyecto-2-cloud-509714"", ""resource_type"": ""gce_instance"", ""resource_zone"": ""us-central1-a"", ""vm"": ""mooc-web""}",3272287
2026-09-27T05:57:00Z,"{""instance_name"": ""mooc-web"", ""loadbalanced"": ""false"", ""resource_instance_id"": ""1398563761166861218"", ""resource_project_id"": ""proyecto-2-cloud-509714"", ""resource_type"": ""gce_instance"", ""resource_zone"": ""us-central1-a"", ""vm"": ""mooc-web""}",2689692
2026-09-27T05:56:00Z,"{""instance_name"": ""mooc-web"", ""loadbalanced"": ""false"", ""resource_instance_id"": ""1398563761166861218"", ""resource_project_id"": ""proyecto-2-cloud-509714"", ""resource_type"": ""gce_instance"", ""resource_zone"": ""us-central1-a"", ""vm"": ""mooc-web""}",1140860
2026-09-27T05:55:00Z,"{""instance_name"": ""mooc-web"", ""loadbalanced"": ""false"", ""resource_instance_id"": ""1398563761166861218"", ""resource_project_id"": ""proyecto-2-cloud-509714"", ""resource_type"": ""gce_instance"", ""resource_zone"": ""us-central1-a"", ""vm"": ""mooc-web""}",1185324
2026-09-27T05:54:00Z,"{""instance_name"": ""mooc-web"", ""loadbalanced"": ""false"", ""resource_instance_id"": ""1398563761166861218"", ""resource_project_id"": ""proyecto-2-cloud-509714"", ""resource_type"": ""gce_instance"", ""resource_zone"": ""us-central1-a"", ""vm"": ""mooc-web""}",1144779
2026-09-27T05:53:00Z,"{""instance_name"": ""mooc-web"", ""loadbalanced"": ""false"", ""resource_instance_id"": ""1398563761166861218"", ""resource_project_id"": ""proyecto-2-cloud-509714"", ""resource_type"": ""gce_instance"", ""resource_zone"": ""us-central1-a"", ""vm"": ""mooc-web""}",944688
2026-09-27T05:52:00Z,"{""instance_name"": ""mooc-web"", ""loadbalanced"": ""false"", ""resource_instance_id"": ""1398563761166861218"", ""resource_project_id"": ""proyecto-2-cloud-509714"", ""resource_type"": ""gce_instance"", ""resource_zone"": ""us-central1-a"", ""vm"": ""mooc-web""}",549849
2026-09-27T05:51:00Z,"{""instance_name"": ""mooc-web"", ""loadbalanced"": ""false"", ""resource_instance_id"": ""1398563761166861218"", ""resource_project_id"": ""proyecto-2-cloud-509714"", ""resource_type"": ""gce_instance"", ""resource_zone"": ""us-central1-a"", ""vm"": ""mooc-web""}",355516
2026-09-27T05:50:00Z,"{""instance_name"": ""mooc-web"", ""loadbalanced"": ""false"", ""resource_instance_id"": ""1398563761166861218"", ""resource_project_id"": ""proyecto-2-cloud-509714"", ""resource_type"": ""gce_instance"", ""resource_zone"": ""us-central1-a"", ""vm"": ""mooc-web""}",341524
2026-09-27T05:49:00Z,"{""instance_name"": ""mooc-web"", ""loadbalanced"": ""false"", ""resource_instance_id"": ""1398563761166861218"", ""resource_project_id"": ""proyecto-2-cloud-509714"", ""resource_type"": ""gce_instance"", ""resource_zone"": ""us-central1-a"", ""vm"": ""mooc-web""}",298501
2026-09-27T05:48:00Z,"{""instance_name"": ""mooc-web"", ""loadbalanced"": ""false"", ""resource_instance_id"": ""1398563761166861218"", ""resource_project_id"": ""proyecto-2-cloud-509714"", ""resource_type"": ""gce_instance"", ""resource_zone"": ""us-central1-a"", ""vm"": ""mooc-web""}",245849
2026-09-27T05:47:00Z,"{""instance_name"": ""mooc-web"", ""loadbalanced"": ""false"", ""resource_instance_id"": ""1398563761166861218"", ""resource_project_id"": ""proyecto-2-cloud-509714"", ""resource_type"": ""gce_instance"", ""resource_zone"": ""us-central1-a"", ""vm"": ""mooc-web""}",66676
2026-09-27T05:46:00Z,"{""instance_name"": ""mooc-web"", ""loadbalanced"": ""false"", ""resource_instance_id"": ""1398563761166861218"", ""resource_project_id"": ""proyecto-2-cloud-509714"", ""resource_type"": ""gce_instance"", ""resource_zone"": ""us-central1-a"", ""vm"": ""mooc-web""}",21380
2026-09-27T05:45:00Z,"{""instance_name"": ""mooc-web"", ""loadbalanced"": ""false"", ""resource_instance_id"": ""1398563761166861218"", ""resource_project_id"": ""proyecto-2-cloud-509714"", ""resource_type"": ""gce_instance"", ""resource_zone"": ""us-central1-a"", ""vm"": ""mooc-web""}",20337
2026-09-27T05:44:00Z,"{""instance_name"": ""mooc-web"", ""loadbalanced"": ""false"", ""resource_instance_id"": ""1398563761166861218"", ""resource_project_id"": ""proyecto-2-cloud-509714"", ""resource_type"": ""gce_instance"", ""resource_zone"": ""us-central1-a"", ""vm"": ""mooc-web""}",19065
2026-09-27T05:43:00Z,"{""instance_name"": ""mooc-web"", ""loadbalanced"": ""false"", ""resource_instance_id"": ""1398563761166861218"", ""resource_project_id"": ""proyecto-2-cloud-509714"", ""resource_type"": ""gce_instance"", ""resource_zone"": ""us-central1-a"", ""vm"": ""mooc-web""}",19449
2026-09-27T05:42:00Z,"{""instance_name"": ""mooc-web"", ""loadbalanced"": ""false"", ""resource_instance_id"": ""1398563761166861218"", ""resource_project_id"": ""proyecto-2-cloud-509714"", ""resource_type"": ""gce_instance"", ""resource_zone"": ""us-central1-a"", ""vm"": ""mooc-web""}",23753
2026-09-27T05:41:00Z,"{""instance_name"": ""mooc-web"", ""loadbalanced"": ""false"", ""resource_instance_id"": ""1398563761166861218"", ""resource_project_id"": ""proyecto-2-cloud-509714"", ""resource_type"": ""gce_instance"", ""resource_zone"": ""us-central1-a"", ""vm"": ""mooc-web""}",30369
2026-09-27T05:40:00Z,"{""instance_name"": ""mooc-web"", ""loadbalanced"": ""false"", ""resource_instance_id"": ""1398563761166861218"", ""resource_project_id"": ""proyecto-2-cloud-509714"", ""resource_type"": ""gce_instance"", ""resource_zone"": ""us-central1-a"", ""vm"": ""mooc-web""}",163213
2026-09-27T05:39:00Z,"{""instance_name"": ""mooc-web"", ""loadbalanced"": ""false"", ""resource_instance_id"": ""1398563761166861218"", ""resource_project_id"": ""proyecto-2-cloud-509714"", ""resource_type"": ""gce_instance"", ""resource_zone"": ""us-central1-a"", ""vm"": ""mooc-web""}",53964
2026-09-27T05:38:00Z,"{""instance_name"": ""mooc-web"", ""loadbalanced"": ""false"", ""resource_instance_id"": ""1398563761166861218"", ""resource_project_id"": ""proyecto-2-cloud-509714"", ""resource_type"": ""gce_instance"", ""resource_zone"": ""us-central1-a"", ""vm"": ""mooc-web""}",39475
2026-09-27T05:37:00Z,"{""instance_name"": ""mooc-web"", ""loadbalanced"": ""false"", ""resource_instance_id"": ""1398563761166861218"", ""resource_project_id"": ""proyecto-2-cloud-509714"", ""resource_type"": ""gce_instance"", ""resource_zone"": ""us-central1-a"", ""vm"": ""mooc-web""}",41275
2026-09-27T05:36:00Z,"{""instance_name"": ""mooc-web"", ""loadbalanced"": ""false"", ""resource_instance_id"": ""1398563761166861218"", ""resource_project_id"": ""proyecto-2-cloud-509714"", ""resource_type"": ""gce_instance"", ""resource_zone"": ""us-central1-a"", ""vm"": ""mooc-web""}",44731
2026-09-27T05:35:00Z,"{""instance_name"": ""mooc-web"", ""loadbalanced"": ""false"", ""resource_instance_id"": ""1398563761166861218"", ""resource_project_id"": ""proyecto-2-cloud-509714"", ""resource_type"": ""gce_instance"", ""resource_zone"": ""us-central1-a"", ""vm"": ""mooc-web""}",39780
2026-09-27T05:34:00Z,"{""instance_name"": ""mooc-web"", ""loadbalanced"": ""false"", ""resource_instance_id"": ""1398563761166861218"", ""resource_project_id"": ""proyecto-2-cloud-509714"", ""resource_type"": ""gce_instance"", ""resource_zone"": ""us-central1-a"", ""vm"": ""mooc-web""}",39707
2026-09-27T05:33:00Z,"{""instance_name"": ""mooc-web"", ""loadbalanced"": ""false"", ""resource_instance_id"": ""1398563761166861218"", ""resource_project_id"": ""proyecto-2-cloud-509714"", ""resource_type"": ""gce_instance"", ""resource_zone"": ""us-central1-a"", ""vm"": ""mooc-web""}",43976
2026-09-27T05:32:00Z,"{""instance_name"": ""mooc-web"", ""loadbalanced"": ""false"", ""resource_instance_id"": ""1398563761166861218"", ""resource_project_id"": ""proyecto-2-cloud-509714"", ""resource_type"": ""gce_instance"", ""resource_zone"": ""us-central1-a"", ""vm"": ""mooc-web""}",40663
2026-09-27T05:31:00Z,"{""instance_name"": ""mooc-web"", ""loadbalanced"": ""false"", ""resource_instance_id"": ""1398563761166861218"", ""resource_project_id"": ""proyecto-2-cloud-509714"", ""resource_type"": ""gce_instance"", ""resource_zone"": ""us-central1-a"", ""vm"": ""mooc-web""}",51836
2026-09-27T05:30:00Z,"{""instance_name"": ""mooc-web"", ""loadbalanced"": ""false"", ""resource_instance_id"": ""1398563761166861218"", ""resource_project_id"": ""proyecto-2-cloud-509714"", ""resource_type"": ""gce_instance"", ""resource_zone"": ""us-central1-a"", ""vm"": ""mooc-web""}",56199
2026-09-27T05:29:00Z,"{""instance_name"": ""mooc-web"", ""loadbalanced"": ""false"", ""resource_instance_id"": ""1398563761166861218"", ""resource_project_id"": ""proyecto-2-cloud-509714"", ""resource_type"": ""gce_instance"", ""resource_zone"": ""us-central1-a"", ""vm"": ""mooc-web""}",20945
2026-09-27T05:28:00Z,"{""instance_name"": ""mooc-web"", ""loadbalanced"": ""false"", ""resource_instance_id"": ""1398563761166861218"", ""resource_project_id"": ""proyecto-2-cloud-509714"", ""resource_type"": ""gce_instance"", ""resource_zone"": ""us-central1-a"", ""vm"": ""mooc-web""}",50749
2026-09-27T05:27:00Z,"{""instance_name"": ""mooc-web"", ""loadbalanced"": ""false"", ""resource_instance_id"": ""1398563761166861218"", ""resource_project_id"": ""proyecto-2-cloud-509714"", ""resource_type"": ""gce_instance"", ""resource_zone"": ""us-central1-a"", ""vm"": ""mooc-web""}",456150
2026-09-27T05:26:00Z,"{""instance_name"": ""mooc-web"", ""loadbalanced"": ""false"", ""resource_instance_id"": ""1398563761166861218"", ""resource_project_id"": ""proyecto-2-cloud-509714"", ""resource_type"": ""gce_instance"", ""resource_zone"": ""us-central1-a"", ""vm"": ""mooc-web""}",1240836
2026-09-27T05:25:00Z,"{""instance_name"": ""mooc-web"", ""loadbalanced"": ""false"", ""resource_instance_id"": ""1398563761166861218"", ""resource_project_id"": ""proyecto-2-cloud-509714"", ""resource_type"": ""gce_instance"", ""resource_zone"": ""us-central1-a"", ""vm"": ""mooc-web""}",1172436
2026-09-27T05:24:00Z,"{""instance_name"": ""mooc-web"", ""loadbalanced"": ""false"", ""resource_instance_id"": ""1398563761166861218"", ""resource_project_id"": ""proyecto-2-cloud-509714"", ""resource_type"": ""gce_instance"", ""resource_zone"": ""us-central1-a"", ""vm"": ""mooc-web""}",258680
2026-09-27T05:23:00Z,"{""instance_name"": ""mooc-web"", ""loadbalanced"": ""false"", ""resource_instance_id"": ""1398563761166861218"", ""resource_project_id"": ""proyecto-2-cloud-509714"", ""resource_type"": ""gce_instance"", ""resource_zone"": ""us-central1-a"", ""vm"": ""mooc-web""}",158496
2026-09-27T05:22:00Z,"{""instance_name"": ""mooc-web"", ""loadbalanced"": ""false"", ""resource_instance_id"": ""1398563761166861218"", ""resource_project_id"": ""proyecto-2-cloud-509714"", ""resource_type"": ""gce_instance"", ""resource_zone"": ""us-central1-a"", ""vm"": ""mooc-web""}",2055262
2026-09-27T05:21:00Z,"{""instance_name"": ""mooc-web"", ""loadbalanced"": ""false"", ""resource_instance_id"": ""1398563761166861218"", ""resource_project_id"": ""proyecto-2-cloud-509714"", ""resource_type"": ""gce_instance"", ""resource_zone"": ""us-central1-a"", ""vm"": ""mooc-web""}",531479
2026-09-27T05:20:00Z,"{""instance_name"": ""mooc-web"", ""loadbalanced"": ""false"", ""resource_instance_id"": ""1398563761166861218"", ""resource_project_id"": ""proyecto-2-cloud-509714"", ""resource_type"": ""gce_instance"", ""resource_zone"": ""us-central1-a"", ""vm"": ""mooc-web""}",25674
2026-09-27T05:19:00Z,"{""instance_name"": ""mooc-web"", ""loadbalanced"": ""false"", ""resource_instance_id"": ""1398563761166861218"", ""resource_project_id"": ""proyecto-2-cloud-509714"", ""resource_type"": ""gce_instance"", ""resource_zone"": ""us-central1-a"", ""vm"": ""mooc-web""}",21317
2026-09-27T05:18:00Z,"{""instance_name"": ""mooc-web"", ""loadbalanced"": ""false"", ""resource_instance_id"": ""1398563761166861218"", ""resource_project_id"": ""proyecto-2-cloud-509714"", ""resource_type"": ""gce_instance"", ""resource_zone"": ""us-central1-a"", ""vm"": ""mooc-web""}",23519
2026-09-27T05:17:00Z,"{""instance_name"": ""mooc-web"", ""loadbalanced"": ""false"", ""resource_instance_id"": ""1398563761166861218"", ""resource_project_id"": ""proyecto-2-cloud-509714"", ""resource_type"": ""gce_instance"", ""resource_zone"": ""us-central1-a"", ""vm"": ""mooc-web""}",44870
2026-09-27T05:16:00Z,"{""instance_name"": ""mooc-web"", ""loadbalanced"": ""false"", ""resource_instance_id"": ""1398563761166861218"", ""resource_project_id"": ""proyecto-2-cloud-509714"", ""resource_type"": ""gce_instance"", ""resource_zone"": ""us-central1-a"", ""vm"": ""mooc-web""}",21944
2026-09-27T05:15:00Z,"{""instance_name"": ""mooc-web"", ""loadbalanced"": ""false"", ""resource_instance_id"": ""1398563761166861218"", ""resource_project_id"": ""proyecto-2-cloud-509714"", ""resource_type"": ""gce_instance"", ""resource_zone"": ""us-central1-a"", ""vm"": ""mooc-web""}",18447
2026-09-27T05:14:00Z,"{""instance_name"": ""mooc-web"", ""loadbalanced"": ""false"", ""resource_instance_id"": ""1398563761166861218"", ""resource_project_id"": ""proyecto-2-cloud-509714"", ""resource_type"": ""gce_instance"", ""resource_zone"": ""us-central1-a"", ""vm"": ""mooc-web""}",19286
2026-09-27T05:13:00Z,"{""instance_name"": ""mooc-web"", ""loadbalanced"": ""false"", ""resource_instance_id"": ""1398563761166861218"", ""resource_project_id"": ""proyecto-2-cloud-509714"", ""resource_type"": ""gce_instance"", ""resource_zone"": ""us-central1-a"", ""vm"": ""mooc-web""}",20181
2026-09-27T05:12:00Z,"{""instance_name"": ""mooc-web"", ""loadbalanced"": ""false"", ""resource_instance_id"": ""1398563761166861218"", ""resource_project_id"": ""proyecto-2-cloud-509714"", ""resource_type"": ""gce_instance"", ""resource_zone"": ""us-central1-a"", ""vm"": ""mooc-web""}",20989
2026-09-27T05:11:00Z,"{""instance_name"": ""mooc-web"", ""loadbalanced"": ""false"", ""resource_instance_id"": ""1398563761166861218"", ""resource_project_id"": ""proyecto-2-cloud-509714"", ""resource_type"": ""gce_instance"", ""resource_zone"": ""us-central1-a"", ""vm"": ""mooc-web""}",20365
2026-09-27T05:10:00Z,"{""instance_name"": ""mooc-web"", ""loadbalanced"": ""false"", ""resource_instance_id"": ""1398563761166861218"", ""resource_project_id"": ""proyecto-2-cloud-509714"", ""resource_type"": ""gce_instance"", ""resource_zone"": ""us-central1-a"", ""vm"": ""mooc-web""}",25105
2026-09-27T05:09:00Z,"{""instance_name"": ""mooc-web"", ""loadbalanced"": ""false"", ""resource_instance_id"": ""1398563761166861218"", ""resource_project_id"": ""proyecto-2-cloud-509714"", ""resource_type"": ""gce_instance"", ""resource_zone"": ""us-central1-a"", ""vm"": ""mooc-web""}",21552
2026-09-27T05:08:00Z,"{""instance_name"": ""mooc-web"", ""loadbalanced"": ""false"", ""resource_instance_id"": ""1398563761166861218"", ""resource_project_id"": ""proyecto-2-cloud-509714"", ""resource_type"": ""gce_instance"", ""resource_zone"": ""us-central1-a"", ""vm"": ""mooc-web""}",20486
2026-09-27T05:07:00Z,"{""instance_name"": ""mooc-web"", ""loadbalanced"": ""false"", ""resource_instance_id"": ""1398563761166861218"", ""resource_project_id"": ""proyecto-2-cloud-509714"", ""resource_type"": ""gce_instance"", ""resource_zone"": ""us-central1-a"", ""vm"": ""mooc-web""}",19758
2026-09-27T05:06:00Z,"{""instance_name"": ""mooc-web"", ""loadbalanced"": ""false"", ""resource_instance_id"": ""1398563761166861218"", ""resource_project_id"": ""proyecto-2-cloud-509714"", ""resource_type"": ""gce_instance"", ""resource_zone"": ""us-central1-a"", ""vm"": ""mooc-web""}",20181
2026-09-27T05:05:00Z,"{""instance_name"": ""mooc-web"", ""loadbalanced"": ""false"", ""resource_instance_id"": ""1398563761166861218"", ""resource_project_id"": ""proyecto-2-cloud-509714"", ""resource_type"": ""gce_instance"", ""resource_zone"": ""us-central1-a"", ""vm"": ""mooc-web""}",20861
2026-09-27T05:04:00Z,"{""instance_name"": ""mooc-web"", ""loadbalanced"": ""false"", ""resource_instance_id"": ""1398563761166861218"", ""resource_project_id"": ""proyecto-2-cloud-509714"", ""resource_type"": ""gce_instance"", ""resource_zone"": ""us-central1-a"", ""vm"": ""mooc-web""}",24566
2026-09-27T05:03:00Z,"{""instance_name"": ""mooc-web"", ""loadbalanced"": ""false"", ""resource_instance_id"": ""1398563761166861218"", ""resource_project_id"": ""proyecto-2-cloud-509714"", ""resource_type"": ""gce_instance"", ""resource_zone"": ""us-central1-a"", ""vm"": ""mooc-web""}",20478
2026-09-27T05:02:00Z,"{""instance_name"": ""mooc-web"", ""loadbalanced"": ""false"", ""resource_instance_id"": ""1398563761166861218"", ""resource_project_id"": ""proyecto-2-cloud-509714"", ""resource_type"": ""gce_instance"", ""resource_zone"": ""us-central1-a"", ""vm"": ""mooc-web""}",20103
2026-09-27T05:01:00Z,"{""instance_name"": ""mooc-web"", ""loadbalanced"": ""false"", ""resource_instance_id"": ""1398563761166861218"", ""resource_project_id"": ""proyecto-2-cloud-509714"", ""resource_type"": ""gce_instance"", ""resource_zone"": ""us-central1-a"", ""vm"": ""mooc-web""}",20221
2026-09-27T05:00:00Z,"{""instance_name"": ""mooc-web"", ""loadbalanced"": ""false"", ""resource_instance_id"": ""1398563761166861218"", ""resource_project_id"": ""proyecto-2-cloud-509714"", ""resource_type"": ""gce_instance"", ""resource_zone"": ""us-central1-a"", ""vm"": ""mooc-web""}",25431
2026-09-27T04:59:00Z,"{""instance_name"": ""mooc-web"", ""loadbalanced"": ""false"", ""resource_instance_id"": ""1398563761166861218"", ""resource_project_id"": ""proyecto-2-cloud-509714"", ""resource_type"": ""gce_instance"", ""resource_zone"": ""us-central1-a"", ""vm"": ""mooc-web""}",20317
2026-09-27T04:58:00Z,"{""instance_name"": ""mooc-web"", ""loadbalanced"": ""false"", ""resource_instance_id"": ""1398563761166861218"", ""resource_project_id"": ""proyecto-2-cloud-509714"", ""resource_type"": ""gce_instance"", ""resource_zone"": ""us-central1-a"", ""vm"": ""mooc-web""}",24721
2026-09-27T04:57:00Z,"{""instance_name"": ""mooc-web"", ""loadbalanced"": ""false"", ""resource_instance_id"": ""1398563761166861218"", ""resource_project_id"": ""proyecto-2-cloud-509714"", ""resource_type"": ""gce_instance"", ""resource_zone"": ""us-central1-a"", ""vm"": ""mooc-web""}",20985
2026-09-27T04:56:00Z,"{""instance_name"": ""mooc-web"", ""loadbalanced"": ""false"", ""resource_instance_id"": ""1398563761166861218"", ""resource_project_id"": ""proyecto-2-cloud-509714"", ""resource_type"": ""gce_instance"", ""resource_zone"": ""us-central1-a"", ""vm"": ""mooc-web""}",276398
2026-09-27T04:55:00Z,"{""instance_name"": ""mooc-web"", ""loadbalanced"": ""false"", ""resource_instance_id"": ""1398563761166861218"", ""resource_project_id"": ""proyecto-2-cloud-509714"", ""resource_type"": ""gce_instance"", ""resource_zone"": ""us-central1-a"", ""vm"": ""mooc-web""}",3962616
2026-09-27T04:54:00Z,"{""instance_name"": ""mooc-web"", ""loadbalanced"": ""false"", ""resource_instance_id"": ""1398563761166861218"", ""resource_project_id"": ""proyecto-2-cloud-509714"", ""resource_type"": ""gce_instance"", ""resource_zone"": ""us-central1-a"", ""vm"": ""mooc-web""}",5136956
2026-09-27T04:53:00Z,"{""instance_name"": ""mooc-web"", ""loadbalanced"": ""false"", ""resource_instance_id"": ""1398563761166861218"", ""resource_project_id"": ""proyecto-2-cloud-509714"", ""resource_type"": ""gce_instance"", ""resource_zone"": ""us-central1-a"", ""vm"": ""mooc-web""}",4394023
2026-09-27T04:52:00Z,"{""instance_name"": ""mooc-web"", ""loadbalanced"": ""false"", ""resource_instance_id"": ""1398563761166861218"", ""resource_project_id"": ""proyecto-2-cloud-509714"", ""resource_type"": ""gce_instance"", ""resource_zone"": ""us-central1-a"", ""vm"": ""mooc-web""}",3823598
2026-09-27T04:51:00Z,"{""instance_name"": ""mooc-web"", ""loadbalanced"": ""false"", ""resource_instance_id"": ""1398563761166861218"", ""resource_project_id"": ""proyecto-2-cloud-509714"", ""resource_type"": ""gce_instance"", ""resource_zone"": ""us-central1-a"", ""vm"": ""mooc-web""}",2399815
2026-09-27T04:50:00Z,"{""instance_name"": ""mooc-web"", ""loadbalanced"": ""false"", ""resource_instance_id"": ""1398563761166861218"", ""resource_project_id"": ""proyecto-2-cloud-509714"", ""resource_type"": ""gce_instance"", ""resource_zone"": ""us-central1-a"", ""vm"": ""mooc-web""}",1675586
2026-09-27T04:49:00Z,"{""instance_name"": ""mooc-web"", ""loadbalanced"": ""false"", ""resource_instance_id"": ""1398563761166861218"", ""resource_project_id"": ""proyecto-2-cloud-509714"", ""resource_type"": ""gce_instance"", ""resource_zone"": ""us-central1-a"", ""vm"": ""mooc-web""}",1488953
2026-09-27T04:48:00Z,"{""instance_name"": ""mooc-web"", ""loadbalanced"": ""false"", ""resource_instance_id"": ""1398563761166861218"", ""resource_project_id"": ""proyecto-2-cloud-509714"", ""resource_type"": ""gce_instance"", ""resource_zone"": ""us-central1-a"", ""vm"": ""mooc-web""}",1295301
2026-09-27T04:47:00Z,"{""instance_name"": ""mooc-web"", ""loadbalanced"": ""false"", ""resource_instance_id"": ""1398563761166861218"", ""resource_project_id"": ""proyecto-2-cloud-509714"", ""resource_type"": ""gce_instance"", ""resource_zone"": ""us-central1-a"", ""vm"": ""mooc-web""}",1129720
2026-09-27T04:46:00Z,"{""instance_name"": ""mooc-web"", ""loadbalanced"": ""false"", ""resource_instance_id"": ""1398563761166861218"", ""resource_project_id"": ""proyecto-2-cloud-509714"", ""resource_type"": ""gce_instance"", ""resource_zone"": ""us-central1-a"", ""vm"": ""mooc-web""}",507437
2026-09-27T04:45:00Z,"{""instance_name"": ""mooc-web"", ""loadbalanced"": ""false"", ""resource_instance_id"": ""1398563761166861218"", ""resource_project_id"": ""proyecto-2-cloud-509714"", ""resource_type"": ""gce_instance"", ""resource_zone"": ""us-central1-a"", ""vm"": ""mooc-web""}",456410
2026-09-27T04:44:00Z,"{""instance_name"": ""mooc-web"", ""loadbalanced"": ""false"", ""resource_instance_id"": ""1398563761166861218"", ""resource_project_id"": ""proyecto-2-cloud-509714"", ""resource_type"": ""gce_instance"", ""resource_zone"": ""us-central1-a"", ""vm"": ""mooc-web""}",455260
2026-09-27T04:43:00Z,"{""instance_name"": ""mooc-web"", ""loadbalanced"": ""false"", ""resource_instance_id"": ""1398563761166861218"", ""resource_project_id"": ""proyecto-2-cloud-509714"", ""resource_type"": ""gce_instance"", ""resource_zone"": ""us-central1-a"", ""vm"": ""mooc-web""}",411961
2026-09-27T04:42:00Z,"{""instance_name"": ""mooc-web"", ""loadbalanced"": ""false"", ""resource_instance_id"": ""1398563761166861218"", ""resource_project_id"": ""proyecto-2-cloud-509714"", ""resource_type"": ""gce_instance"", ""resource_zone"": ""us-central1-a"", ""vm"": ""mooc-web""}",297910
2026-09-27T04:41:00Z,"{""instance_name"": ""mooc-web"", ""loadbalanced"": ""false"", ""resource_instance_id"": ""1398563761166861218"", ""resource_project_id"": ""proyecto-2-cloud-509714"", ""resource_type"": ""gce_instance"", ""resource_zone"": ""us-central1-a"", ""vm"": ""mooc-web""}",31253
2026-09-27T04:40:00Z,"{""instance_name"": ""mooc-web"", ""loadbalanced"": ""false"", ""resource_instance_id"": ""1398563761166861218"", ""resource_project_id"": ""proyecto-2-cloud-509714"", ""resource_type"": ""gce_instance"", ""resource_zone"": ""us-central1-a"", ""vm"": ""mooc-web""}",31574
2026-09-27T04:39:00Z,"{""instance_name"": ""mooc-web"", ""loadbalanced"": ""false"", ""resource_instance_id"": ""1398563761166861218"", ""resource_project_id"": ""proyecto-2-cloud-509714"", ""resource_type"": ""gce_instance"", ""resource_zone"": ""us-central1-a"", ""vm"": ""mooc-web""}",30046
2026-09-27T04:38:00Z,"{""instance_name"": ""mooc-web"", ""loadbalanced"": ""false"", ""resource_instance_id"": ""1398563761166861218"", ""resource_project_id"": ""proyecto-2-cloud-509714"", ""resource_type"": ""gce_instance"", ""resource_zone"": ""us-central1-a"", ""vm"": ""mooc-web""}",28838
2026-09-27T04:37:00Z,"{""instance_name"": ""mooc-web"", ""loadbalanced"": ""false"", ""resource_instance_id"": ""1398563761166861218"", ""resource_project_id"": ""proyecto-2-cloud-509714"", ""resource_type"": ""gce_instance"", ""resource_zone"": ""us-central1-a"", ""vm"": ""mooc-web""}",30008
2026-09-27T04:36:00Z,"{""instance_name"": ""mooc-web"", ""loadbalanced"": ""false"", ""resource_instance_id"": ""1398563761166861218"", ""resource_project_id"": ""proyecto-2-cloud-509714"", ""resource_type"": ""gce_instance"", ""resource_zone"": ""us-central1-a"", ""vm"": ""mooc-web""}",31332
2026-09-27T04:35:00Z,"{""instance_name"": ""mooc-web"", ""loadbalanced"": ""false"", ""resource_instance_id"": ""1398563761166861218"", ""resource_project_id"": ""proyecto-2-cloud-509714"", ""resource_type"": ""gce_instance"", ""resource_zone"": ""us-central1-a"", ""vm"": ""mooc-web""}",27559
2026-09-27T04:34:00Z,"{""instance_name"": ""mooc-web"", ""loadbalanced"": ""false"", ""resource_instance_id"": ""1398563761166861218"", ""resource_project_id"": ""proyecto-2-cloud-509714"", ""resource_type"": ""gce_instance"", ""resource_zone"": ""us-central1-a"", ""vm"": ""mooc-web""}",34955
2026-09-27T04:33:00Z,"{""instance_name"": ""mooc-web"", ""loadbalanced"": ""false"", ""resource_instance_id"": ""1398563761166861218"", ""resource_project_id"": ""proyecto-2-cloud-509714"", ""resource_type"": ""gce_instance"", ""resource_zone"": ""us-central1-a"", ""vm"": ""mooc-web""}",51092
2026-09-27T04:32:00Z,"{""instance_name"": ""mooc-web"", ""loadbalanced"": ""false"", ""resource_instance_id"": ""1398563761166861218"", ""resource_project_id"": ""proyecto-2-cloud-509714"", ""resource_type"": ""gce_instance"", ""resource_zone"": ""us-central1-a"", ""vm"": ""mooc-web""}",27783
2026-09-27T04:31:00Z,"{""instance_name"": ""mooc-web"", ""loadbalanced"": ""false"", ""resource_instance_id"": ""1398563761166861218"", ""resource_project_id"": ""proyecto-2-cloud-509714"", ""resource_type"": ""gce_instance"", ""resource_zone"": ""us-central1-a"", ""vm"": ""mooc-web""}",27743
2026-09-27T04:30:00Z,"{""instance_name"": ""mooc-web"", ""loadbalanced"": ""false"", ""resource_instance_id"": ""1398563761166861218"", ""resource_project_id"": ""proyecto-2-cloud-509714"", ""resource_type"": ""gce_instance"", ""resource_zone"": ""us-central1-a"", ""vm"": ""mooc-web""}",33846
2026-09-27T04:29:00Z,"{""instance_name"": ""mooc-web"", ""loadbalanced"": ""false"", ""resource_instance_id"": ""1398563761166861218"", ""resource_project_id"": ""proyecto-2-cloud-509714"", ""resource_type"": ""gce_instance"", ""resource_zone"": ""us-central1-a"", ""vm"": ""mooc-web""}",30420
2026-09-27T04:28:00Z,"{""instance_name"": ""mooc-web"", ""loadbalanced"": ""false"", ""resource_instance_id"": ""1398563761166861218"", ""resource_project_id"": ""proyecto-2-cloud-509714"", ""resource_type"": ""gce_instance"", ""resource_zone"": ""us-central1-a"", ""vm"": ""mooc-web""}",31632
2026-09-27T04:27:00Z,"{""instance_name"": ""mooc-web"", ""loadbalanced"": ""false"", ""resource_instance_id"": ""1398563761166861218"", ""resource_project_id"": ""proyecto-2-cloud-509714"", ""resource_type"": ""gce_instance"", ""resource_zone"": ""us-central1-a"", ""vm"": ""mooc-web""}",31202
2026-09-27T04:26:00Z,"{""instance_name"": ""mooc-web"", ""loadbalanced"": ""false"", ""resource_instance_id"": ""1398563761166861218"", ""resource_project_id"": ""proyecto-2-cloud-509714"", ""resource_type"": ""gce_instance"", ""resource_zone"": ""us-central1-a"", ""vm"": ""mooc-web""}",29785
2026-09-27T04:25:00Z,"{""instance_name"": ""mooc-web"", ""loadbalanced"": ""false"", ""resource_instance_id"": ""1398563761166861218"", ""resource_project_id"": ""proyecto-2-cloud-509714"", ""resource_type"": ""gce_instance"", ""resource_zone"": ""us-central1-a"", ""vm"": ""mooc-web""}",29228
2026-09-27T04:24:00Z,"{""instance_name"": ""mooc-web"", ""loadbalanced"": ""false"", ""resource_instance_id"": ""1398563761166861218"", ""resource_project_id"": ""proyecto-2-cloud-509714"", ""resource_type"": ""gce_instance"", ""resource_zone"": ""us-central1-a"", ""vm"": ""mooc-web""}",42663
2026-09-27T04:23:00Z,"{""instance_name"": ""mooc-web"", ""loadbalanced"": ""false"", ""resource_instance_id"": ""1398563761166861218"", ""resource_project_id"": ""proyecto-2-cloud-509714"", ""resource_type"": ""gce_instance"", ""resource_zone"": ""us-central1-a"", ""vm"": ""mooc-web""}",235186
2026-09-27T04:22:00Z,"{""instance_name"": ""mooc-web"", ""loadbalanced"": ""false"", ""resource_instance_id"": ""1398563761166861218"", ""resource_project_id"": ""proyecto-2-cloud-509714"", ""resource_type"": ""gce_instance"", ""resource_zone"": ""us-central1-a"", ""vm"": ""mooc-web""}",32826
2026-09-27T04:21:00Z,"{""instance_name"": ""mooc-web"", ""loadbalanced"": ""false"", ""resource_instance_id"": ""1398563761166861218"", ""resource_project_id"": ""proyecto-2-cloud-509714"", ""resource_type"": ""gce_instance"", ""resource_zone"": ""us-central1-a"", ""vm"": ""mooc-web""}",28194
2026-09-27T04:20:00Z,"{""instance_name"": ""mooc-web"", ""loadbalanced"": ""false"", ""resource_instance_id"": ""1398563761166861218"", ""resource_project_id"": ""proyecto-2-cloud-509714"", ""resource_type"": ""gce_instance"", ""resource_zone"": ""us-central1-a"", ""vm"": ""mooc-web""}",31078
2026-09-27T04:19:00Z,"{""instance_name"": ""mooc-web"", ""loadbalanced"": ""false"", ""resource_instance_id"": ""1398563761166861218"", ""resource_project_id"": ""proyecto-2-cloud-509714"", ""resource_type"": ""gce_instance"", ""resource_zone"": ""us-central1-a"", ""vm"": ""mooc-web""}",29711
2026-09-27T04:18:00Z,"{""instance_name"": ""mooc-web"", ""loadbalanced"": ""false"", ""resource_instance_id"": ""1398563761166861218"", ""resource_project_id"": ""proyecto-2-cloud-509714"", ""resource_type"": ""gce_instance"", ""resource_zone"": ""us-central1-a"", ""vm"": ""mooc-web""}",29994
2026-09-27T04:17:00Z,"{""instance_name"": ""mooc-web"", ""loadbalanced"": ""false"", ""resource_instance_id"": ""1398563761166861218"", ""resource_project_id"": ""proyecto-2-cloud-509714"", ""resource_type"": ""gce_instance"", ""resource_zone"": ""us-central1-a"", ""vm"": ""mooc-web""}",27421
2026-09-27T04:16:00Z,"{""instance_name"": ""mooc-web"", ""loadbalanced"": ""false"", ""resource_instance_id"": ""1398563761166861218"", ""resource_project_id"": ""proyecto-2-cloud-509714"", ""resource_type"": ""gce_instance"", ""resource_zone"": ""us-central1-a"", ""vm"": ""mooc-web""}",26895
2026-09-27T04:15:00Z,"{""instance_name"": ""mooc-web"", ""loadbalanced"": ""false"", ""resource_instance_id"": ""1398563761166861218"", ""resource_project_id"": ""proyecto-2-cloud-509714"", ""resource_type"": ""gce_instance"", ""resource_zone"": ""us-central1-a"", ""vm"": ""mooc-web""}",29627
2026-09-27T04:14:00Z,"{""instance_name"": ""mooc-web"", ""loadbalanced"": ""false"", ""resource_instance_id"": ""1398563761166861218"", ""resource_project_id"": ""proyecto-2-cloud-509714"", ""resource_type"": ""gce_instance"", ""resource_zone"": ""us-central1-a"", ""vm"": ""mooc-web""}",32877
2026-09-27T04:13:00Z,"{""instance_name"": ""mooc-web"", ""loadbalanced"": ""false"", ""resource_instance_id"": ""1398563761166861218"", ""resource_project_id"": ""proyecto-2-cloud-509714"", ""resource_type"": ""gce_instance"", ""resource_zone"": ""us-central1-a"", ""vm"": ""mooc-web""}",32461
2026-09-27T04:12:00Z,"{""instance_name"": ""mooc-web"", ""loadbalanced"": ""false"", ""resource_instance_id"": ""1398563761166861218"", ""resource_project_id"": ""proyecto-2-cloud-509714"", ""resource_type"": ""gce_instance"", ""resource_zone"": ""us-central1-a"", ""vm"": ""mooc-web""}",36291
2026-09-27T04:11:00Z,"{""instance_name"": ""mooc-web"", ""loadbalanced"": ""false"", ""resource_instance_id"": ""1398563761166861218"", ""resource_project_id"": ""proyecto-2-cloud-509714"", ""resource_type"": ""gce_instance"", ""resource_zone"": ""us-central1-a"", ""vm"": ""mooc-web""}",30387
2026-09-27T04:10:00Z,"{""instance_name"": ""mooc-web"", ""loadbalanced"": ""false"", ""resource_instance_id"": ""1398563761166861218"", ""resource_project_id"": ""proyecto-2-cloud-509714"", ""resource_type"": ""gce_instance"", ""resource_zone"": ""us-central1-a"", ""vm"": ""mooc-web""}",40634
2026-09-27T04:09:00Z,"{""instance_name"": ""mooc-web"", ""loadbalanced"": ""false"", ""resource_instance_id"": ""1398563761166861218"", ""resource_project_id"": ""proyecto-2-cloud-509714"", ""resource_type"": ""gce_instance"", ""resource_zone"": ""us-central1-a"", ""vm"": ""mooc-web""}",28301
2026-09-27T04:08:00Z,"{""instance_name"": ""mooc-web"", ""loadbalanced"": ""false"", ""resource_instance_id"": ""1398563761166861218"", ""resource_project_id"": ""proyecto-2-cloud-509714"", ""resource_type"": ""gce_instance"", ""resource_zone"": ""us-central1-a"", ""vm"": ""mooc-web""}",27973
2026-09-27T04:07:00Z,"{""instance_name"": ""mooc-web"", ""loadbalanced"": ""false"", ""resource_instance_id"": ""1398563761166861218"", ""resource_project_id"": ""proyecto-2-cloud-509714"", ""resource_type"": ""gce_instance"", ""resource_zone"": ""us-central1-a"", ""vm"": ""mooc-web""}",42027
2026-09-27T04:06:00Z,"{""instance_name"": ""mooc-web"", ""loadbalanced"": ""false"", ""resource_instance_id"": ""1398563761166861218"", ""resource_project_id"": ""proyecto-2-cloud-509714"", ""resource_type"": ""gce_instance"", ""resource_zone"": ""us-central1-a"", ""vm"": ""mooc-web""}",207773
2026-09-27T04:05:00Z,"{""instance_name"": ""mooc-web"", ""loadbalanced"": ""false"", ""resource_instance_id"": ""1398563761166861218"", ""resource_project_id"": ""proyecto-2-cloud-509714"", ""resource_type"": ""gce_instance"", ""resource_zone"": ""us-central1-a"", ""vm"": ""mooc-web""}",295819
2026-09-27T04:04:00Z,"{""instance_name"": ""mooc-web"", ""loadbalanced"": ""false"", ""resource_instance_id"": ""1398563761166861218"", ""resource_project_id"": ""proyecto-2-cloud-509714"", ""resource_type"": ""gce_instance"", ""resource_zone"": ""us-central1-a"", ""vm"": ""mooc-web""}",326042
2026-09-27T04:03:00Z,"{""instance_name"": ""mooc-web"", ""loadbalanced"": ""false"", ""resource_instance_id"": ""1398563761166861218"", ""resource_project_id"": ""proyecto-2-cloud-509714"", ""resource_type"": ""gce_instance"", ""resource_zone"": ""us-central1-a"", ""vm"": ""mooc-web""}",63080
2026-09-27T04:02:00Z,"{""instance_name"": ""mooc-web"", ""loadbalanced"": ""false"", ""resource_instance_id"": ""1398563761166861218"", ""resource_project_id"": ""proyecto-2-cloud-509714"", ""resource_type"": ""gce_instance"", ""resource_zone"": ""us-central1-a"", ""vm"": ""mooc-web""}",28584
2026-09-27T04:01:00Z,"{""instance_name"": ""mooc-web"", ""loadbalanced"": ""false"", ""resource_instance_id"": ""1398563761166861218"", ""resource_project_id"": ""proyecto-2-cloud-509714"", ""resource_type"": ""gce_instance"", ""resource_zone"": ""us-central1-a"", ""vm"": ""mooc-web""}",28904
2026-09-27T04:00:00Z,"{""instance_name"": ""mooc-web"", ""loadbalanced"": ""false"", ""resource_instance_id"": ""1398563761166861218"", ""resource_project_id"": ""proyecto-2-cloud-509714"", ""resource_type"": ""gce_instance"", ""resource_zone"": ""us-central1-a"", ""vm"": ""mooc-web""}",44345
2026-09-27T03:59:00Z,"{""instance_name"": ""mooc-web"", ""loadbalanced"": ""false"", ""resource_instance_id"": ""1398563761166861218"", ""resource_project_id"": ""proyecto-2-cloud-509714"", ""resource_type"": ""gce_instance"", ""resource_zone"": ""us-central1-a"", ""vm"": ""mooc-web""}",49240
2026-09-27T03:58:00Z,"{""instance_name"": ""mooc-web"", ""loadbalanced"": ""false"", ""resource_instance_id"": ""1398563761166861218"", ""resource_project_id"": ""proyecto-2-cloud-509714"", ""resource_type"": ""gce_instance"", ""resource_zone"": ""us-central1-a"", ""vm"": ""mooc-web""}",40173
2026-09-27T03:57:00Z,"{""instance_name"": ""mooc-web"", ""loadbalanced"": ""false"", ""resource_instance_id"": ""1398563761166861218"", ""resource_project_id"": ""proyecto-2-cloud-509714"", ""resource_type"": ""gce_instance"", ""resource_zone"": ""us-central1-a"", ""vm"": ""mooc-web""}",41983
2026-09-27T03:56:00Z,"{""instance_name"": ""mooc-web"", ""loadbalanced"": ""false"", ""resource_instance_id"": ""1398563761166861218"", ""resource_project_id"": ""proyecto-2-cloud-509714"", ""resource_type"": ""gce_instance"", ""resource_zone"": ""us-central1-a"", ""vm"": ""mooc-web""}",39072
2026-09-27T03:55:00Z,"{""instance_name"": ""mooc-web"", ""loadbalanced"": ""false"", ""resource_instance_id"": ""1398563761166861218"", ""resource_project_id"": ""proyecto-2-cloud-509714"", ""resource_type"": ""gce_instance"", ""resource_zone"": ""us-central1-a"", ""vm"": ""mooc-web""}",35500
2026-09-27T03:54:00Z,"{""instance_name"": ""mooc-web"", ""loadbalanced"": ""false"", ""resource_instance_id"": ""1398563761166861218"", ""resource_project_id"": ""proyecto-2-cloud-509714"", ""resource_type"": ""gce_instance"", ""resource_zone"": ""us-central1-a"", ""vm"": ""mooc-web""}",52747
2026-09-27T03:53:00Z,"{""instance_name"": ""mooc-web"", ""loadbalanced"": ""false"", ""resource_instance_id"": ""1398563761166861218"", ""resource_project_id"": ""proyecto-2-cloud-509714"", ""resource_type"": ""gce_instance"", ""resource_zone"": ""us-central1-a"", ""vm"": ""mooc-web""}",46936
2026-09-27T03:52:00Z,"{""instance_name"": ""mooc-web"", ""loadbalanced"": ""false"", ""resource_instance_id"": ""1398563761166861218"", ""resource_project_id"": ""proyecto-2-cloud-509714"", ""resource_type"": ""gce_instance"", ""resource_zone"": ""us-central1-a"", ""vm"": ""mooc-web""}",76418
2026-09-27T03:51:00Z,"{""instance_name"": ""mooc-web"", ""loadbalanced"": ""false"", ""resource_instance_id"": ""1398563761166861218"", ""resource_project_id"": ""proyecto-2-cloud-509714"", ""resource_type"": ""gce_instance"", ""resource_zone"": ""us-central1-a"", ""vm"": ""mooc-web""}",63089
2026-09-27T03:50:00Z,"{""instance_name"": ""mooc-web"", ""loadbalanced"": ""false"", ""resource_instance_id"": ""1398563761166861218"", ""resource_project_id"": ""proyecto-2-cloud-509714"", ""resource_type"": ""gce_instance"", ""resource_zone"": ""us-central1-a"", ""vm"": ""mooc-web""}",81511
2026-09-27T03:49:00Z,"{""instance_name"": ""mooc-web"", ""loadbalanced"": ""false"", ""resource_instance_id"": ""1398563761166861218"", ""resource_project_id"": ""proyecto-2-cloud-509714"", ""resource_type"": ""gce_instance"", ""resource_zone"": ""us-central1-a"", ""vm"": ""mooc-web""}",52060
2026-09-27T03:48:00Z,"{""instance_name"": ""mooc-web"", ""loadbalanced"": ""false"", ""resource_instance_id"": ""1398563761166861218"", ""resource_project_id"": ""proyecto-2-cloud-509714"", ""resource_type"": ""gce_instance"", ""resource_zone"": ""us-central1-a"", ""vm"": ""mooc-web""}",62410
2026-09-27T03:47:00Z,"{""instance_name"": ""mooc-web"", ""loadbalanced"": ""false"", ""resource_instance_id"": ""1398563761166861218"", ""resource_project_id"": ""proyecto-2-cloud-509714"", ""resource_type"": ""gce_instance"", ""resource_zone"": ""us-central1-a"", ""vm"": ""mooc-web""}",346525
2026-09-27T03:46:00Z,"{""instance_name"": ""mooc-web"", ""loadbalanced"": ""false"", ""resource_instance_id"": ""1398563761166861218"", ""resource_project_id"": ""proyecto-2-cloud-509714"", ""resource_type"": ""gce_instance"", ""resource_zone"": ""us-central1-a"", ""vm"": ""mooc-web""}",267598
2026-09-27T03:45:00Z,"{""instance_name"": ""mooc-web"", ""loadbalanced"": ""false"", ""resource_instance_id"": ""1398563761166861218"", ""resource_project_id"": ""proyecto-2-cloud-509714"", ""resource_type"": ""gce_instance"", ""resource_zone"": ""us-central1-a"", ""vm"": ""mooc-web""}",313886
2026-09-27T03:44:00Z,"{""instance_name"": ""mooc-web"", ""loadbalanced"": ""false"", ""resource_instance_id"": ""1398563761166861218"", ""resource_project_id"": ""proyecto-2-cloud-509714"", ""resource_type"": ""gce_instance"", ""resource_zone"": ""us-central1-a"", ""vm"": ""mooc-web""}",1518662
2026-09-27T03:43:00Z,"{""instance_name"": ""mooc-web"", ""loadbalanced"": ""false"", ""resource_instance_id"": ""1398563761166861218"", ""resource_project_id"": ""proyecto-2-cloud-509714"", ""resource_type"": ""gce_instance"", ""resource_zone"": ""us-central1-a"", ""vm"": ""mooc-web""}",3343170
2026-09-27T03:42:00Z,"{""instance_name"": ""mooc-web"", ""loadbalanced"": ""false"", ""resource_instance_id"": ""1398563761166861218"", ""resource_project_id"": ""proyecto-2-cloud-509714"", ""resource_type"": ""gce_instance"", ""resource_zone"": ""us-central1-a"", ""vm"": ""mooc-web""}",5567162
2026-09-27T03:41:00Z,"{""instance_name"": ""mooc-web"", ""loadbalanced"": ""false"", ""resource_instance_id"": ""1398563761166861218"", ""resource_project_id"": ""proyecto-2-cloud-509714"", ""resource_type"": ""gce_instance"", ""resource_zone"": ""us-central1-a"", ""vm"": ""mooc-web""}",6809749
2026-09-27T03:40:00Z,"{""instance_name"": ""mooc-web"", ""loadbalanced"": ""false"", ""resource_instance_id"": ""1398563761166861218"", ""resource_project_id"": ""proyecto-2-cloud-509714"", ""resource_type"": ""gce_instance"", ""resource_zone"": ""us-central1-a"", ""vm"": ""mooc-web""}",6637901
2026-09-27T03:39:00Z,"{""instance_name"": ""mooc-web"", ""loadbalanced"": ""false"", ""resource_instance_id"": ""1398563761166861218"", ""resource_project_id"": ""proyecto-2-cloud-509714"", ""resource_type"": ""gce_instance"", ""resource_zone"": ""us-central1-a"", ""vm"": ""mooc-web""}",5620462
2026-09-27T03:38:00Z,"{""instance_name"": ""mooc-web"", ""loadbalanced"": ""false"", ""resource_instance_id"": ""1398563761166861218"", ""resource_project_id"": ""proyecto-2-cloud-509714"", ""resource_type"": ""gce_instance"", ""resource_zone"": ""us-central1-a"", ""vm"": ""mooc-web""}",4304695
2026-09-27T03:37:00Z,"{""instance_name"": ""mooc-web"", ""loadbalanced"": ""false"", ""resource_instance_id"": ""1398563761166861218"", ""resource_project_id"": ""proyecto-2-cloud-509714"", ""resource_type"": ""gce_instance"", ""resource_zone"": ""us-central1-a"", ""vm"": ""mooc-web""}",8243167
2026-09-27T03:36:00Z,"{""instance_name"": ""mooc-web"", ""loadbalanced"": ""false"", ""resource_instance_id"": ""1398563761166861218"", ""resource_project_id"": ""proyecto-2-cloud-509714"", ""resource_type"": ""gce_instance"", ""resource_zone"": ""us-central1-a"", ""vm"": ""mooc-web""}",10435296
2026-09-27T03:35:00Z,"{""instance_name"": ""mooc-web"", ""loadbalanced"": ""false"", ""resource_instance_id"": ""1398563761166861218"", ""resource_project_id"": ""proyecto-2-cloud-509714"", ""resource_type"": ""gce_instance"", ""resource_zone"": ""us-central1-a"", ""vm"": ""mooc-web""}",10446915
2026-09-27T03:34:00Z,"{""instance_name"": ""mooc-web"", ""loadbalanced"": ""false"", ""resource_instance_id"": ""1398563761166861218"", ""resource_project_id"": ""proyecto-2-cloud-509714"", ""resource_type"": ""gce_instance"", ""resource_zone"": ""us-central1-a"", ""vm"": ""mooc-web""}",8188806
2026-09-27T03:33:00Z,"{""instance_name"": ""mooc-web"", ""loadbalanced"": ""false"", ""resource_instance_id"": ""1398563761166861218"", ""resource_project_id"": ""proyecto-2-cloud-509714"", ""resource_type"": ""gce_instance"", ""resource_zone"": ""us-central1-a"", ""vm"": ""mooc-web""}",4235249
2026-09-27T03:32:00Z,"{""instance_name"": ""mooc-web"", ""loadbalanced"": ""false"", ""resource_instance_id"": ""1398563761166861218"", ""resource_project_id"": ""proyecto-2-cloud-509714"", ""resource_type"": ""gce_instance"", ""resource_zone"": ""us-central1-a"", ""vm"": ""mooc-web""}",5194546
2026-09-27T03:31:00Z,"{""instance_name"": ""mooc-web"", ""loadbalanced"": ""false"", ""resource_instance_id"": ""1398563761166861218"", ""resource_project_id"": ""proyecto-2-cloud-509714"", ""resource_type"": ""gce_instance"", ""resource_zone"": ""us-central1-a"", ""vm"": ""mooc-web""}",6793716
2026-09-27T03:30:00Z,"{""instance_name"": ""mooc-web"", ""loadbalanced"": ""false"", ""resource_instance_id"": ""1398563761166861218"", ""resource_project_id"": ""proyecto-2-cloud-509714"", ""resource_type"": ""gce_instance"", ""resource_zone"": ""us-central1-a"", ""vm"": ""mooc-web""}",6542074
2026-09-27T03:29:00Z,"{""instance_name"": ""mooc-web"", ""loadbalanced"": ""false"", ""resource_instance_id"": ""1398563761166861218"", ""resource_project_id"": ""proyecto-2-cloud-509714"", ""resource_type"": ""gce_instance"", ""resource_zone"": ""us-central1-a"", ""vm"": ""mooc-web""}",5840987
2026-09-27T03:28:00Z,"{""instance_name"": ""mooc-web"", ""loadbalanced"": ""false"", ""resource_instance_id"": ""1398563761166861218"", ""resource_project_id"": ""proyecto-2-cloud-509714"", ""resource_type"": ""gce_instance"", ""resource_zone"": ""us-central1-a"", ""vm"": ""mooc-web""}",3487482
2026-09-27T03:27:00Z,"{""instance_name"": ""mooc-web"", ""loadbalanced"": ""false"", ""resource_instance_id"": ""1398563761166861218"", ""resource_project_id"": ""proyecto-2-cloud-509714"", ""resource_type"": ""gce_instance"", ""resource_zone"": ""us-central1-a"", ""vm"": ""mooc-web""}",3185418
2026-09-27T03:26:00Z,"{""instance_name"": ""mooc-web"", ""loadbalanced"": ""false"", ""resource_instance_id"": ""1398563761166861218"", ""resource_project_id"": ""proyecto-2-cloud-509714"", ""resource_type"": ""gce_instance"", ""resource_zone"": ""us-central1-a"", ""vm"": ""mooc-web""}",3327706
2026-09-27T03:25:00Z,"{""instance_name"": ""mooc-web"", ""loadbalanced"": ""false"", ""resource_instance_id"": ""1398563761166861218"", ""resource_project_id"": ""proyecto-2-cloud-509714"", ""resource_type"": ""gce_instance"", ""resource_zone"": ""us-central1-a"", ""vm"": ""mooc-web""}",3316496
2026-09-27T03:24:00Z,"{""instance_name"": ""mooc-web"", ""loadbalanced"": ""false"", ""resource_instance_id"": ""1398563761166861218"", ""resource_project_id"": ""proyecto-2-cloud-509714"", ""resource_type"": ""gce_instance"", ""resource_zone"": ""us-central1-a"", ""vm"": ""mooc-web""}",2911751
2026-09-27T03:23:00Z,"{""instance_name"": ""mooc-web"", ""loadbalanced"": ""false"", ""resource_instance_id"": ""1398563761166861218"", ""resource_project_id"": ""proyecto-2-cloud-509714"", ""resource_type"": ""gce_instance"", ""resource_zone"": ""us-central1-a"", ""vm"": ""mooc-web""}",3658918
2026-09-27T03:22:00Z,"{""instance_name"": ""mooc-web"", ""loadbalanced"": ""false"", ""resource_instance_id"": ""1398563761166861218"", ""resource_project_id"": ""proyecto-2-cloud-509714"", ""resource_type"": ""gce_instance"", ""resource_zone"": ""us-central1-a"", ""vm"": ""mooc-web""}",1348380
2026-09-27T03:21:00Z,"{""instance_name"": ""mooc-web"", ""loadbalanced"": ""false"", ""resource_instance_id"": ""1398563761166861218"", ""resource_project_id"": ""proyecto-2-cloud-509714"", ""resource_type"": ""gce_instance"", ""resource_zone"": ""us-central1-a"", ""vm"": ""mooc-web""}",1643309
2026-09-27T03:20:00Z,"{""instance_name"": ""mooc-web"", ""loadbalanced"": ""false"", ""resource_instance_id"": ""1398563761166861218"", ""resource_project_id"": ""proyecto-2-cloud-509714"", ""resource_type"": ""gce_instance"", ""resource_zone"": ""us-central1-a"", ""vm"": ""mooc-web""}",1527555
2026-09-27T03:19:00Z,"{""instance_name"": ""mooc-web"", ""loadbalanced"": ""false"", ""resource_instance_id"": ""1398563761166861218"", ""resource_project_id"": ""proyecto-2-cloud-509714"", ""resource_type"": ""gce_instance"", ""resource_zone"": ""us-central1-a"", ""vm"": ""mooc-web""}",1554350
2026-09-27T03:18:00Z,"{""instance_name"": ""mooc-web"", ""loadbalanced"": ""false"", ""resource_instance_id"": ""1398563761166861218"", ""resource_project_id"": ""proyecto-2-cloud-509714"", ""resource_type"": ""gce_instance"", ""resource_zone"": ""us-central1-a"", ""vm"": ""mooc-web""}",3624777
2026-09-27T03:17:00Z,"{""instance_name"": ""mooc-web"", ""loadbalanced"": ""false"", ""resource_instance_id"": ""1398563761166861218"", ""resource_project_id"": ""proyecto-2-cloud-509714"", ""resource_type"": ""gce_instance"", ""resource_zone"": ""us-central1-a"", ""vm"": ""mooc-web""}",218483
2026-09-27T03:16:00Z,"{""instance_name"": ""mooc-web"", ""loadbalanced"": ""false"", ""resource_instance_id"": ""1398563761166861218"", ""resource_project_id"": ""proyecto-2-cloud-509714"", ""resource_type"": ""gce_instance"", ""resource_zone"": ""us-central1-a"", ""vm"": ""mooc-web""}",662430
2026-09-27T03:15:00Z,"{""instance_name"": ""mooc-web"", ""loadbalanced"": ""false"", ""resource_instance_id"": ""1398563761166861218"", ""resource_project_id"": ""proyecto-2-cloud-509714"", ""resource_type"": ""gce_instance"", ""resource_zone"": ""us-central1-a"", ""vm"": ""mooc-web""}",684050
2026-09-27T03:14:00Z,"{""instance_name"": ""mooc-web"", ""loadbalanced"": ""false"", ""resource_instance_id"": ""1398563761166861218"", ""resource_project_id"": ""proyecto-2-cloud-509714"", ""resource_type"": ""gce_instance"", ""resource_zone"": ""us-central1-a"", ""vm"": ""mooc-web""}",2834615
2026-09-27T03:13:00Z,"{""instance_name"": ""mooc-web"", ""loadbalanced"": ""false"", ""resource_instance_id"": ""1398563761166861218"", ""resource_project_id"": ""proyecto-2-cloud-509714"", ""resource_type"": ""gce_instance"", ""resource_zone"": ""us-central1-a"", ""vm"": ""mooc-web""}",954613
2026-09-27T03:12:00Z,"{""instance_name"": ""mooc-web"", ""loadbalanced"": ""false"", ""resource_instance_id"": ""1398563761166861218"", ""resource_project_id"": ""proyecto-2-cloud-509714"", ""resource_type"": ""gce_instance"", ""resource_zone"": ""us-central1-a"", ""vm"": ""mooc-web""}",62339
2026-09-27T03:11:00Z,"{""instance_name"": ""mooc-web"", ""loadbalanced"": ""false"", ""resource_instance_id"": ""1398563761166861218"", ""resource_project_id"": ""proyecto-2-cloud-509714"", ""resource_type"": ""gce_instance"", ""resource_zone"": ""us-central1-a"", ""vm"": ""mooc-web""}",93304
2026-09-27T03:10:00Z,"{""instance_name"": ""mooc-web"", ""loadbalanced"": ""false"", ""resource_instance_id"": ""1398563761166861218"", ""resource_project_id"": ""proyecto-2-cloud-509714"", ""resource_type"": ""gce_instance"", ""resource_zone"": ""us-central1-a"", ""vm"": ""mooc-web""}",569921
2026-09-27T03:09:00Z,"{""instance_name"": ""mooc-web"", ""loadbalanced"": ""false"", ""resource_instance_id"": ""1398563761166861218"", ""resource_project_id"": ""proyecto-2-cloud-509714"", ""resource_type"": ""gce_instance"", ""resource_zone"": ""us-central1-a"", ""vm"": ""mooc-web""}",690464
2026-09-27T03:08:00Z,"{""instance_name"": ""mooc-web"", ""loadbalanced"": ""false"", ""resource_instance_id"": ""1398563761166861218"", ""resource_project_id"": ""proyecto-2-cloud-509714"", ""resource_type"": ""gce_instance"", ""resource_zone"": ""us-central1-a"", ""vm"": ""mooc-web""}",2109531
2026-09-27T03:07:00Z,"{""instance_name"": ""mooc-web"", ""loadbalanced"": ""false"", ""resource_instance_id"": ""1398563761166861218"", ""resource_project_id"": ""proyecto-2-cloud-509714"", ""resource_type"": ""gce_instance"", ""resource_zone"": ""us-central1-a"", ""vm"": ""mooc-web""}",2388920
2026-09-27T03:06:00Z,"{""instance_name"": ""mooc-web"", ""loadbalanced"": ""false"", ""resource_instance_id"": ""1398563761166861218"", ""resource_project_id"": ""proyecto-2-cloud-509714"", ""resource_type"": ""gce_instance"", ""resource_zone"": ""us-central1-a"", ""vm"": ""mooc-web""}",38189
2026-09-27T03:05:00Z,"{""instance_name"": ""mooc-web"", ""loadbalanced"": ""false"", ""resource_instance_id"": ""1398563761166861218"", ""resource_project_id"": ""proyecto-2-cloud-509714"", ""resource_type"": ""gce_instance"", ""resource_zone"": ""us-central1-a"", ""vm"": ""mooc-web""}",49187
2026-09-27T03:04:00Z,"{""instance_name"": ""mooc-web"", ""loadbalanced"": ""false"", ""resource_instance_id"": ""1398563761166861218"", ""resource_project_id"": ""proyecto-2-cloud-509714"", ""resource_type"": ""gce_instance"", ""resource_zone"": ""us-central1-a"", ""vm"": ""mooc-web""}",82154
2026-09-27T03:03:00Z,"{""instance_name"": ""mooc-web"", ""loadbalanced"": ""false"", ""resource_instance_id"": ""1398563761166861218"", ""resource_project_id"": ""proyecto-2-cloud-509714"", ""resource_type"": ""gce_instance"", ""resource_zone"": ""us-central1-a"", ""vm"": ""mooc-web""}",600707
2026-09-27T03:02:00Z,"{""instance_name"": ""mooc-web"", ""loadbalanced"": ""false"", ""resource_instance_id"": ""1398563761166861218"", ""resource_project_id"": ""proyecto-2-cloud-509714"", ""resource_type"": ""gce_instance"", ""resource_zone"": ""us-central1-a"", ""vm"": ""mooc-web""}",1170338
2026-09-27T03:01:00Z,"{""instance_name"": ""mooc-web"", ""loadbalanced"": ""false"", ""resource_instance_id"": ""1398563761166861218"", ""resource_project_id"": ""proyecto-2-cloud-509714"", ""resource_type"": ""gce_instance"", ""resource_zone"": ""us-central1-a"", ""vm"": ""mooc-web""}",1196365
2026-09-27T03:00:00Z,"{""instance_name"": ""mooc-web"", ""loadbalanced"": ""false"", ""resource_instance_id"": ""1398563761166861218"", ""resource_project_id"": ""proyecto-2-cloud-509714"", ""resource_type"": ""gce_instance"", ""resource_zone"": ""us-central1-a"", ""vm"": ""mooc-web""}",1780813
2026-09-27T02:59:00Z,"{""instance_name"": ""mooc-web"", ""loadbalanced"": ""false"", ""resource_instance_id"": ""1398563761166861218"", ""resource_project_id"": ""proyecto-2-cloud-509714"", ""resource_type"": ""gce_instance"", ""resource_zone"": ""us-central1-a"", ""vm"": ""mooc-web""}",1144221
2026-09-27T02:58:00Z,"{""instance_name"": ""mooc-web"", ""loadbalanced"": ""false"", ""resource_instance_id"": ""1398563761166861218"", ""resource_project_id"": ""proyecto-2-cloud-509714"", ""resource_type"": ""gce_instance"", ""resource_zone"": ""us-central1-a"", ""vm"": ""mooc-web""}",41005
2026-09-27T02:57:00Z,"{""instance_name"": ""mooc-web"", ""loadbalanced"": ""false"", ""resource_instance_id"": ""1398563761166861218"", ""resource_project_id"": ""proyecto-2-cloud-509714"", ""resource_type"": ""gce_instance"", ""resource_zone"": ""us-central1-a"", ""vm"": ""mooc-web""}",27033
2026-09-27T02:56:00Z,"{""instance_name"": ""mooc-web"", ""loadbalanced"": ""false"", ""resource_instance_id"": ""1398563761166861218"", ""resource_project_id"": ""proyecto-2-cloud-509714"", ""resource_type"": ""gce_instance"", ""resource_zone"": ""us-central1-a"", ""vm"": ""mooc-web""}",30050
2026-09-27T02:55:00Z,"{""instance_name"": ""mooc-web"", ""loadbalanced"": ""false"", ""resource_instance_id"": ""1398563761166861218"", ""resource_project_id"": ""proyecto-2-cloud-509714"", ""resource_type"": ""gce_instance"", ""resource_zone"": ""us-central1-a"", ""vm"": ""mooc-web""}",153455
2026-09-27T02:54:00Z,"{""instance_name"": ""mooc-web"", ""loadbalanced"": ""false"", ""resource_instance_id"": ""1398563761166861218"", ""resource_project_id"": ""proyecto-2-cloud-509714"", ""resource_type"": ""gce_instance"", ""resource_zone"": ""us-central1-a"", ""vm"": ""mooc-web""}",1576102
2026-09-27T02:53:00Z,"{""instance_name"": ""mooc-web"", ""loadbalanced"": ""false"", ""resource_instance_id"": ""1398563761166861218"", ""resource_project_id"": ""proyecto-2-cloud-509714"", ""resource_type"": ""gce_instance"", ""resource_zone"": ""us-central1-a"", ""vm"": ""mooc-web""}",587794
2026-09-27T02:52:00Z,"{""instance_name"": ""mooc-web"", ""loadbalanced"": ""false"", ""resource_instance_id"": ""1398563761166861218"", ""resource_project_id"": ""proyecto-2-cloud-509714"", ""resource_type"": ""gce_instance"", ""resource_zone"": ""us-central1-a"", ""vm"": ""mooc-web""}",70280
2026-09-27T02:51:00Z,"{""instance_name"": ""mooc-web"", ""loadbalanced"": ""false"", ""resource_instance_id"": ""1398563761166861218"", ""resource_project_id"": ""proyecto-2-cloud-509714"", ""resource_type"": ""gce_instance"", ""resource_zone"": ""us-central1-a"", ""vm"": ""mooc-web""}",623030
2026-09-27T02:50:00Z,"{""instance_name"": ""mooc-web"", ""loadbalanced"": ""false"", ""resource_instance_id"": ""1398563761166861218"", ""resource_project_id"": ""proyecto-2-cloud-509714"", ""resource_type"": ""gce_instance"", ""resource_zone"": ""us-central1-a"", ""vm"": ""mooc-web""}",194553
2026-09-27T02:49:00Z,"{""instance_name"": ""mooc-web"", ""loadbalanced"": ""false"", ""resource_instance_id"": ""1398563761166861218"", ""resource_project_id"": ""proyecto-2-cloud-509714"", ""resource_type"": ""gce_instance"", ""resource_zone"": ""us-central1-a"", ""vm"": ""mooc-web""}",29118
2026-09-27T02:48:00Z,"{""instance_name"": ""mooc-web"", ""loadbalanced"": ""false"", ""resource_instance_id"": ""1398563761166861218"", ""resource_project_id"": ""proyecto-2-cloud-509714"", ""resource_type"": ""gce_instance"", ""resource_zone"": ""us-central1-a"", ""vm"": ""mooc-web""}",60303
2026-09-27T02:47:00Z,"{""instance_name"": ""mooc-web"", ""loadbalanced"": ""false"", ""resource_instance_id"": ""1398563761166861218"", ""resource_project_id"": ""proyecto-2-cloud-509714"", ""resource_type"": ""gce_instance"", ""resource_zone"": ""us-central1-a"", ""vm"": ""mooc-web""}",171715
2026-09-27T02:46:00Z,"{""instance_name"": ""mooc-web"", ""loadbalanced"": ""false"", ""resource_instance_id"": ""1398563761166861218"", ""resource_project_id"": ""proyecto-2-cloud-509714"", ""resource_type"": ""gce_instance"", ""resource_zone"": ""us-central1-a"", ""vm"": ""mooc-web""}",888936
2026-09-27T02:45:00Z,"{""instance_name"": ""mooc-web"", ""loadbalanced"": ""false"", ""resource_instance_id"": ""1398563761166861218"", ""resource_project_id"": ""proyecto-2-cloud-509714"", ""resource_type"": ""gce_instance"", ""resource_zone"": ""us-central1-a"", ""vm"": ""mooc-web""}",28645
2026-09-27T02:44:00Z,"{""instance_name"": ""mooc-web"", ""loadbalanced"": ""false"", ""resource_instance_id"": ""1398563761166861218"", ""resource_project_id"": ""proyecto-2-cloud-509714"", ""resource_type"": ""gce_instance"", ""resource_zone"": ""us-central1-a"", ""vm"": ""mooc-web""}",36761
2026-09-27T02:43:00Z,"{""instance_name"": ""mooc-web"", ""loadbalanced"": ""false"", ""resource_instance_id"": ""1398563761166861218"", ""resource_project_id"": ""proyecto-2-cloud-509714"", ""resource_type"": ""gce_instance"", ""resource_zone"": ""us-central1-a"", ""vm"": ""mooc-web""}",39290
2026-09-27T02:42:00Z,"{""instance_name"": ""mooc-web"", ""loadbalanced"": ""false"", ""resource_instance_id"": ""1398563761166861218"", ""resource_project_id"": ""proyecto-2-cloud-509714"", ""resource_type"": ""gce_instance"", ""resource_zone"": ""us-central1-a"", ""vm"": ""mooc-web""}",29682
2026-09-27T02:41:00Z,"{""instance_name"": ""mooc-web"", ""loadbalanced"": ""false"", ""resource_instance_id"": ""1398563761166861218"", ""resource_project_id"": ""proyecto-2-cloud-509714"", ""resource_type"": ""gce_instance"", ""resource_zone"": ""us-central1-a"", ""vm"": ""mooc-web""}",62534
2026-09-27T02:40:00Z,"{""instance_name"": ""mooc-web"", ""loadbalanced"": ""false"", ""resource_instance_id"": ""1398563761166861218"", ""resource_project_id"": ""proyecto-2-cloud-509714"", ""resource_type"": ""gce_instance"", ""resource_zone"": ""us-central1-a"", ""vm"": ""mooc-web""}",9564047
2026-09-27T02:39:00Z,"{""instance_name"": ""mooc-web"", ""loadbalanced"": ""false"", ""resource_instance_id"": ""1398563761166861218"", ""resource_project_id"": ""proyecto-2-cloud-509714"", ""resource_type"": ""gce_instance"", ""resource_zone"": ""us-central1-a"", ""vm"": ""mooc-web""}",131426755
2026-09-27T02:38:00Z,"{""instance_name"": ""mooc-web"", ""loadbalanced"": ""false"", ""resource_instance_id"": ""1398563761166861218"", ""resource_project_id"": ""proyecto-2-cloud-509714"", ""resource_type"": ""gce_instance"", ""resource_zone"": ""us-central1-a"", ""vm"": ""mooc-web""}",99603
2026-09-27T02:37:00Z,"{""instance_name"": ""mooc-web"", ""loadbalanced"": ""false"", ""resource_instance_id"": ""1398563761166861218"", ""resource_project_id"": ""proyecto-2-cloud-509714"", ""resource_type"": ""gce_instance"", ""resource_zone"": ""us-central1-a"", ""vm"": ""mooc-web""}",6251
2026-09-27T02:36:00Z,"{""instance_name"": ""mooc-web"", ""loadbalanced"": ""false"", ""resource_instance_id"": ""1398563761166861218"", ""resource_project_id"": ""proyecto-2-cloud-509714"", ""resource_type"": ""gce_instance"", ""resource_zone"": ""us-central1-a"", ""vm"": ""mooc-web""}",2674
2026-09-27T02:35:00Z,"{""instance_name"": ""mooc-web"", ""loadbalanced"": ""false"", ""resource_instance_id"": ""1398563761166861218"", ""resource_project_id"": ""proyecto-2-cloud-509714"", ""resource_type"": ""gce_instance"", ""resource_zone"": ""us-central1-a"", ""vm"": ""mooc-web""}",20454
2026-09-27T02:34:00Z,"{""instance_name"": ""mooc-web"", ""loadbalanced"": ""false"", ""resource_instance_id"": ""1398563761166861218"", ""resource_project_id"": ""proyecto-2-cloud-509714"", ""resource_type"": ""gce_instance"", ""resource_zone"": ""us-central1-a"", ""vm"": ""mooc-web""}",23174
2026-09-27T02:33:00Z,"{""instance_name"": ""mooc-web"", ""loadbalanced"": ""false"", ""resource_instance_id"": ""1398563761166861218"", ""resource_project_id"": ""proyecto-2-cloud-509714"", ""resource_type"": ""gce_instance"", ""resource_zone"": ""us-central1-a"", ""vm"": ""mooc-web""}",1611
2026-09-27T02:32:00Z,"{""instance_name"": ""mooc-web"", ""loadbalanced"": ""false"", ""resource_instance_id"": ""1398563761166861218"", ""resource_project_id"": ""proyecto-2-cloud-509714"", ""resource_type"": ""gce_instance"", ""resource_zone"": ""us-central1-a"", ""vm"": ""mooc-web""}",2442
2026-09-27T02:31:00Z,"{""instance_name"": ""mooc-web"", ""loadbalanced"": ""false"", ""resource_instance_id"": ""1398563761166861218"", ""resource_project_id"": ""proyecto-2-cloud-509714"", ""resource_type"": ""gce_instance"", ""resource_zone"": ""us-central1-a"", ""vm"": ""mooc-web""}",2334
2026-09-27T02:30:00Z,"{""instance_name"": ""mooc-web"", ""loadbalanced"": ""false"", ""resource_instance_id"": ""1398563761166861218"", ""resource_project_id"": ""proyecto-2-cloud-509714"", ""resource_type"": ""gce_instance"", ""resource_zone"": ""us-central1-a"", ""vm"": ""mooc-web""}",1696
2026-09-27T02:29:00Z,"{""instance_name"": ""mooc-web"", ""loadbalanced"": ""false"", ""resource_instance_id"": ""1398563761166861218"", ""resource_project_id"": ""proyecto-2-cloud-509714"", ""resource_type"": ""gce_instance"", ""resource_zone"": ""us-central1-a"", ""vm"": ""mooc-web""}",1922
2026-09-27T02:28:00Z,"{""instance_name"": ""mooc-web"", ""loadbalanced"": ""false"", ""resource_instance_id"": ""1398563761166861218"", ""resource_project_id"": ""proyecto-2-cloud-509714"", ""resource_type"": ""gce_instance"", ""resource_zone"": ""us-central1-a"", ""vm"": ""mooc-web""}",1340
2026-09-27T02:27:00Z,"{""instance_name"": ""mooc-web"", ""loadbalanced"": ""false"", ""resource_instance_id"": ""1398563761166861218"", ""resource_project_id"": ""proyecto-2-cloud-509714"", ""resource_type"": ""gce_instance"", ""resource_zone"": ""us-central1-a"", ""vm"": ""mooc-web""}",2850
2026-09-27T02:26:00Z,"{""instance_name"": ""mooc-web"", ""loadbalanced"": ""false"", ""resource_instance_id"": ""1398563761166861218"", ""resource_project_id"": ""proyecto-2-cloud-509714"", ""resource_type"": ""gce_instance"", ""resource_zone"": ""us-central1-a"", ""vm"": ""mooc-web""}",24345
2026-09-27T02:25:00Z,"{""instance_name"": ""mooc-web"", ""loadbalanced"": ""false"", ""resource_instance_id"": ""1398563761166861218"", ""resource_project_id"": ""proyecto-2-cloud-509714"", ""resource_type"": ""gce_instance"", ""resource_zone"": ""us-central1-a"", ""vm"": ""mooc-web""}",4808
2026-09-27T02:24:00Z,"{""instance_name"": ""mooc-web"", ""loadbalanced"": ""false"", ""resource_instance_id"": ""1398563761166861218"", ""resource_project_id"": ""proyecto-2-cloud-509714"", ""resource_type"": ""gce_instance"", ""resource_zone"": ""us-central1-a"", ""vm"": ""mooc-web""}",3543
2026-09-27T02:23:00Z,"{""instance_name"": ""mooc-web"", ""loadbalanced"": ""false"", ""resource_instance_id"": ""1398563761166861218"", ""resource_project_id"": ""proyecto-2-cloud-509714"", ""resource_type"": ""gce_instance"", ""resource_zone"": ""us-central1-a"", ""vm"": ""mooc-web""}",6230385
2026-09-27T02:22:00Z,"{""instance_name"": ""mooc-web"", ""loadbalanced"": ""false"", ""resource_instance_id"": ""1398563761166861218"", ""resource_project_id"": ""proyecto-2-cloud-509714"", ""resource_type"": ""gce_instance"", ""resource_zone"": ""us-central1-a"", ""vm"": ""mooc-web""}",105424692
2026-09-27T02:21:00Z,"{""instance_name"": ""mooc-web"", ""loadbalanced"": ""false"", ""resource_instance_id"": ""1398563761166861218"", ""resource_project_id"": ""proyecto-2-cloud-509714"", ""resource_type"": ""gce_instance"", ""resource_zone"": ""us-central1-a"", ""vm"": ""mooc-web""}",232539751
2026-09-27T06:42:00Z,"{""instance_name"": ""mooc-worker"", ""loadbalanced"": ""false"", ""resource_instance_id"": ""2832248983015202130"", ""resource_project_id"": ""proyecto-2-cloud-509714"", ""resource_type"": ""gce_instance"", ""resource_zone"": ""us-central1-a"", ""vm"": ""mooc-worker""}",4827211
2026-09-27T06:41:00Z,"{""instance_name"": ""mooc-worker"", ""loadbalanced"": ""false"", ""resource_instance_id"": ""2832248983015202130"", ""resource_project_id"": ""proyecto-2-cloud-509714"", ""resource_type"": ""gce_instance"", ""resource_zone"": ""us-central1-a"", ""vm"": ""mooc-worker""}",3955959
2026-09-27T06:40:00Z,"{""instance_name"": ""mooc-worker"", ""loadbalanced"": ""false"", ""resource_instance_id"": ""2832248983015202130"", ""resource_project_id"": ""proyecto-2-cloud-509714"", ""resource_type"": ""gce_instance"", ""resource_zone"": ""us-central1-a"", ""vm"": ""mooc-worker""}",3202054
2026-09-27T06:39:00Z,"{""instance_name"": ""mooc-worker"", ""loadbalanced"": ""false"", ""resource_instance_id"": ""2832248983015202130"", ""resource_project_id"": ""proyecto-2-cloud-509714"", ""resource_type"": ""gce_instance"", ""resource_zone"": ""us-central1-a"", ""vm"": ""mooc-worker""}",612707
2026-09-27T06:38:00Z,"{""instance_name"": ""mooc-worker"", ""loadbalanced"": ""false"", ""resource_instance_id"": ""2832248983015202130"", ""resource_project_id"": ""proyecto-2-cloud-509714"", ""resource_type"": ""gce_instance"", ""resource_zone"": ""us-central1-a"", ""vm"": ""mooc-worker""}",2839096
2026-09-27T06:37:00Z,"{""instance_name"": ""mooc-worker"", ""loadbalanced"": ""false"", ""resource_instance_id"": ""2832248983015202130"", ""resource_project_id"": ""proyecto-2-cloud-509714"", ""resource_type"": ""gce_instance"", ""resource_zone"": ""us-central1-a"", ""vm"": ""mooc-worker""}",1529584
2026-09-27T06:36:00Z,"{""instance_name"": ""mooc-worker"", ""loadbalanced"": ""false"", ""resource_instance_id"": ""2832248983015202130"", ""resource_project_id"": ""proyecto-2-cloud-509714"", ""resource_type"": ""gce_instance"", ""resource_zone"": ""us-central1-a"", ""vm"": ""mooc-worker""}",7294276
2026-09-27T06:35:00Z,"{""instance_name"": ""mooc-worker"", ""loadbalanced"": ""false"", ""resource_instance_id"": ""2832248983015202130"", ""resource_project_id"": ""proyecto-2-cloud-509714"", ""resource_type"": ""gce_instance"", ""resource_zone"": ""us-central1-a"", ""vm"": ""mooc-worker""}",1988204
2026-09-27T06:34:00Z,"{""instance_name"": ""mooc-worker"", ""loadbalanced"": ""false"", ""resource_instance_id"": ""2832248983015202130"", ""resource_project_id"": ""proyecto-2-cloud-509714"", ""resource_type"": ""gce_instance"", ""resource_zone"": ""us-central1-a"", ""vm"": ""mooc-worker""}",11997887
2026-09-27T06:33:00Z,"{""instance_name"": ""mooc-worker"", ""loadbalanced"": ""false"", ""resource_instance_id"": ""2832248983015202130"", ""resource_project_id"": ""proyecto-2-cloud-509714"", ""resource_type"": ""gce_instance"", ""resource_zone"": ""us-central1-a"", ""vm"": ""mooc-worker""}",12695056
2026-09-27T06:32:00Z,"{""instance_name"": ""mooc-worker"", ""loadbalanced"": ""false"", ""resource_instance_id"": ""2832248983015202130"", ""resource_project_id"": ""proyecto-2-cloud-509714"", ""resource_type"": ""gce_instance"", ""resource_zone"": ""us-central1-a"", ""vm"": ""mooc-worker""}",3894540
2026-09-27T06:31:00Z,"{""instance_name"": ""mooc-worker"", ""loadbalanced"": ""false"", ""resource_instance_id"": ""2832248983015202130"", ""resource_project_id"": ""proyecto-2-cloud-509714"", ""resource_type"": ""gce_instance"", ""resource_zone"": ""us-central1-a"", ""vm"": ""mooc-worker""}",6912725
2026-09-27T06:30:00Z,"{""instance_name"": ""mooc-worker"", ""loadbalanced"": ""false"", ""resource_instance_id"": ""2832248983015202130"", ""resource_project_id"": ""proyecto-2-cloud-509714"", ""resource_type"": ""gce_instance"", ""resource_zone"": ""us-central1-a"", ""vm"": ""mooc-worker""}",4750407
2026-09-27T06:29:00Z,"{""instance_name"": ""mooc-worker"", ""loadbalanced"": ""false"", ""resource_instance_id"": ""2832248983015202130"", ""resource_project_id"": ""proyecto-2-cloud-509714"", ""resource_type"": ""gce_instance"", ""resource_zone"": ""us-central1-a"", ""vm"": ""mooc-worker""}",3866210
2026-09-27T06:28:00Z,"{""instance_name"": ""mooc-worker"", ""loadbalanced"": ""false"", ""resource_instance_id"": ""2832248983015202130"", ""resource_project_id"": ""proyecto-2-cloud-509714"", ""resource_type"": ""gce_instance"", ""resource_zone"": ""us-central1-a"", ""vm"": ""mooc-worker""}",1766316
2026-09-27T06:27:00Z,"{""instance_name"": ""mooc-worker"", ""loadbalanced"": ""false"", ""resource_instance_id"": ""2832248983015202130"", ""resource_project_id"": ""proyecto-2-cloud-509714"", ""resource_type"": ""gce_instance"", ""resource_zone"": ""us-central1-a"", ""vm"": ""mooc-worker""}",9253277
2026-09-27T06:26:00Z,"{""instance_name"": ""mooc-worker"", ""loadbalanced"": ""false"", ""resource_instance_id"": ""2832248983015202130"", ""resource_project_id"": ""proyecto-2-cloud-509714"", ""resource_type"": ""gce_instance"", ""resource_zone"": ""us-central1-a"", ""vm"": ""mooc-worker""}",4695791
2026-09-27T06:25:00Z,"{""instance_name"": ""mooc-worker"", ""loadbalanced"": ""false"", ""resource_instance_id"": ""2832248983015202130"", ""resource_project_id"": ""proyecto-2-cloud-509714"", ""resource_type"": ""gce_instance"", ""resource_zone"": ""us-central1-a"", ""vm"": ""mooc-worker""}",3992273
2026-09-27T06:24:00Z,"{""instance_name"": ""mooc-worker"", ""loadbalanced"": ""false"", ""resource_instance_id"": ""2832248983015202130"", ""resource_project_id"": ""proyecto-2-cloud-509714"", ""resource_type"": ""gce_instance"", ""resource_zone"": ""us-central1-a"", ""vm"": ""mooc-worker""}",3348315
2026-09-27T06:23:00Z,"{""instance_name"": ""mooc-worker"", ""loadbalanced"": ""false"", ""resource_instance_id"": ""2832248983015202130"", ""resource_project_id"": ""proyecto-2-cloud-509714"", ""resource_type"": ""gce_instance"", ""resource_zone"": ""us-central1-a"", ""vm"": ""mooc-worker""}",6511047
2026-09-27T06:22:00Z,"{""instance_name"": ""mooc-worker"", ""loadbalanced"": ""false"", ""resource_instance_id"": ""2832248983015202130"", ""resource_project_id"": ""proyecto-2-cloud-509714"", ""resource_type"": ""gce_instance"", ""resource_zone"": ""us-central1-a"", ""vm"": ""mooc-worker""}",2459651
2026-09-27T06:21:00Z,"{""instance_name"": ""mooc-worker"", ""loadbalanced"": ""false"", ""resource_instance_id"": ""2832248983015202130"", ""resource_project_id"": ""proyecto-2-cloud-509714"", ""resource_type"": ""gce_instance"", ""resource_zone"": ""us-central1-a"", ""vm"": ""mooc-worker""}",12352078
2026-09-27T06:20:00Z,"{""instance_name"": ""mooc-worker"", ""loadbalanced"": ""false"", ""resource_instance_id"": ""2832248983015202130"", ""resource_project_id"": ""proyecto-2-cloud-509714"", ""resource_type"": ""gce_instance"", ""resource_zone"": ""us-central1-a"", ""vm"": ""mooc-worker""}",3585495
2026-09-27T06:19:00Z,"{""instance_name"": ""mooc-worker"", ""loadbalanced"": ""false"", ""resource_instance_id"": ""2832248983015202130"", ""resource_project_id"": ""proyecto-2-cloud-509714"", ""resource_type"": ""gce_instance"", ""resource_zone"": ""us-central1-a"", ""vm"": ""mooc-worker""}",4587889
2026-09-27T06:18:00Z,"{""instance_name"": ""mooc-worker"", ""loadbalanced"": ""false"", ""resource_instance_id"": ""2832248983015202130"", ""resource_project_id"": ""proyecto-2-cloud-509714"", ""resource_type"": ""gce_instance"", ""resource_zone"": ""us-central1-a"", ""vm"": ""mooc-worker""}",764664
2026-09-27T06:17:00Z,"{""instance_name"": ""mooc-worker"", ""loadbalanced"": ""false"", ""resource_instance_id"": ""2832248983015202130"", ""resource_project_id"": ""proyecto-2-cloud-509714"", ""resource_type"": ""gce_instance"", ""resource_zone"": ""us-central1-a"", ""vm"": ""mooc-worker""}",4277326
2026-09-27T06:16:00Z,"{""instance_name"": ""mooc-worker"", ""loadbalanced"": ""false"", ""resource_instance_id"": ""2832248983015202130"", ""resource_project_id"": ""proyecto-2-cloud-509714"", ""resource_type"": ""gce_instance"", ""resource_zone"": ""us-central1-a"", ""vm"": ""mooc-worker""}",4762214
2026-09-27T06:15:00Z,"{""instance_name"": ""mooc-worker"", ""loadbalanced"": ""false"", ""resource_instance_id"": ""2832248983015202130"", ""resource_project_id"": ""proyecto-2-cloud-509714"", ""resource_type"": ""gce_instance"", ""resource_zone"": ""us-central1-a"", ""vm"": ""mooc-worker""}",6985457
2026-09-27T06:14:00Z,"{""instance_name"": ""mooc-worker"", ""loadbalanced"": ""false"", ""resource_instance_id"": ""2832248983015202130"", ""resource_project_id"": ""proyecto-2-cloud-509714"", ""resource_type"": ""gce_instance"", ""resource_zone"": ""us-central1-a"", ""vm"": ""mooc-worker""}",4471513
2026-09-27T06:13:00Z,"{""instance_name"": ""mooc-worker"", ""loadbalanced"": ""false"", ""resource_instance_id"": ""2832248983015202130"", ""resource_project_id"": ""proyecto-2-cloud-509714"", ""resource_type"": ""gce_instance"", ""resource_zone"": ""us-central1-a"", ""vm"": ""mooc-worker""}",10297284
2026-09-27T06:12:00Z,"{""instance_name"": ""mooc-worker"", ""loadbalanced"": ""false"", ""resource_instance_id"": ""2832248983015202130"", ""resource_project_id"": ""proyecto-2-cloud-509714"", ""resource_type"": ""gce_instance"", ""resource_zone"": ""us-central1-a"", ""vm"": ""mooc-worker""}",7063520
2026-09-27T06:11:00Z,"{""instance_name"": ""mooc-worker"", ""loadbalanced"": ""false"", ""resource_instance_id"": ""2832248983015202130"", ""resource_project_id"": ""proyecto-2-cloud-509714"", ""resource_type"": ""gce_instance"", ""resource_zone"": ""us-central1-a"", ""vm"": ""mooc-worker""}",41609
2026-09-27T06:10:00Z,"{""instance_name"": ""mooc-worker"", ""loadbalanced"": ""false"", ""resource_instance_id"": ""2832248983015202130"", ""resource_project_id"": ""proyecto-2-cloud-509714"", ""resource_type"": ""gce_instance"", ""resource_zone"": ""us-central1-a"", ""vm"": ""mooc-worker""}",961853
2026-09-27T06:09:00Z,"{""instance_name"": ""mooc-worker"", ""loadbalanced"": ""false"", ""resource_instance_id"": ""2832248983015202130"", ""resource_project_id"": ""proyecto-2-cloud-509714"", ""resource_type"": ""gce_instance"", ""resource_zone"": ""us-central1-a"", ""vm"": ""mooc-worker""}",6528230
2026-09-27T06:08:00Z,"{""instance_name"": ""mooc-worker"", ""loadbalanced"": ""false"", ""resource_instance_id"": ""2832248983015202130"", ""resource_project_id"": ""proyecto-2-cloud-509714"", ""resource_type"": ""gce_instance"", ""resource_zone"": ""us-central1-a"", ""vm"": ""mooc-worker""}",14272988
2026-09-27T06:07:00Z,"{""instance_name"": ""mooc-worker"", ""loadbalanced"": ""false"", ""resource_instance_id"": ""2832248983015202130"", ""resource_project_id"": ""proyecto-2-cloud-509714"", ""resource_type"": ""gce_instance"", ""resource_zone"": ""us-central1-a"", ""vm"": ""mooc-worker""}",22319238
2026-09-27T06:06:00Z,"{""instance_name"": ""mooc-worker"", ""loadbalanced"": ""false"", ""resource_instance_id"": ""2832248983015202130"", ""resource_project_id"": ""proyecto-2-cloud-509714"", ""resource_type"": ""gce_instance"", ""resource_zone"": ""us-central1-a"", ""vm"": ""mooc-worker""}",42810
2026-09-27T06:05:00Z,"{""instance_name"": ""mooc-worker"", ""loadbalanced"": ""false"", ""resource_instance_id"": ""2832248983015202130"", ""resource_project_id"": ""proyecto-2-cloud-509714"", ""resource_type"": ""gce_instance"", ""resource_zone"": ""us-central1-a"", ""vm"": ""mooc-worker""}",323555
2026-09-27T06:04:00Z,"{""instance_name"": ""mooc-worker"", ""loadbalanced"": ""false"", ""resource_instance_id"": ""2832248983015202130"", ""resource_project_id"": ""proyecto-2-cloud-509714"", ""resource_type"": ""gce_instance"", ""resource_zone"": ""us-central1-a"", ""vm"": ""mooc-worker""}",74185949
2026-09-27T06:03:00Z,"{""instance_name"": ""mooc-worker"", ""loadbalanced"": ""false"", ""resource_instance_id"": ""2832248983015202130"", ""resource_project_id"": ""proyecto-2-cloud-509714"", ""resource_type"": ""gce_instance"", ""resource_zone"": ""us-central1-a"", ""vm"": ""mooc-worker""}",401727401
2026-09-27T06:02:00Z,"{""instance_name"": ""mooc-worker"", ""loadbalanced"": ""false"", ""resource_instance_id"": ""2832248983015202130"", ""resource_project_id"": ""proyecto-2-cloud-509714"", ""resource_type"": ""gce_instance"", ""resource_zone"": ""us-central1-a"", ""vm"": ""mooc-worker""}",268301521
2026-09-27T06:01:00Z,"{""instance_name"": ""mooc-worker"", ""loadbalanced"": ""false"", ""resource_instance_id"": ""2832248983015202130"", ""resource_project_id"": ""proyecto-2-cloud-509714"", ""resource_type"": ""gce_instance"", ""resource_zone"": ""us-central1-a"", ""vm"": ""mooc-worker""}",178481051
2026-09-27T06:00:00Z,"{""instance_name"": ""mooc-worker"", ""loadbalanced"": ""false"", ""resource_instance_id"": ""2832248983015202130"", ""resource_project_id"": ""proyecto-2-cloud-509714"", ""resource_type"": ""gce_instance"", ""resource_zone"": ""us-central1-a"", ""vm"": ""mooc-worker""}",81343610
2026-09-27T05:59:00Z,"{""instance_name"": ""mooc-worker"", ""loadbalanced"": ""false"", ""resource_instance_id"": ""2832248983015202130"", ""resource_project_id"": ""proyecto-2-cloud-509714"", ""resource_type"": ""gce_instance"", ""resource_zone"": ""us-central1-a"", ""vm"": ""mooc-worker""}",154507566
2026-09-27T05:58:00Z,"{""instance_name"": ""mooc-worker"", ""loadbalanced"": ""false"", ""resource_instance_id"": ""2832248983015202130"", ""resource_project_id"": ""proyecto-2-cloud-509714"", ""resource_type"": ""gce_instance"", ""resource_zone"": ""us-central1-a"", ""vm"": ""mooc-worker""}",11539484
2026-09-27T05:57:00Z,"{""instance_name"": ""mooc-worker"", ""loadbalanced"": ""false"", ""resource_instance_id"": ""2832248983015202130"", ""resource_project_id"": ""proyecto-2-cloud-509714"", ""resource_type"": ""gce_instance"", ""resource_zone"": ""us-central1-a"", ""vm"": ""mooc-worker""}",3369985
2026-09-27T05:56:00Z,"{""instance_name"": ""mooc-worker"", ""loadbalanced"": ""false"", ""resource_instance_id"": ""2832248983015202130"", ""resource_project_id"": ""proyecto-2-cloud-509714"", ""resource_type"": ""gce_instance"", ""resource_zone"": ""us-central1-a"", ""vm"": ""mooc-worker""}",4042772
2026-09-27T05:55:00Z,"{""instance_name"": ""mooc-worker"", ""loadbalanced"": ""false"", ""resource_instance_id"": ""2832248983015202130"", ""resource_project_id"": ""proyecto-2-cloud-509714"", ""resource_type"": ""gce_instance"", ""resource_zone"": ""us-central1-a"", ""vm"": ""mooc-worker""}",9101497
2026-09-27T05:54:00Z,"{""instance_name"": ""mooc-worker"", ""loadbalanced"": ""false"", ""resource_instance_id"": ""2832248983015202130"", ""resource_project_id"": ""proyecto-2-cloud-509714"", ""resource_type"": ""gce_instance"", ""resource_zone"": ""us-central1-a"", ""vm"": ""mooc-worker""}",13935427
2026-09-27T05:53:00Z,"{""instance_name"": ""mooc-worker"", ""loadbalanced"": ""false"", ""resource_instance_id"": ""2832248983015202130"", ""resource_project_id"": ""proyecto-2-cloud-509714"", ""resource_type"": ""gce_instance"", ""resource_zone"": ""us-central1-a"", ""vm"": ""mooc-worker""}",719790
2026-09-27T05:52:00Z,"{""instance_name"": ""mooc-worker"", ""loadbalanced"": ""false"", ""resource_instance_id"": ""2832248983015202130"", ""resource_project_id"": ""proyecto-2-cloud-509714"", ""resource_type"": ""gce_instance"", ""resource_zone"": ""us-central1-a"", ""vm"": ""mooc-worker""}",3394021
2026-09-27T05:51:00Z,"{""instance_name"": ""mooc-worker"", ""loadbalanced"": ""false"", ""resource_instance_id"": ""2832248983015202130"", ""resource_project_id"": ""proyecto-2-cloud-509714"", ""resource_type"": ""gce_instance"", ""resource_zone"": ""us-central1-a"", ""vm"": ""mooc-worker""}",3347064
2026-09-27T05:50:00Z,"{""instance_name"": ""mooc-worker"", ""loadbalanced"": ""false"", ""resource_instance_id"": ""2832248983015202130"", ""resource_project_id"": ""proyecto-2-cloud-509714"", ""resource_type"": ""gce_instance"", ""resource_zone"": ""us-central1-a"", ""vm"": ""mooc-worker""}",4062618
2026-09-27T05:49:00Z,"{""instance_name"": ""mooc-worker"", ""loadbalanced"": ""false"", ""resource_instance_id"": ""2832248983015202130"", ""resource_project_id"": ""proyecto-2-cloud-509714"", ""resource_type"": ""gce_instance"", ""resource_zone"": ""us-central1-a"", ""vm"": ""mooc-worker""}",16819596
2026-09-27T05:48:00Z,"{""instance_name"": ""mooc-worker"", ""loadbalanced"": ""false"", ""resource_instance_id"": ""2832248983015202130"", ""resource_project_id"": ""proyecto-2-cloud-509714"", ""resource_type"": ""gce_instance"", ""resource_zone"": ""us-central1-a"", ""vm"": ""mooc-worker""}",62945234
2026-09-27T05:47:00Z,"{""instance_name"": ""mooc-worker"", ""loadbalanced"": ""false"", ""resource_instance_id"": ""2832248983015202130"", ""resource_project_id"": ""proyecto-2-cloud-509714"", ""resource_type"": ""gce_instance"", ""resource_zone"": ""us-central1-a"", ""vm"": ""mooc-worker""}",84741
2026-09-27T05:46:00Z,"{""instance_name"": ""mooc-worker"", ""loadbalanced"": ""false"", ""resource_instance_id"": ""2832248983015202130"", ""resource_project_id"": ""proyecto-2-cloud-509714"", ""resource_type"": ""gce_instance"", ""resource_zone"": ""us-central1-a"", ""vm"": ""mooc-worker""}",33103
2026-09-27T05:45:00Z,"{""instance_name"": ""mooc-worker"", ""loadbalanced"": ""false"", ""resource_instance_id"": ""2832248983015202130"", ""resource_project_id"": ""proyecto-2-cloud-509714"", ""resource_type"": ""gce_instance"", ""resource_zone"": ""us-central1-a"", ""vm"": ""mooc-worker""}",37458
2026-09-27T05:44:00Z,"{""instance_name"": ""mooc-worker"", ""loadbalanced"": ""false"", ""resource_instance_id"": ""2832248983015202130"", ""resource_project_id"": ""proyecto-2-cloud-509714"", ""resource_type"": ""gce_instance"", ""resource_zone"": ""us-central1-a"", ""vm"": ""mooc-worker""}",33299
2026-09-27T05:43:00Z,"{""instance_name"": ""mooc-worker"", ""loadbalanced"": ""false"", ""resource_instance_id"": ""2832248983015202130"", ""resource_project_id"": ""proyecto-2-cloud-509714"", ""resource_type"": ""gce_instance"", ""resource_zone"": ""us-central1-a"", ""vm"": ""mooc-worker""}",34476
2026-09-27T05:42:00Z,"{""instance_name"": ""mooc-worker"", ""loadbalanced"": ""false"", ""resource_instance_id"": ""2832248983015202130"", ""resource_project_id"": ""proyecto-2-cloud-509714"", ""resource_type"": ""gce_instance"", ""resource_zone"": ""us-central1-a"", ""vm"": ""mooc-worker""}",34903
2026-09-27T05:41:00Z,"{""instance_name"": ""mooc-worker"", ""loadbalanced"": ""false"", ""resource_instance_id"": ""2832248983015202130"", ""resource_project_id"": ""proyecto-2-cloud-509714"", ""resource_type"": ""gce_instance"", ""resource_zone"": ""us-central1-a"", ""vm"": ""mooc-worker""}",630267
2026-09-27T05:40:00Z,"{""instance_name"": ""mooc-worker"", ""loadbalanced"": ""false"", ""resource_instance_id"": ""2832248983015202130"", ""resource_project_id"": ""proyecto-2-cloud-509714"", ""resource_type"": ""gce_instance"", ""resource_zone"": ""us-central1-a"", ""vm"": ""mooc-worker""}",2909928
2026-09-27T05:39:00Z,"{""instance_name"": ""mooc-worker"", ""loadbalanced"": ""false"", ""resource_instance_id"": ""2832248983015202130"", ""resource_project_id"": ""proyecto-2-cloud-509714"", ""resource_type"": ""gce_instance"", ""resource_zone"": ""us-central1-a"", ""vm"": ""mooc-worker""}",3134474
2026-09-27T05:38:00Z,"{""instance_name"": ""mooc-worker"", ""loadbalanced"": ""false"", ""resource_instance_id"": ""2832248983015202130"", ""resource_project_id"": ""proyecto-2-cloud-509714"", ""resource_type"": ""gce_instance"", ""resource_zone"": ""us-central1-a"", ""vm"": ""mooc-worker""}",14930725
2026-09-27T05:37:00Z,"{""instance_name"": ""mooc-worker"", ""loadbalanced"": ""false"", ""resource_instance_id"": ""2832248983015202130"", ""resource_project_id"": ""proyecto-2-cloud-509714"", ""resource_type"": ""gce_instance"", ""resource_zone"": ""us-central1-a"", ""vm"": ""mooc-worker""}",38692
2026-09-27T05:36:00Z,"{""instance_name"": ""mooc-worker"", ""loadbalanced"": ""false"", ""resource_instance_id"": ""2832248983015202130"", ""resource_project_id"": ""proyecto-2-cloud-509714"", ""resource_type"": ""gce_instance"", ""resource_zone"": ""us-central1-a"", ""vm"": ""mooc-worker""}",38944
2026-09-27T05:35:00Z,"{""instance_name"": ""mooc-worker"", ""loadbalanced"": ""false"", ""resource_instance_id"": ""2832248983015202130"", ""resource_project_id"": ""proyecto-2-cloud-509714"", ""resource_type"": ""gce_instance"", ""resource_zone"": ""us-central1-a"", ""vm"": ""mooc-worker""}",41781
2026-09-27T05:34:00Z,"{""instance_name"": ""mooc-worker"", ""loadbalanced"": ""false"", ""resource_instance_id"": ""2832248983015202130"", ""resource_project_id"": ""proyecto-2-cloud-509714"", ""resource_type"": ""gce_instance"", ""resource_zone"": ""us-central1-a"", ""vm"": ""mooc-worker""}",37005
2026-09-27T05:33:00Z,"{""instance_name"": ""mooc-worker"", ""loadbalanced"": ""false"", ""resource_instance_id"": ""2832248983015202130"", ""resource_project_id"": ""proyecto-2-cloud-509714"", ""resource_type"": ""gce_instance"", ""resource_zone"": ""us-central1-a"", ""vm"": ""mooc-worker""}",40248
2026-09-27T05:32:00Z,"{""instance_name"": ""mooc-worker"", ""loadbalanced"": ""false"", ""resource_instance_id"": ""2832248983015202130"", ""resource_project_id"": ""proyecto-2-cloud-509714"", ""resource_type"": ""gce_instance"", ""resource_zone"": ""us-central1-a"", ""vm"": ""mooc-worker""}",46753
2026-09-27T05:31:00Z,"{""instance_name"": ""mooc-worker"", ""loadbalanced"": ""false"", ""resource_instance_id"": ""2832248983015202130"", ""resource_project_id"": ""proyecto-2-cloud-509714"", ""resource_type"": ""gce_instance"", ""resource_zone"": ""us-central1-a"", ""vm"": ""mooc-worker""}",294204
2026-09-27T05:30:00Z,"{""instance_name"": ""mooc-worker"", ""loadbalanced"": ""false"", ""resource_instance_id"": ""2832248983015202130"", ""resource_project_id"": ""proyecto-2-cloud-509714"", ""resource_type"": ""gce_instance"", ""resource_zone"": ""us-central1-a"", ""vm"": ""mooc-worker""}",1257484
2026-09-27T05:29:00Z,"{""instance_name"": ""mooc-worker"", ""loadbalanced"": ""false"", ""resource_instance_id"": ""2832248983015202130"", ""resource_project_id"": ""proyecto-2-cloud-509714"", ""resource_type"": ""gce_instance"", ""resource_zone"": ""us-central1-a"", ""vm"": ""mooc-worker""}",31048
2026-09-27T05:28:00Z,"{""instance_name"": ""mooc-worker"", ""loadbalanced"": ""false"", ""resource_instance_id"": ""2832248983015202130"", ""resource_project_id"": ""proyecto-2-cloud-509714"", ""resource_type"": ""gce_instance"", ""resource_zone"": ""us-central1-a"", ""vm"": ""mooc-worker""}",41641
2026-09-27T05:27:00Z,"{""instance_name"": ""mooc-worker"", ""loadbalanced"": ""false"", ""resource_instance_id"": ""2832248983015202130"", ""resource_project_id"": ""proyecto-2-cloud-509714"", ""resource_type"": ""gce_instance"", ""resource_zone"": ""us-central1-a"", ""vm"": ""mooc-worker""}",98169
2026-09-27T05:26:00Z,"{""instance_name"": ""mooc-worker"", ""loadbalanced"": ""false"", ""resource_instance_id"": ""2832248983015202130"", ""resource_project_id"": ""proyecto-2-cloud-509714"", ""resource_type"": ""gce_instance"", ""resource_zone"": ""us-central1-a"", ""vm"": ""mooc-worker""}",237506
2026-09-27T05:25:00Z,"{""instance_name"": ""mooc-worker"", ""loadbalanced"": ""false"", ""resource_instance_id"": ""2832248983015202130"", ""resource_project_id"": ""proyecto-2-cloud-509714"", ""resource_type"": ""gce_instance"", ""resource_zone"": ""us-central1-a"", ""vm"": ""mooc-worker""}",215924
2026-09-27T05:24:00Z,"{""instance_name"": ""mooc-worker"", ""loadbalanced"": ""false"", ""resource_instance_id"": ""2832248983015202130"", ""resource_project_id"": ""proyecto-2-cloud-509714"", ""resource_type"": ""gce_instance"", ""resource_zone"": ""us-central1-a"", ""vm"": ""mooc-worker""}",87492
2026-09-27T05:23:00Z,"{""instance_name"": ""mooc-worker"", ""loadbalanced"": ""false"", ""resource_instance_id"": ""2832248983015202130"", ""resource_project_id"": ""proyecto-2-cloud-509714"", ""resource_type"": ""gce_instance"", ""resource_zone"": ""us-central1-a"", ""vm"": ""mooc-worker""}",104918
2026-09-27T05:22:00Z,"{""instance_name"": ""mooc-worker"", ""loadbalanced"": ""false"", ""resource_instance_id"": ""2832248983015202130"", ""resource_project_id"": ""proyecto-2-cloud-509714"", ""resource_type"": ""gce_instance"", ""resource_zone"": ""us-central1-a"", ""vm"": ""mooc-worker""}",416028
2026-09-27T05:21:00Z,"{""instance_name"": ""mooc-worker"", ""loadbalanced"": ""false"", ""resource_instance_id"": ""2832248983015202130"", ""resource_project_id"": ""proyecto-2-cloud-509714"", ""resource_type"": ""gce_instance"", ""resource_zone"": ""us-central1-a"", ""vm"": ""mooc-worker""}",180410
2026-09-27T05:20:00Z,"{""instance_name"": ""mooc-worker"", ""loadbalanced"": ""false"", ""resource_instance_id"": ""2832248983015202130"", ""resource_project_id"": ""proyecto-2-cloud-509714"", ""resource_type"": ""gce_instance"", ""resource_zone"": ""us-central1-a"", ""vm"": ""mooc-worker""}",34265
2026-09-27T05:19:00Z,"{""instance_name"": ""mooc-worker"", ""loadbalanced"": ""false"", ""resource_instance_id"": ""2832248983015202130"", ""resource_project_id"": ""proyecto-2-cloud-509714"", ""resource_type"": ""gce_instance"", ""resource_zone"": ""us-central1-a"", ""vm"": ""mooc-worker""}",39297
2026-09-27T05:18:00Z,"{""instance_name"": ""mooc-worker"", ""loadbalanced"": ""false"", ""resource_instance_id"": ""2832248983015202130"", ""resource_project_id"": ""proyecto-2-cloud-509714"", ""resource_type"": ""gce_instance"", ""resource_zone"": ""us-central1-a"", ""vm"": ""mooc-worker""}",37878
2026-09-27T05:17:00Z,"{""instance_name"": ""mooc-worker"", ""loadbalanced"": ""false"", ""resource_instance_id"": ""2832248983015202130"", ""resource_project_id"": ""proyecto-2-cloud-509714"", ""resource_type"": ""gce_instance"", ""resource_zone"": ""us-central1-a"", ""vm"": ""mooc-worker""}",38885
2026-09-27T05:16:00Z,"{""instance_name"": ""mooc-worker"", ""loadbalanced"": ""false"", ""resource_instance_id"": ""2832248983015202130"", ""resource_project_id"": ""proyecto-2-cloud-509714"", ""resource_type"": ""gce_instance"", ""resource_zone"": ""us-central1-a"", ""vm"": ""mooc-worker""}",126980
2026-09-27T05:15:00Z,"{""instance_name"": ""mooc-worker"", ""loadbalanced"": ""false"", ""resource_instance_id"": ""2832248983015202130"", ""resource_project_id"": ""proyecto-2-cloud-509714"", ""resource_type"": ""gce_instance"", ""resource_zone"": ""us-central1-a"", ""vm"": ""mooc-worker""}",23160847
2026-09-27T05:14:00Z,"{""instance_name"": ""mooc-worker"", ""loadbalanced"": ""false"", ""resource_instance_id"": ""2832248983015202130"", ""resource_project_id"": ""proyecto-2-cloud-509714"", ""resource_type"": ""gce_instance"", ""resource_zone"": ""us-central1-a"", ""vm"": ""mooc-worker""}",112068750
2026-09-27T05:13:00Z,"{""instance_name"": ""mooc-worker"", ""loadbalanced"": ""false"", ""resource_instance_id"": ""2832248983015202130"", ""resource_project_id"": ""proyecto-2-cloud-509714"", ""resource_type"": ""gce_instance"", ""resource_zone"": ""us-central1-a"", ""vm"": ""mooc-worker""}",5669711
2026-09-27T05:12:00Z,"{""instance_name"": ""mooc-worker"", ""loadbalanced"": ""false"", ""resource_instance_id"": ""2832248983015202130"", ""resource_project_id"": ""proyecto-2-cloud-509714"", ""resource_type"": ""gce_instance"", ""resource_zone"": ""us-central1-a"", ""vm"": ""mooc-worker""}",12140
2026-09-27T05:11:00Z,"{""instance_name"": ""mooc-worker"", ""loadbalanced"": ""false"", ""resource_instance_id"": ""2832248983015202130"", ""resource_project_id"": ""proyecto-2-cloud-509714"", ""resource_type"": ""gce_instance"", ""resource_zone"": ""us-central1-a"", ""vm"": ""mooc-worker""}",6736
2026-09-27T05:10:00Z,"{""instance_name"": ""mooc-worker"", ""loadbalanced"": ""false"", ""resource_instance_id"": ""2832248983015202130"", ""resource_project_id"": ""proyecto-2-cloud-509714"", ""resource_type"": ""gce_instance"", ""resource_zone"": ""us-central1-a"", ""vm"": ""mooc-worker""}",11604
2026-09-27T05:09:00Z,"{""instance_name"": ""mooc-worker"", ""loadbalanced"": ""false"", ""resource_instance_id"": ""2832248983015202130"", ""resource_project_id"": ""proyecto-2-cloud-509714"", ""resource_type"": ""gce_instance"", ""resource_zone"": ""us-central1-a"", ""vm"": ""mooc-worker""}",8326
2026-09-27T05:08:00Z,"{""instance_name"": ""mooc-worker"", ""loadbalanced"": ""false"", ""resource_instance_id"": ""2832248983015202130"", ""resource_project_id"": ""proyecto-2-cloud-509714"", ""resource_type"": ""gce_instance"", ""resource_zone"": ""us-central1-a"", ""vm"": ""mooc-worker""}",16382
2026-09-27T05:07:00Z,"{""instance_name"": ""mooc-worker"", ""loadbalanced"": ""false"", ""resource_instance_id"": ""2832248983015202130"", ""resource_project_id"": ""proyecto-2-cloud-509714"", ""resource_type"": ""gce_instance"", ""resource_zone"": ""us-central1-a"", ""vm"": ""mooc-worker""}",73086457
2026-09-27T05:06:00Z,"{""instance_name"": ""mooc-worker"", ""loadbalanced"": ""false"", ""resource_instance_id"": ""2832248983015202130"", ""resource_project_id"": ""proyecto-2-cloud-509714"", ""resource_type"": ""gce_instance"", ""resource_zone"": ""us-central1-a"", ""vm"": ""mooc-worker""}",377928830
2026-09-27T05:05:00Z,"{""instance_name"": ""mooc-worker"", ""loadbalanced"": ""false"", ""resource_instance_id"": ""2832248983015202130"", ""resource_project_id"": ""proyecto-2-cloud-509714"", ""resource_type"": ""gce_instance"", ""resource_zone"": ""us-central1-a"", ""vm"": ""mooc-worker""}",109710351
2026-09-27T06:42:00Z,"{""instance_name"": ""mooc-loadgen"", ""loadbalanced"": ""false"", ""resource_instance_id"": ""502815831568494144"", ""resource_project_id"": ""proyecto-2-cloud-509714"", ""resource_type"": ""gce_instance"", ""resource_zone"": ""us-central1-a"", ""vm"": ""mooc-loadgen""}",91
2026-09-27T06:41:00Z,"{""instance_name"": ""mooc-loadgen"", ""loadbalanced"": ""false"", ""resource_instance_id"": ""502815831568494144"", ""resource_project_id"": ""proyecto-2-cloud-509714"", ""resource_type"": ""gce_instance"", ""resource_zone"": ""us-central1-a"", ""vm"": ""mooc-loadgen""}",1133
2026-09-27T06:40:00Z,"{""instance_name"": ""mooc-loadgen"", ""loadbalanced"": ""false"", ""resource_instance_id"": ""502815831568494144"", ""resource_project_id"": ""proyecto-2-cloud-509714"", ""resource_type"": ""gce_instance"", ""resource_zone"": ""us-central1-a"", ""vm"": ""mooc-loadgen""}",407
2026-09-27T06:39:00Z,"{""instance_name"": ""mooc-loadgen"", ""loadbalanced"": ""false"", ""resource_instance_id"": ""502815831568494144"", ""resource_project_id"": ""proyecto-2-cloud-509714"", ""resource_type"": ""gce_instance"", ""resource_zone"": ""us-central1-a"", ""vm"": ""mooc-loadgen""}",91
2026-09-27T06:38:00Z,"{""instance_name"": ""mooc-loadgen"", ""loadbalanced"": ""false"", ""resource_instance_id"": ""502815831568494144"", ""resource_project_id"": ""proyecto-2-cloud-509714"", ""resource_type"": ""gce_instance"", ""resource_zone"": ""us-central1-a"", ""vm"": ""mooc-loadgen""}",91
2026-09-27T06:37:00Z,"{""instance_name"": ""mooc-loadgen"", ""loadbalanced"": ""false"", ""resource_instance_id"": ""502815831568494144"", ""resource_project_id"": ""proyecto-2-cloud-509714"", ""resource_type"": ""gce_instance"", ""resource_zone"": ""us-central1-a"", ""vm"": ""mooc-loadgen""}",91
2026-09-27T06:36:00Z,"{""instance_name"": ""mooc-loadgen"", ""loadbalanced"": ""false"", ""resource_instance_id"": ""502815831568494144"", ""resource_project_id"": ""proyecto-2-cloud-509714"", ""resource_type"": ""gce_instance"", ""resource_zone"": ""us-central1-a"", ""vm"": ""mooc-loadgen""}",91
2026-09-27T06:35:00Z,"{""instance_name"": ""mooc-loadgen"", ""loadbalanced"": ""false"", ""resource_instance_id"": ""502815831568494144"", ""resource_project_id"": ""proyecto-2-cloud-509714"", ""resource_type"": ""gce_instance"", ""resource_zone"": ""us-central1-a"", ""vm"": ""mooc-loadgen""}",91
2026-09-27T06:34:00Z,"{""instance_name"": ""mooc-loadgen"", ""loadbalanced"": ""false"", ""resource_instance_id"": ""502815831568494144"", ""resource_project_id"": ""proyecto-2-cloud-509714"", ""resource_type"": ""gce_instance"", ""resource_zone"": ""us-central1-a"", ""vm"": ""mooc-loadgen""}",91
2026-09-27T06:33:00Z,"{""instance_name"": ""mooc-loadgen"", ""loadbalanced"": ""false"", ""resource_instance_id"": ""502815831568494144"", ""resource_project_id"": ""proyecto-2-cloud-509714"", ""resource_type"": ""gce_instance"", ""resource_zone"": ""us-central1-a"", ""vm"": ""mooc-loadgen""}",1093
2026-09-27T06:32:00Z,"{""instance_name"": ""mooc-loadgen"", ""loadbalanced"": ""false"", ""resource_instance_id"": ""502815831568494144"", ""resource_project_id"": ""proyecto-2-cloud-509714"", ""resource_type"": ""gce_instance"", ""resource_zone"": ""us-central1-a"", ""vm"": ""mooc-loadgen""}",395
2026-09-27T06:31:00Z,"{""instance_name"": ""mooc-loadgen"", ""loadbalanced"": ""false"", ""resource_instance_id"": ""502815831568494144"", ""resource_project_id"": ""proyecto-2-cloud-509714"", ""resource_type"": ""gce_instance"", ""resource_zone"": ""us-central1-a"", ""vm"": ""mooc-loadgen""}",91
2026-09-27T06:30:00Z,"{""instance_name"": ""mooc-loadgen"", ""loadbalanced"": ""false"", ""resource_instance_id"": ""502815831568494144"", ""resource_project_id"": ""proyecto-2-cloud-509714"", ""resource_type"": ""gce_instance"", ""resource_zone"": ""us-central1-a"", ""vm"": ""mooc-loadgen""}",91
2026-09-27T06:29:00Z,"{""instance_name"": ""mooc-loadgen"", ""loadbalanced"": ""false"", ""resource_instance_id"": ""502815831568494144"", ""resource_project_id"": ""proyecto-2-cloud-509714"", ""resource_type"": ""gce_instance"", ""resource_zone"": ""us-central1-a"", ""vm"": ""mooc-loadgen""}",91
2026-09-27T06:28:00Z,"{""instance_name"": ""mooc-loadgen"", ""loadbalanced"": ""false"", ""resource_instance_id"": ""502815831568494144"", ""resource_project_id"": ""proyecto-2-cloud-509714"", ""resource_type"": ""gce_instance"", ""resource_zone"": ""us-central1-a"", ""vm"": ""mooc-loadgen""}",91
2026-09-27T06:27:00Z,"{""instance_name"": ""mooc-loadgen"", ""loadbalanced"": ""false"", ""resource_instance_id"": ""502815831568494144"", ""resource_project_id"": ""proyecto-2-cloud-509714"", ""resource_type"": ""gce_instance"", ""resource_zone"": ""us-central1-a"", ""vm"": ""mooc-loadgen""}",91
2026-09-27T06:26:00Z,"{""instance_name"": ""mooc-loadgen"", ""loadbalanced"": ""false"", ""resource_instance_id"": ""502815831568494144"", ""resource_project_id"": ""proyecto-2-cloud-509714"", ""resource_type"": ""gce_instance"", ""resource_zone"": ""us-central1-a"", ""vm"": ""mooc-loadgen""}",91
2026-09-27T06:25:00Z,"{""instance_name"": ""mooc-loadgen"", ""loadbalanced"": ""false"", ""resource_instance_id"": ""502815831568494144"", ""resource_project_id"": ""proyecto-2-cloud-509714"", ""resource_type"": ""gce_instance"", ""resource_zone"": ""us-central1-a"", ""vm"": ""mooc-loadgen""}",2026
2026-09-27T06:24:00Z,"{""instance_name"": ""mooc-loadgen"", ""loadbalanced"": ""false"", ""resource_instance_id"": ""502815831568494144"", ""resource_project_id"": ""proyecto-2-cloud-509714"", ""resource_type"": ""gce_instance"", ""resource_zone"": ""us-central1-a"", ""vm"": ""mooc-loadgen""}",678
2026-09-27T06:23:00Z,"{""instance_name"": ""mooc-loadgen"", ""loadbalanced"": ""false"", ""resource_instance_id"": ""502815831568494144"", ""resource_project_id"": ""proyecto-2-cloud-509714"", ""resource_type"": ""gce_instance"", ""resource_zone"": ""us-central1-a"", ""vm"": ""mooc-loadgen""}",91
2026-09-27T06:22:00Z,"{""instance_name"": ""mooc-loadgen"", ""loadbalanced"": ""false"", ""resource_instance_id"": ""502815831568494144"", ""resource_project_id"": ""proyecto-2-cloud-509714"", ""resource_type"": ""gce_instance"", ""resource_zone"": ""us-central1-a"", ""vm"": ""mooc-loadgen""}",91
2026-09-27T06:21:00Z,"{""instance_name"": ""mooc-loadgen"", ""loadbalanced"": ""false"", ""resource_instance_id"": ""502815831568494144"", ""resource_project_id"": ""proyecto-2-cloud-509714"", ""resource_type"": ""gce_instance"", ""resource_zone"": ""us-central1-a"", ""vm"": ""mooc-loadgen""}",91
2026-09-27T06:20:00Z,"{""instance_name"": ""mooc-loadgen"", ""loadbalanced"": ""false"", ""resource_instance_id"": ""502815831568494144"", ""resource_project_id"": ""proyecto-2-cloud-509714"", ""resource_type"": ""gce_instance"", ""resource_zone"": ""us-central1-a"", ""vm"": ""mooc-loadgen""}",91
2026-09-27T06:19:00Z,"{""instance_name"": ""mooc-loadgen"", ""loadbalanced"": ""false"", ""resource_instance_id"": ""502815831568494144"", ""resource_project_id"": ""proyecto-2-cloud-509714"", ""resource_type"": ""gce_instance"", ""resource_zone"": ""us-central1-a"", ""vm"": ""mooc-loadgen""}",1133
2026-09-27T06:18:00Z,"{""instance_name"": ""mooc-loadgen"", ""loadbalanced"": ""false"", ""resource_instance_id"": ""502815831568494144"", ""resource_project_id"": ""proyecto-2-cloud-509714"", ""resource_type"": ""gce_instance"", ""resource_zone"": ""us-central1-a"", ""vm"": ""mooc-loadgen""}",407
2026-09-27T06:17:00Z,"{""instance_name"": ""mooc-loadgen"", ""loadbalanced"": ""false"", ""resource_instance_id"": ""502815831568494144"", ""resource_project_id"": ""proyecto-2-cloud-509714"", ""resource_type"": ""gce_instance"", ""resource_zone"": ""us-central1-a"", ""vm"": ""mooc-loadgen""}",91
2026-09-27T06:16:00Z,"{""instance_name"": ""mooc-loadgen"", ""loadbalanced"": ""false"", ""resource_instance_id"": ""502815831568494144"", ""resource_project_id"": ""proyecto-2-cloud-509714"", ""resource_type"": ""gce_instance"", ""resource_zone"": ""us-central1-a"", ""vm"": ""mooc-loadgen""}",91
2026-09-27T06:15:00Z,"{""instance_name"": ""mooc-loadgen"", ""loadbalanced"": ""false"", ""resource_instance_id"": ""502815831568494144"", ""resource_project_id"": ""proyecto-2-cloud-509714"", ""resource_type"": ""gce_instance"", ""resource_zone"": ""us-central1-a"", ""vm"": ""mooc-loadgen""}",91
2026-09-27T06:14:00Z,"{""instance_name"": ""mooc-loadgen"", ""loadbalanced"": ""false"", ""resource_instance_id"": ""502815831568494144"", ""resource_project_id"": ""proyecto-2-cloud-509714"", ""resource_type"": ""gce_instance"", ""resource_zone"": ""us-central1-a"", ""vm"": ""mooc-loadgen""}",91
2026-09-27T06:13:00Z,"{""instance_name"": ""mooc-loadgen"", ""loadbalanced"": ""false"", ""resource_instance_id"": ""502815831568494144"", ""resource_project_id"": ""proyecto-2-cloud-509714"", ""resource_type"": ""gce_instance"", ""resource_zone"": ""us-central1-a"", ""vm"": ""mooc-loadgen""}",91
2026-09-27T06:12:00Z,"{""instance_name"": ""mooc-loadgen"", ""loadbalanced"": ""false"", ""resource_instance_id"": ""502815831568494144"", ""resource_project_id"": ""proyecto-2-cloud-509714"", ""resource_type"": ""gce_instance"", ""resource_zone"": ""us-central1-a"", ""vm"": ""mooc-loadgen""}",91
2026-09-27T06:11:00Z,"{""instance_name"": ""mooc-loadgen"", ""loadbalanced"": ""false"", ""resource_instance_id"": ""502815831568494144"", ""resource_project_id"": ""proyecto-2-cloud-509714"", ""resource_type"": ""gce_instance"", ""resource_zone"": ""us-central1-a"", ""vm"": ""mooc-loadgen""}",1133
2026-09-27T06:10:00Z,"{""instance_name"": ""mooc-loadgen"", ""loadbalanced"": ""false"", ""resource_instance_id"": ""502815831568494144"", ""resource_project_id"": ""proyecto-2-cloud-509714"", ""resource_type"": ""gce_instance"", ""resource_zone"": ""us-central1-a"", ""vm"": ""mooc-loadgen""}",407
2026-09-27T06:09:00Z,"{""instance_name"": ""mooc-loadgen"", ""loadbalanced"": ""false"", ""resource_instance_id"": ""502815831568494144"", ""resource_project_id"": ""proyecto-2-cloud-509714"", ""resource_type"": ""gce_instance"", ""resource_zone"": ""us-central1-a"", ""vm"": ""mooc-loadgen""}",91
2026-09-27T06:08:00Z,"{""instance_name"": ""mooc-loadgen"", ""loadbalanced"": ""false"", ""resource_instance_id"": ""502815831568494144"", ""resource_project_id"": ""proyecto-2-cloud-509714"", ""resource_type"": ""gce_instance"", ""resource_zone"": ""us-central1-a"", ""vm"": ""mooc-loadgen""}",91
2026-09-27T06:07:00Z,"{""instance_name"": ""mooc-loadgen"", ""loadbalanced"": ""false"", ""resource_instance_id"": ""502815831568494144"", ""resource_project_id"": ""proyecto-2-cloud-509714"", ""resource_type"": ""gce_instance"", ""resource_zone"": ""us-central1-a"", ""vm"": ""mooc-loadgen""}",91
2026-09-27T06:06:00Z,"{""instance_name"": ""mooc-loadgen"", ""loadbalanced"": ""false"", ""resource_instance_id"": ""502815831568494144"", ""resource_project_id"": ""proyecto-2-cloud-509714"", ""resource_type"": ""gce_instance"", ""resource_zone"": ""us-central1-a"", ""vm"": ""mooc-loadgen""}",91
2026-09-27T06:05:00Z,"{""instance_name"": ""mooc-loadgen"", ""loadbalanced"": ""false"", ""resource_instance_id"": ""502815831568494144"", ""resource_project_id"": ""proyecto-2-cloud-509714"", ""resource_type"": ""gce_instance"", ""resource_zone"": ""us-central1-a"", ""vm"": ""mooc-loadgen""}",91
2026-09-27T06:04:00Z,"{""instance_name"": ""mooc-loadgen"", ""loadbalanced"": ""false"", ""resource_instance_id"": ""502815831568494144"", ""resource_project_id"": ""proyecto-2-cloud-509714"", ""resource_type"": ""gce_instance"", ""resource_zone"": ""us-central1-a"", ""vm"": ""mooc-loadgen""}",91
2026-09-27T06:03:00Z,"{""instance_name"": ""mooc-loadgen"", ""loadbalanced"": ""false"", ""resource_instance_id"": ""502815831568494144"", ""resource_project_id"": ""proyecto-2-cloud-509714"", ""resource_type"": ""gce_instance"", ""resource_zone"": ""us-central1-a"", ""vm"": ""mooc-loadgen""}",1173
2026-09-27T06:02:00Z,"{""instance_name"": ""mooc-loadgen"", ""loadbalanced"": ""false"", ""resource_instance_id"": ""502815831568494144"", ""resource_project_id"": ""proyecto-2-cloud-509714"", ""resource_type"": ""gce_instance"", ""resource_zone"": ""us-central1-a"", ""vm"": ""mooc-loadgen""}",419
2026-09-27T06:01:00Z,"{""instance_name"": ""mooc-loadgen"", ""loadbalanced"": ""false"", ""resource_instance_id"": ""502815831568494144"", ""resource_project_id"": ""proyecto-2-cloud-509714"", ""resource_type"": ""gce_instance"", ""resource_zone"": ""us-central1-a"", ""vm"": ""mooc-loadgen""}",91
2026-09-27T06:00:00Z,"{""instance_name"": ""mooc-loadgen"", ""loadbalanced"": ""false"", ""resource_instance_id"": ""502815831568494144"", ""resource_project_id"": ""proyecto-2-cloud-509714"", ""resource_type"": ""gce_instance"", ""resource_zone"": ""us-central1-a"", ""vm"": ""mooc-loadgen""}",91
2026-09-27T05:59:00Z,"{""instance_name"": ""mooc-loadgen"", ""loadbalanced"": ""false"", ""resource_instance_id"": ""502815831568494144"", ""resource_project_id"": ""proyecto-2-cloud-509714"", ""resource_type"": ""gce_instance"", ""resource_zone"": ""us-central1-a"", ""vm"": ""mooc-loadgen""}",91
2026-09-27T05:58:00Z,"{""instance_name"": ""mooc-loadgen"", ""loadbalanced"": ""false"", ""resource_instance_id"": ""502815831568494144"", ""resource_project_id"": ""proyecto-2-cloud-509714"", ""resource_type"": ""gce_instance"", ""resource_zone"": ""us-central1-a"", ""vm"": ""mooc-loadgen""}",91
2026-09-27T05:57:00Z,"{""instance_name"": ""mooc-loadgen"", ""loadbalanced"": ""false"", ""resource_instance_id"": ""502815831568494144"", ""resource_project_id"": ""proyecto-2-cloud-509714"", ""resource_type"": ""gce_instance"", ""resource_zone"": ""us-central1-a"", ""vm"": ""mooc-loadgen""}",91
2026-09-27T05:56:00Z,"{""instance_name"": ""mooc-loadgen"", ""loadbalanced"": ""false"", ""resource_instance_id"": ""502815831568494144"", ""resource_project_id"": ""proyecto-2-cloud-509714"", ""resource_type"": ""gce_instance"", ""resource_zone"": ""us-central1-a"", ""vm"": ""mooc-loadgen""}",91
2026-09-27T05:55:00Z,"{""instance_name"": ""mooc-loadgen"", ""loadbalanced"": ""false"", ""resource_instance_id"": ""502815831568494144"", ""resource_project_id"": ""proyecto-2-cloud-509714"", ""resource_type"": ""gce_instance"", ""resource_zone"": ""us-central1-a"", ""vm"": ""mooc-loadgen""}",6979
2026-09-27T05:54:00Z,"{""instance_name"": ""mooc-loadgen"", ""loadbalanced"": ""false"", ""resource_instance_id"": ""502815831568494144"", ""resource_project_id"": ""proyecto-2-cloud-509714"", ""resource_type"": ""gce_instance"", ""resource_zone"": ""us-central1-a"", ""vm"": ""mooc-loadgen""}",2182
2026-09-27T05:53:00Z,"{""instance_name"": ""mooc-loadgen"", ""loadbalanced"": ""false"", ""resource_instance_id"": ""502815831568494144"", ""resource_project_id"": ""proyecto-2-cloud-509714"", ""resource_type"": ""gce_instance"", ""resource_zone"": ""us-central1-a"", ""vm"": ""mooc-loadgen""}",1093
2026-09-27T05:52:00Z,"{""instance_name"": ""mooc-loadgen"", ""loadbalanced"": ""false"", ""resource_instance_id"": ""502815831568494144"", ""resource_project_id"": ""proyecto-2-cloud-509714"", ""resource_type"": ""gce_instance"", ""resource_zone"": ""us-central1-a"", ""vm"": ""mooc-loadgen""}",395
2026-09-27T05:51:00Z,"{""instance_name"": ""mooc-loadgen"", ""loadbalanced"": ""false"", ""resource_instance_id"": ""502815831568494144"", ""resource_project_id"": ""proyecto-2-cloud-509714"", ""resource_type"": ""gce_instance"", ""resource_zone"": ""us-central1-a"", ""vm"": ""mooc-loadgen""}",91
2026-09-27T05:50:00Z,"{""instance_name"": ""mooc-loadgen"", ""loadbalanced"": ""false"", ""resource_instance_id"": ""502815831568494144"", ""resource_project_id"": ""proyecto-2-cloud-509714"", ""resource_type"": ""gce_instance"", ""resource_zone"": ""us-central1-a"", ""vm"": ""mooc-loadgen""}",91
2026-09-27T05:49:00Z,"{""instance_name"": ""mooc-loadgen"", ""loadbalanced"": ""false"", ""resource_instance_id"": ""502815831568494144"", ""resource_project_id"": ""proyecto-2-cloud-509714"", ""resource_type"": ""gce_instance"", ""resource_zone"": ""us-central1-a"", ""vm"": ""mooc-loadgen""}",91
2026-09-27T05:48:00Z,"{""instance_name"": ""mooc-loadgen"", ""loadbalanced"": ""false"", ""resource_instance_id"": ""502815831568494144"", ""resource_project_id"": ""proyecto-2-cloud-509714"", ""resource_type"": ""gce_instance"", ""resource_zone"": ""us-central1-a"", ""vm"": ""mooc-loadgen""}",91
2026-09-27T05:47:00Z,"{""instance_name"": ""mooc-loadgen"", ""loadbalanced"": ""false"", ""resource_instance_id"": ""502815831568494144"", ""resource_project_id"": ""proyecto-2-cloud-509714"", ""resource_type"": ""gce_instance"", ""resource_zone"": ""us-central1-a"", ""vm"": ""mooc-loadgen""}",91
2026-09-27T05:46:00Z,"{""instance_name"": ""mooc-loadgen"", ""loadbalanced"": ""false"", ""resource_instance_id"": ""502815831568494144"", ""resource_project_id"": ""proyecto-2-cloud-509714"", ""resource_type"": ""gce_instance"", ""resource_zone"": ""us-central1-a"", ""vm"": ""mooc-loadgen""}",91
2026-09-27T05:45:00Z,"{""instance_name"": ""mooc-loadgen"", ""loadbalanced"": ""false"", ""resource_instance_id"": ""502815831568494144"", ""resource_project_id"": ""proyecto-2-cloud-509714"", ""resource_type"": ""gce_instance"", ""resource_zone"": ""us-central1-a"", ""vm"": ""mooc-loadgen""}",1093
2026-09-27T05:44:00Z,"{""instance_name"": ""mooc-loadgen"", ""loadbalanced"": ""false"", ""resource_instance_id"": ""502815831568494144"", ""resource_project_id"": ""proyecto-2-cloud-509714"", ""resource_type"": ""gce_instance"", ""resource_zone"": ""us-central1-a"", ""vm"": ""mooc-loadgen""}",395
2026-09-27T05:43:00Z,"{""instance_name"": ""mooc-loadgen"", ""loadbalanced"": ""false"", ""resource_instance_id"": ""502815831568494144"", ""resource_project_id"": ""proyecto-2-cloud-509714"", ""resource_type"": ""gce_instance"", ""resource_zone"": ""us-central1-a"", ""vm"": ""mooc-loadgen""}",91
2026-09-27T05:42:00Z,"{""instance_name"": ""mooc-loadgen"", ""loadbalanced"": ""false"", ""resource_instance_id"": ""502815831568494144"", ""resource_project_id"": ""proyecto-2-cloud-509714"", ""resource_type"": ""gce_instance"", ""resource_zone"": ""us-central1-a"", ""vm"": ""mooc-loadgen""}",91
2026-09-27T05:41:00Z,"{""instance_name"": ""mooc-loadgen"", ""loadbalanced"": ""false"", ""resource_instance_id"": ""502815831568494144"", ""resource_project_id"": ""proyecto-2-cloud-509714"", ""resource_type"": ""gce_instance"", ""resource_zone"": ""us-central1-a"", ""vm"": ""mooc-loadgen""}",91
2026-09-27T05:40:00Z,"{""instance_name"": ""mooc-loadgen"", ""loadbalanced"": ""false"", ""resource_instance_id"": ""502815831568494144"", ""resource_project_id"": ""proyecto-2-cloud-509714"", ""resource_type"": ""gce_instance"", ""resource_zone"": ""us-central1-a"", ""vm"": ""mooc-loadgen""}",91
2026-09-27T05:39:00Z,"{""instance_name"": ""mooc-loadgen"", ""loadbalanced"": ""false"", ""resource_instance_id"": ""502815831568494144"", ""resource_project_id"": ""proyecto-2-cloud-509714"", ""resource_type"": ""gce_instance"", ""resource_zone"": ""us-central1-a"", ""vm"": ""mooc-loadgen""}",91
2026-09-27T05:38:00Z,"{""instance_name"": ""mooc-loadgen"", ""loadbalanced"": ""false"", ""resource_instance_id"": ""502815831568494144"", ""resource_project_id"": ""proyecto-2-cloud-509714"", ""resource_type"": ""gce_instance"", ""resource_zone"": ""us-central1-a"", ""vm"": ""mooc-loadgen""}",91
2026-09-27T05:37:00Z,"{""instance_name"": ""mooc-loadgen"", ""loadbalanced"": ""false"", ""resource_instance_id"": ""502815831568494144"", ""resource_project_id"": ""proyecto-2-cloud-509714"", ""resource_type"": ""gce_instance"", ""resource_zone"": ""us-central1-a"", ""vm"": ""mooc-loadgen""}",1133
2026-09-27T05:36:00Z,"{""instance_name"": ""mooc-loadgen"", ""loadbalanced"": ""false"", ""resource_instance_id"": ""502815831568494144"", ""resource_project_id"": ""proyecto-2-cloud-509714"", ""resource_type"": ""gce_instance"", ""resource_zone"": ""us-central1-a"", ""vm"": ""mooc-loadgen""}",407
2026-09-27T05:35:00Z,"{""instance_name"": ""mooc-loadgen"", ""loadbalanced"": ""false"", ""resource_instance_id"": ""502815831568494144"", ""resource_project_id"": ""proyecto-2-cloud-509714"", ""resource_type"": ""gce_instance"", ""resource_zone"": ""us-central1-a"", ""vm"": ""mooc-loadgen""}",91
2026-09-27T05:34:00Z,"{""instance_name"": ""mooc-loadgen"", ""loadbalanced"": ""false"", ""resource_instance_id"": ""502815831568494144"", ""resource_project_id"": ""proyecto-2-cloud-509714"", ""resource_type"": ""gce_instance"", ""resource_zone"": ""us-central1-a"", ""vm"": ""mooc-loadgen""}",91
2026-09-27T05:33:00Z,"{""instance_name"": ""mooc-loadgen"", ""loadbalanced"": ""false"", ""resource_instance_id"": ""502815831568494144"", ""resource_project_id"": ""proyecto-2-cloud-509714"", ""resource_type"": ""gce_instance"", ""resource_zone"": ""us-central1-a"", ""vm"": ""mooc-loadgen""}",91
2026-09-27T05:32:00Z,"{""instance_name"": ""mooc-loadgen"", ""loadbalanced"": ""false"", ""resource_instance_id"": ""502815831568494144"", ""resource_project_id"": ""proyecto-2-cloud-509714"", ""resource_type"": ""gce_instance"", ""resource_zone"": ""us-central1-a"", ""vm"": ""mooc-loadgen""}",91
2026-09-27T05:31:00Z,"{""instance_name"": ""mooc-loadgen"", ""loadbalanced"": ""false"", ""resource_instance_id"": ""502815831568494144"", ""resource_project_id"": ""proyecto-2-cloud-509714"", ""resource_type"": ""gce_instance"", ""resource_zone"": ""us-central1-a"", ""vm"": ""mooc-loadgen""}",91
2026-09-27T05:30:00Z,"{""instance_name"": ""mooc-loadgen"", ""loadbalanced"": ""false"", ""resource_instance_id"": ""502815831568494144"", ""resource_project_id"": ""proyecto-2-cloud-509714"", ""resource_type"": ""gce_instance"", ""resource_zone"": ""us-central1-a"", ""vm"": ""mooc-loadgen""}",91
2026-09-27T05:29:00Z,"{""instance_name"": ""mooc-loadgen"", ""loadbalanced"": ""false"", ""resource_instance_id"": ""502815831568494144"", ""resource_project_id"": ""proyecto-2-cloud-509714"", ""resource_type"": ""gce_instance"", ""resource_zone"": ""us-central1-a"", ""vm"": ""mooc-loadgen""}",1093
2026-09-27T05:28:00Z,"{""instance_name"": ""mooc-loadgen"", ""loadbalanced"": ""false"", ""resource_instance_id"": ""502815831568494144"", ""resource_project_id"": ""proyecto-2-cloud-509714"", ""resource_type"": ""gce_instance"", ""resource_zone"": ""us-central1-a"", ""vm"": ""mooc-loadgen""}",395
2026-09-27T05:27:00Z,"{""instance_name"": ""mooc-loadgen"", ""loadbalanced"": ""false"", ""resource_instance_id"": ""502815831568494144"", ""resource_project_id"": ""proyecto-2-cloud-509714"", ""resource_type"": ""gce_instance"", ""resource_zone"": ""us-central1-a"", ""vm"": ""mooc-loadgen""}",91
2026-09-27T05:26:00Z,"{""instance_name"": ""mooc-loadgen"", ""loadbalanced"": ""false"", ""resource_instance_id"": ""502815831568494144"", ""resource_project_id"": ""proyecto-2-cloud-509714"", ""resource_type"": ""gce_instance"", ""resource_zone"": ""us-central1-a"", ""vm"": ""mooc-loadgen""}",91
2026-09-27T05:25:00Z,"{""instance_name"": ""mooc-loadgen"", ""loadbalanced"": ""false"", ""resource_instance_id"": ""502815831568494144"", ""resource_project_id"": ""proyecto-2-cloud-509714"", ""resource_type"": ""gce_instance"", ""resource_zone"": ""us-central1-a"", ""vm"": ""mooc-loadgen""}",91
2026-09-27T05:24:00Z,"{""instance_name"": ""mooc-loadgen"", ""loadbalanced"": ""false"", ""resource_instance_id"": ""502815831568494144"", ""resource_project_id"": ""proyecto-2-cloud-509714"", ""resource_type"": ""gce_instance"", ""resource_zone"": ""us-central1-a"", ""vm"": ""mooc-loadgen""}",91
2026-09-27T05:23:00Z,"{""instance_name"": ""mooc-loadgen"", ""loadbalanced"": ""false"", ""resource_instance_id"": ""502815831568494144"", ""resource_project_id"": ""proyecto-2-cloud-509714"", ""resource_type"": ""gce_instance"", ""resource_zone"": ""us-central1-a"", ""vm"": ""mooc-loadgen""}",91
2026-09-27T05:22:00Z,"{""instance_name"": ""mooc-loadgen"", ""loadbalanced"": ""false"", ""resource_instance_id"": ""502815831568494144"", ""resource_project_id"": ""proyecto-2-cloud-509714"", ""resource_type"": ""gce_instance"", ""resource_zone"": ""us-central1-a"", ""vm"": ""mooc-loadgen""}",91
2026-09-27T05:21:00Z,"{""instance_name"": ""mooc-loadgen"", ""loadbalanced"": ""false"", ""resource_instance_id"": ""502815831568494144"", ""resource_project_id"": ""proyecto-2-cloud-509714"", ""resource_type"": ""gce_instance"", ""resource_zone"": ""us-central1-a"", ""vm"": ""mooc-loadgen""}",2036
2026-09-27T05:20:00Z,"{""instance_name"": ""mooc-loadgen"", ""loadbalanced"": ""false"", ""resource_instance_id"": ""502815831568494144"", ""resource_project_id"": ""proyecto-2-cloud-509714"", ""resource_type"": ""gce_instance"", ""resource_zone"": ""us-central1-a"", ""vm"": ""mooc-loadgen""}",681
2026-09-27T05:19:00Z,"{""instance_name"": ""mooc-loadgen"", ""loadbalanced"": ""false"", ""resource_instance_id"": ""502815831568494144"", ""resource_project_id"": ""proyecto-2-cloud-509714"", ""resource_type"": ""gce_instance"", ""resource_zone"": ""us-central1-a"", ""vm"": ""mooc-loadgen""}",91
2026-09-27T05:18:00Z,"{""instance_name"": ""mooc-loadgen"", ""loadbalanced"": ""false"", ""resource_instance_id"": ""502815831568494144"", ""resource_project_id"": ""proyecto-2-cloud-509714"", ""resource_type"": ""gce_instance"", ""resource_zone"": ""us-central1-a"", ""vm"": ""mooc-loadgen""}",91
2026-09-27T05:17:00Z,"{""instance_name"": ""mooc-loadgen"", ""loadbalanced"": ""false"", ""resource_instance_id"": ""502815831568494144"", ""resource_project_id"": ""proyecto-2-cloud-509714"", ""resource_type"": ""gce_instance"", ""resource_zone"": ""us-central1-a"", ""vm"": ""mooc-loadgen""}",91
2026-09-27T05:16:00Z,"{""instance_name"": ""mooc-loadgen"", ""loadbalanced"": ""false"", ""resource_instance_id"": ""502815831568494144"", ""resource_project_id"": ""proyecto-2-cloud-509714"", ""resource_type"": ""gce_instance"", ""resource_zone"": ""us-central1-a"", ""vm"": ""mooc-loadgen""}",91
2026-09-27T05:15:00Z,"{""instance_name"": ""mooc-loadgen"", ""loadbalanced"": ""false"", ""resource_instance_id"": ""502815831568494144"", ""resource_project_id"": ""proyecto-2-cloud-509714"", ""resource_type"": ""gce_instance"", ""resource_zone"": ""us-central1-a"", ""vm"": ""mooc-loadgen""}",1133
2026-09-27T05:14:00Z,"{""instance_name"": ""mooc-loadgen"", ""loadbalanced"": ""false"", ""resource_instance_id"": ""502815831568494144"", ""resource_project_id"": ""proyecto-2-cloud-509714"", ""resource_type"": ""gce_instance"", ""resource_zone"": ""us-central1-a"", ""vm"": ""mooc-loadgen""}",407
2026-09-27T05:13:00Z,"{""instance_name"": ""mooc-loadgen"", ""loadbalanced"": ""false"", ""resource_instance_id"": ""502815831568494144"", ""resource_project_id"": ""proyecto-2-cloud-509714"", ""resource_type"": ""gce_instance"", ""resource_zone"": ""us-central1-a"", ""vm"": ""mooc-loadgen""}",91
2026-09-27T05:12:00Z,"{""instance_name"": ""mooc-loadgen"", ""loadbalanced"": ""false"", ""resource_instance_id"": ""502815831568494144"", ""resource_project_id"": ""proyecto-2-cloud-509714"", ""resource_type"": ""gce_instance"", ""resource_zone"": ""us-central1-a"", ""vm"": ""mooc-loadgen""}",91
2026-09-27T05:11:00Z,"{""instance_name"": ""mooc-loadgen"", ""loadbalanced"": ""false"", ""resource_instance_id"": ""502815831568494144"", ""resource_project_id"": ""proyecto-2-cloud-509714"", ""resource_type"": ""gce_instance"", ""resource_zone"": ""us-central1-a"", ""vm"": ""mooc-loadgen""}",91
2026-09-27T05:10:00Z,"{""instance_name"": ""mooc-loadgen"", ""loadbalanced"": ""false"", ""resource_instance_id"": ""502815831568494144"", ""resource_project_id"": ""proyecto-2-cloud-509714"", ""resource_type"": ""gce_instance"", ""resource_zone"": ""us-central1-a"", ""vm"": ""mooc-loadgen""}",91
2026-09-27T05:09:00Z,"{""instance_name"": ""mooc-loadgen"", ""loadbalanced"": ""false"", ""resource_instance_id"": ""502815831568494144"", ""resource_project_id"": ""proyecto-2-cloud-509714"", ""resource_type"": ""gce_instance"", ""resource_zone"": ""us-central1-a"", ""vm"": ""mooc-loadgen""}",91
2026-09-27T05:08:00Z,"{""instance_name"": ""mooc-loadgen"", ""loadbalanced"": ""false"", ""resource_instance_id"": ""502815831568494144"", ""resource_project_id"": ""proyecto-2-cloud-509714"", ""resource_type"": ""gce_instance"", ""resource_zone"": ""us-central1-a"", ""vm"": ""mooc-loadgen""}",91
2026-09-27T05:07:00Z,"{""instance_name"": ""mooc-loadgen"", ""loadbalanced"": ""false"", ""resource_instance_id"": ""502815831568494144"", ""resource_project_id"": ""proyecto-2-cloud-509714"", ""resource_type"": ""gce_instance"", ""resource_zone"": ""us-central1-a"", ""vm"": ""mooc-loadgen""}",1093
2026-09-27T05:06:00Z,"{""instance_name"": ""mooc-loadgen"", ""loadbalanced"": ""false"", ""resource_instance_id"": ""502815831568494144"", ""resource_project_id"": ""proyecto-2-cloud-509714"", ""resource_type"": ""gce_instance"", ""resource_zone"": ""us-central1-a"", ""vm"": ""mooc-loadgen""}",395
2026-09-27T05:05:00Z,"{""instance_name"": ""mooc-loadgen"", ""loadbalanced"": ""false"", ""resource_instance_id"": ""502815831568494144"", ""resource_project_id"": ""proyecto-2-cloud-509714"", ""resource_type"": ""gce_instance"", ""resource_zone"": ""us-central1-a"", ""vm"": ""mooc-loadgen""}",91
2026-09-27T05:04:00Z,"{""instance_name"": ""mooc-loadgen"", ""loadbalanced"": ""false"", ""resource_instance_id"": ""502815831568494144"", ""resource_project_id"": ""proyecto-2-cloud-509714"", ""resource_type"": ""gce_instance"", ""resource_zone"": ""us-central1-a"", ""vm"": ""mooc-loadgen""}",91
2026-09-27T05:03:00Z,"{""instance_name"": ""mooc-loadgen"", ""loadbalanced"": ""false"", ""resource_instance_id"": ""502815831568494144"", ""resource_project_id"": ""proyecto-2-cloud-509714"", ""resource_type"": ""gce_instance"", ""resource_zone"": ""us-central1-a"", ""vm"": ""mooc-loadgen""}",91
2026-09-27T05:02:00Z,"{""instance_name"": ""mooc-loadgen"", ""loadbalanced"": ""false"", ""resource_instance_id"": ""502815831568494144"", ""resource_project_id"": ""proyecto-2-cloud-509714"", ""resource_type"": ""gce_instance"", ""resource_zone"": ""us-central1-a"", ""vm"": ""mooc-loadgen""}",91
2026-09-27T05:01:00Z,"{""instance_name"": ""mooc-loadgen"", ""loadbalanced"": ""false"", ""resource_instance_id"": ""502815831568494144"", ""resource_project_id"": ""proyecto-2-cloud-509714"", ""resource_type"": ""gce_instance"", ""resource_zone"": ""us-central1-a"", ""vm"": ""mooc-loadgen""}",91
2026-09-27T05:00:00Z,"{""instance_name"": ""mooc-loadgen"", ""loadbalanced"": ""false"", ""resource_instance_id"": ""502815831568494144"", ""resource_project_id"": ""proyecto-2-cloud-509714"", ""resource_type"": ""gce_instance"", ""resource_zone"": ""us-central1-a"", ""vm"": ""mooc-loadgen""}",91
2026-09-27T04:59:00Z,"{""instance_name"": ""mooc-loadgen"", ""loadbalanced"": ""false"", ""resource_instance_id"": ""502815831568494144"", ""resource_project_id"": ""proyecto-2-cloud-509714"", ""resource_type"": ""gce_instance"", ""resource_zone"": ""us-central1-a"", ""vm"": ""mooc-loadgen""}",1093
2026-09-27T04:58:00Z,"{""instance_name"": ""mooc-loadgen"", ""loadbalanced"": ""false"", ""resource_instance_id"": ""502815831568494144"", ""resource_project_id"": ""proyecto-2-cloud-509714"", ""resource_type"": ""gce_instance"", ""resource_zone"": ""us-central1-a"", ""vm"": ""mooc-loadgen""}",395
2026-09-27T04:57:00Z,"{""instance_name"": ""mooc-loadgen"", ""loadbalanced"": ""false"", ""resource_instance_id"": ""502815831568494144"", ""resource_project_id"": ""proyecto-2-cloud-509714"", ""resource_type"": ""gce_instance"", ""resource_zone"": ""us-central1-a"", ""vm"": ""mooc-loadgen""}",91
2026-09-27T04:56:00Z,"{""instance_name"": ""mooc-loadgen"", ""loadbalanced"": ""false"", ""resource_instance_id"": ""502815831568494144"", ""resource_project_id"": ""proyecto-2-cloud-509714"", ""resource_type"": ""gce_instance"", ""resource_zone"": ""us-central1-a"", ""vm"": ""mooc-loadgen""}",91
2026-09-27T04:55:00Z,"{""instance_name"": ""mooc-loadgen"", ""loadbalanced"": ""false"", ""resource_instance_id"": ""502815831568494144"", ""resource_project_id"": ""proyecto-2-cloud-509714"", ""resource_type"": ""gce_instance"", ""resource_zone"": ""us-central1-a"", ""vm"": ""mooc-loadgen""}",91
2026-09-27T04:54:00Z,"{""instance_name"": ""mooc-loadgen"", ""loadbalanced"": ""false"", ""resource_instance_id"": ""502815831568494144"", ""resource_project_id"": ""proyecto-2-cloud-509714"", ""resource_type"": ""gce_instance"", ""resource_zone"": ""us-central1-a"", ""vm"": ""mooc-loadgen""}",91
2026-09-27T04:53:00Z,"{""instance_name"": ""mooc-loadgen"", ""loadbalanced"": ""false"", ""resource_instance_id"": ""502815831568494144"", ""resource_project_id"": ""proyecto-2-cloud-509714"", ""resource_type"": ""gce_instance"", ""resource_zone"": ""us-central1-a"", ""vm"": ""mooc-loadgen""}",91
2026-09-27T04:52:00Z,"{""instance_name"": ""mooc-loadgen"", ""loadbalanced"": ""false"", ""resource_instance_id"": ""502815831568494144"", ""resource_project_id"": ""proyecto-2-cloud-509714"", ""resource_type"": ""gce_instance"", ""resource_zone"": ""us-central1-a"", ""vm"": ""mooc-loadgen""}",91
2026-09-27T04:51:00Z,"{""instance_name"": ""mooc-loadgen"", ""loadbalanced"": ""false"", ""resource_instance_id"": ""502815831568494144"", ""resource_project_id"": ""proyecto-2-cloud-509714"", ""resource_type"": ""gce_instance"", ""resource_zone"": ""us-central1-a"", ""vm"": ""mooc-loadgen""}",1023
2026-09-27T04:50:00Z,"{""instance_name"": ""mooc-loadgen"", ""loadbalanced"": ""false"", ""resource_instance_id"": ""502815831568494144"", ""resource_project_id"": ""proyecto-2-cloud-509714"", ""resource_type"": ""gce_instance"", ""resource_zone"": ""us-central1-a"", ""vm"": ""mooc-loadgen""}",5799
2026-09-27T04:49:00Z,"{""instance_name"": ""mooc-loadgen"", ""loadbalanced"": ""false"", ""resource_instance_id"": ""502815831568494144"", ""resource_project_id"": ""proyecto-2-cloud-509714"", ""resource_type"": ""gce_instance"", ""resource_zone"": ""us-central1-a"", ""vm"": ""mooc-loadgen""}",1737
2026-09-27T04:48:00Z,"{""instance_name"": ""mooc-loadgen"", ""loadbalanced"": ""false"", ""resource_instance_id"": ""502815831568494144"", ""resource_project_id"": ""proyecto-2-cloud-509714"", ""resource_type"": ""gce_instance"", ""resource_zone"": ""us-central1-a"", ""vm"": ""mooc-loadgen""}",91
2026-09-27T04:47:00Z,"{""instance_name"": ""mooc-loadgen"", ""loadbalanced"": ""false"", ""resource_instance_id"": ""502815831568494144"", ""resource_project_id"": ""proyecto-2-cloud-509714"", ""resource_type"": ""gce_instance"", ""resource_zone"": ""us-central1-a"", ""vm"": ""mooc-loadgen""}",91
2026-09-27T04:46:00Z,"{""instance_name"": ""mooc-loadgen"", ""loadbalanced"": ""false"", ""resource_instance_id"": ""502815831568494144"", ""resource_project_id"": ""proyecto-2-cloud-509714"", ""resource_type"": ""gce_instance"", ""resource_zone"": ""us-central1-a"", ""vm"": ""mooc-loadgen""}",91
2026-09-27T04:45:00Z,"{""instance_name"": ""mooc-loadgen"", ""loadbalanced"": ""false"", ""resource_instance_id"": ""502815831568494144"", ""resource_project_id"": ""proyecto-2-cloud-509714"", ""resource_type"": ""gce_instance"", ""resource_zone"": ""us-central1-a"", ""vm"": ""mooc-loadgen""}",131
2026-09-27T04:44:00Z,"{""instance_name"": ""mooc-loadgen"", ""loadbalanced"": ""false"", ""resource_instance_id"": ""502815831568494144"", ""resource_project_id"": ""proyecto-2-cloud-509714"", ""resource_type"": ""gce_instance"", ""resource_zone"": ""us-central1-a"", ""vm"": ""mooc-loadgen""}",262
2026-09-27T04:43:00Z,"{""instance_name"": ""mooc-loadgen"", ""loadbalanced"": ""false"", ""resource_instance_id"": ""502815831568494144"", ""resource_project_id"": ""proyecto-2-cloud-509714"", ""resource_type"": ""gce_instance"", ""resource_zone"": ""us-central1-a"", ""vm"": ""mooc-loadgen""}",1381
2026-09-27T04:42:00Z,"{""instance_name"": ""mooc-loadgen"", ""loadbalanced"": ""false"", ""resource_instance_id"": ""502815831568494144"", ""resource_project_id"": ""proyecto-2-cloud-509714"", ""resource_type"": ""gce_instance"", ""resource_zone"": ""us-central1-a"", ""vm"": ""mooc-loadgen""}",627
2026-09-27T04:41:00Z,"{""instance_name"": ""mooc-loadgen"", ""loadbalanced"": ""false"", ""resource_instance_id"": ""502815831568494144"", ""resource_project_id"": ""proyecto-2-cloud-509714"", ""resource_type"": ""gce_instance"", ""resource_zone"": ""us-central1-a"", ""vm"": ""mooc-loadgen""}",299
2026-09-27T04:40:00Z,"{""instance_name"": ""mooc-loadgen"", ""loadbalanced"": ""false"", ""resource_instance_id"": ""502815831568494144"", ""resource_project_id"": ""proyecto-2-cloud-509714"", ""resource_type"": ""gce_instance"", ""resource_zone"": ""us-central1-a"", ""vm"": ""mooc-loadgen""}",299
2026-09-27T04:39:00Z,"{""instance_name"": ""mooc-loadgen"", ""loadbalanced"": ""false"", ""resource_instance_id"": ""502815831568494144"", ""resource_project_id"": ""proyecto-2-cloud-509714"", ""resource_type"": ""gce_instance"", ""resource_zone"": ""us-central1-a"", ""vm"": ""mooc-loadgen""}",299
2026-09-27T04:38:00Z,"{""instance_name"": ""mooc-loadgen"", ""loadbalanced"": ""false"", ""resource_instance_id"": ""502815831568494144"", ""resource_project_id"": ""proyecto-2-cloud-509714"", ""resource_type"": ""gce_instance"", ""resource_zone"": ""us-central1-a"", ""vm"": ""mooc-loadgen""}",299
2026-09-27T04:37:00Z,"{""instance_name"": ""mooc-loadgen"", ""loadbalanced"": ""false"", ""resource_instance_id"": ""502815831568494144"", ""resource_project_id"": ""proyecto-2-cloud-509714"", ""resource_type"": ""gce_instance"", ""resource_zone"": ""us-central1-a"", ""vm"": ""mooc-loadgen""}",299
2026-09-27T04:36:00Z,"{""instance_name"": ""mooc-loadgen"", ""loadbalanced"": ""false"", ""resource_instance_id"": ""502815831568494144"", ""resource_project_id"": ""proyecto-2-cloud-509714"", ""resource_type"": ""gce_instance"", ""resource_zone"": ""us-central1-a"", ""vm"": ""mooc-loadgen""}",299
2026-09-27T04:35:00Z,"{""instance_name"": ""mooc-loadgen"", ""loadbalanced"": ""false"", ""resource_instance_id"": ""502815831568494144"", ""resource_project_id"": ""proyecto-2-cloud-509714"", ""resource_type"": ""gce_instance"", ""resource_zone"": ""us-central1-a"", ""vm"": ""mooc-loadgen""}",5304
2026-09-27T04:34:00Z,"{""instance_name"": ""mooc-loadgen"", ""loadbalanced"": ""false"", ""resource_instance_id"": ""502815831568494144"", ""resource_project_id"": ""proyecto-2-cloud-509714"", ""resource_type"": ""gce_instance"", ""resource_zone"": ""us-central1-a"", ""vm"": ""mooc-loadgen""}",1659
2026-09-27T04:33:00Z,"{""instance_name"": ""mooc-loadgen"", ""loadbalanced"": ""false"", ""resource_instance_id"": ""502815831568494144"", ""resource_project_id"": ""proyecto-2-cloud-509714"", ""resource_type"": ""gce_instance"", ""resource_zone"": ""us-central1-a"", ""vm"": ""mooc-loadgen""}",91
2026-09-27T04:32:00Z,"{""instance_name"": ""mooc-loadgen"", ""loadbalanced"": ""false"", ""resource_instance_id"": ""502815831568494144"", ""resource_project_id"": ""proyecto-2-cloud-509714"", ""resource_type"": ""gce_instance"", ""resource_zone"": ""us-central1-a"", ""vm"": ""mooc-loadgen""}",91
2026-09-27T04:31:00Z,"{""instance_name"": ""mooc-loadgen"", ""loadbalanced"": ""false"", ""resource_instance_id"": ""502815831568494144"", ""resource_project_id"": ""proyecto-2-cloud-509714"", ""resource_type"": ""gce_instance"", ""resource_zone"": ""us-central1-a"", ""vm"": ""mooc-loadgen""}",91
2026-09-27T04:30:00Z,"{""instance_name"": ""mooc-loadgen"", ""loadbalanced"": ""false"", ""resource_instance_id"": ""502815831568494144"", ""resource_project_id"": ""proyecto-2-cloud-509714"", ""resource_type"": ""gce_instance"", ""resource_zone"": ""us-central1-a"", ""vm"": ""mooc-loadgen""}",91
2026-09-27T04:29:00Z,"{""instance_name"": ""mooc-loadgen"", ""loadbalanced"": ""false"", ""resource_instance_id"": ""502815831568494144"", ""resource_project_id"": ""proyecto-2-cloud-509714"", ""resource_type"": ""gce_instance"", ""resource_zone"": ""us-central1-a"", ""vm"": ""mooc-loadgen""}",91
2026-09-27T04:28:00Z,"{""instance_name"": ""mooc-loadgen"", ""loadbalanced"": ""false"", ""resource_instance_id"": ""502815831568494144"", ""resource_project_id"": ""proyecto-2-cloud-509714"", ""resource_type"": ""gce_instance"", ""resource_zone"": ""us-central1-a"", ""vm"": ""mooc-loadgen""}",91
2026-09-27T04:27:00Z,"{""instance_name"": ""mooc-loadgen"", ""loadbalanced"": ""false"", ""resource_instance_id"": ""502815831568494144"", ""resource_project_id"": ""proyecto-2-cloud-509714"", ""resource_type"": ""gce_instance"", ""resource_zone"": ""us-central1-a"", ""vm"": ""mooc-loadgen""}",1093
2026-09-27T04:26:00Z,"{""instance_name"": ""mooc-loadgen"", ""loadbalanced"": ""false"", ""resource_instance_id"": ""502815831568494144"", ""resource_project_id"": ""proyecto-2-cloud-509714"", ""resource_type"": ""gce_instance"", ""resource_zone"": ""us-central1-a"", ""vm"": ""mooc-loadgen""}",395
2026-09-27T04:25:00Z,"{""instance_name"": ""mooc-loadgen"", ""loadbalanced"": ""false"", ""resource_instance_id"": ""502815831568494144"", ""resource_project_id"": ""proyecto-2-cloud-509714"", ""resource_type"": ""gce_instance"", ""resource_zone"": ""us-central1-a"", ""vm"": ""mooc-loadgen""}",91
2026-09-27T04:24:00Z,"{""instance_name"": ""mooc-loadgen"", ""loadbalanced"": ""false"", ""resource_instance_id"": ""502815831568494144"", ""resource_project_id"": ""proyecto-2-cloud-509714"", ""resource_type"": ""gce_instance"", ""resource_zone"": ""us-central1-a"", ""vm"": ""mooc-loadgen""}",91
2026-09-27T04:23:00Z,"{""instance_name"": ""mooc-loadgen"", ""loadbalanced"": ""false"", ""resource_instance_id"": ""502815831568494144"", ""resource_project_id"": ""proyecto-2-cloud-509714"", ""resource_type"": ""gce_instance"", ""resource_zone"": ""us-central1-a"", ""vm"": ""mooc-loadgen""}",91
2026-09-27T04:22:00Z,"{""instance_name"": ""mooc-loadgen"", ""loadbalanced"": ""false"", ""resource_instance_id"": ""502815831568494144"", ""resource_project_id"": ""proyecto-2-cloud-509714"", ""resource_type"": ""gce_instance"", ""resource_zone"": ""us-central1-a"", ""vm"": ""mooc-loadgen""}",91
2026-09-27T04:21:00Z,"{""instance_name"": ""mooc-loadgen"", ""loadbalanced"": ""false"", ""resource_instance_id"": ""502815831568494144"", ""resource_project_id"": ""proyecto-2-cloud-509714"", ""resource_type"": ""gce_instance"", ""resource_zone"": ""us-central1-a"", ""vm"": ""mooc-loadgen""}",91
2026-09-27T04:20:00Z,"{""instance_name"": ""mooc-loadgen"", ""loadbalanced"": ""false"", ""resource_instance_id"": ""502815831568494144"", ""resource_project_id"": ""proyecto-2-cloud-509714"", ""resource_type"": ""gce_instance"", ""resource_zone"": ""us-central1-a"", ""vm"": ""mooc-loadgen""}",250
2026-09-27T04:19:00Z,"{""instance_name"": ""mooc-loadgen"", ""loadbalanced"": ""false"", ""resource_instance_id"": ""502815831568494144"", ""resource_project_id"": ""proyecto-2-cloud-509714"", ""resource_type"": ""gce_instance"", ""resource_zone"": ""us-central1-a"", ""vm"": ""mooc-loadgen""}",2207
2026-09-27T04:18:00Z,"{""instance_name"": ""mooc-loadgen"", ""loadbalanced"": ""false"", ""resource_instance_id"": ""502815831568494144"", ""resource_project_id"": ""proyecto-2-cloud-509714"", ""resource_type"": ""gce_instance"", ""resource_zone"": ""us-central1-a"", ""vm"": ""mooc-loadgen""}",878
2026-09-27T04:17:00Z,"{""instance_name"": ""mooc-loadgen"", ""loadbalanced"": ""false"", ""resource_instance_id"": ""502815831568494144"", ""resource_project_id"": ""proyecto-2-cloud-509714"", ""resource_type"": ""gce_instance"", ""resource_zone"": ""us-central1-a"", ""vm"": ""mooc-loadgen""}",419
2026-09-27T04:16:00Z,"{""instance_name"": ""mooc-loadgen"", ""loadbalanced"": ""false"", ""resource_instance_id"": ""502815831568494144"", ""resource_project_id"": ""proyecto-2-cloud-509714"", ""resource_type"": ""gce_instance"", ""resource_zone"": ""us-central1-a"", ""vm"": ""mooc-loadgen""}",1537
2026-09-27T04:15:00Z,"{""instance_name"": ""mooc-loadgen"", ""loadbalanced"": ""false"", ""resource_instance_id"": ""502815831568494144"", ""resource_project_id"": ""proyecto-2-cloud-509714"", ""resource_type"": ""gce_instance"", ""resource_zone"": ""us-central1-a"", ""vm"": ""mooc-loadgen""}",983
2026-09-27T04:14:00Z,"{""instance_name"": ""mooc-loadgen"", ""loadbalanced"": ""false"", ""resource_instance_id"": ""502815831568494144"", ""resource_project_id"": ""proyecto-2-cloud-509714"", ""resource_type"": ""gce_instance"", ""resource_zone"": ""us-central1-a"", ""vm"": ""mooc-loadgen""}",715
2026-09-27T04:13:00Z,"{""instance_name"": ""mooc-loadgen"", ""loadbalanced"": ""false"", ""resource_instance_id"": ""502815831568494144"", ""resource_project_id"": ""proyecto-2-cloud-509714"", ""resource_type"": ""gce_instance"", ""resource_zone"": ""us-central1-a"", ""vm"": ""mooc-loadgen""}",715
2026-09-27T04:12:00Z,"{""instance_name"": ""mooc-loadgen"", ""loadbalanced"": ""false"", ""resource_instance_id"": ""502815831568494144"", ""resource_project_id"": ""proyecto-2-cloud-509714"", ""resource_type"": ""gce_instance"", ""resource_zone"": ""us-central1-a"", ""vm"": ""mooc-loadgen""}",715
2026-09-27T04:11:00Z,"{""instance_name"": ""mooc-loadgen"", ""loadbalanced"": ""false"", ""resource_instance_id"": ""502815831568494144"", ""resource_project_id"": ""proyecto-2-cloud-509714"", ""resource_type"": ""gce_instance"", ""resource_zone"": ""us-central1-a"", ""vm"": ""mooc-loadgen""}",781
2026-09-27T04:10:00Z,"{""instance_name"": ""mooc-loadgen"", ""loadbalanced"": ""false"", ""resource_instance_id"": ""502815831568494144"", ""resource_project_id"": ""proyecto-2-cloud-509714"", ""resource_type"": ""gce_instance"", ""resource_zone"": ""us-central1-a"", ""vm"": ""mooc-loadgen""}",4747
2026-09-27T04:09:00Z,"{""instance_name"": ""mooc-loadgen"", ""loadbalanced"": ""false"", ""resource_instance_id"": ""502815831568494144"", ""resource_project_id"": ""proyecto-2-cloud-509714"", ""resource_type"": ""gce_instance"", ""resource_zone"": ""us-central1-a"", ""vm"": ""mooc-loadgen""}",1773
2026-09-27T04:08:00Z,"{""instance_name"": ""mooc-loadgen"", ""loadbalanced"": ""false"", ""resource_instance_id"": ""502815831568494144"", ""resource_project_id"": ""proyecto-2-cloud-509714"", ""resource_type"": ""gce_instance"", ""resource_zone"": ""us-central1-a"", ""vm"": ""mooc-loadgen""}",1549
2026-09-27T04:07:00Z,"{""instance_name"": ""mooc-loadgen"", ""loadbalanced"": ""false"", ""resource_instance_id"": ""502815831568494144"", ""resource_project_id"": ""proyecto-2-cloud-509714"", ""resource_type"": ""gce_instance"", ""resource_zone"": ""us-central1-a"", ""vm"": ""mooc-loadgen""}",5250
2026-09-27T04:06:00Z,"{""instance_name"": ""mooc-loadgen"", ""loadbalanced"": ""false"", ""resource_instance_id"": ""502815831568494144"", ""resource_project_id"": ""proyecto-2-cloud-509714"", ""resource_type"": ""gce_instance"", ""resource_zone"": ""us-central1-a"", ""vm"": ""mooc-loadgen""}",6724
2026-09-27T04:05:00Z,"{""instance_name"": ""mooc-loadgen"", ""loadbalanced"": ""false"", ""resource_instance_id"": ""502815831568494144"", ""resource_project_id"": ""proyecto-2-cloud-509714"", ""resource_type"": ""gce_instance"", ""resource_zone"": ""us-central1-a"", ""vm"": ""mooc-loadgen""}",7398
2026-09-27T04:04:00Z,"{""instance_name"": ""mooc-loadgen"", ""loadbalanced"": ""false"", ""resource_instance_id"": ""502815831568494144"", ""resource_project_id"": ""proyecto-2-cloud-509714"", ""resource_type"": ""gce_instance"", ""resource_zone"": ""us-central1-a"", ""vm"": ""mooc-loadgen""}",1831
2026-09-27T04:03:00Z,"{""instance_name"": ""mooc-loadgen"", ""loadbalanced"": ""false"", ""resource_instance_id"": ""502815831568494144"", ""resource_project_id"": ""proyecto-2-cloud-509714"", ""resource_type"": ""gce_instance"", ""resource_zone"": ""us-central1-a"", ""vm"": ""mooc-loadgen""}",91
2026-09-27T04:02:00Z,"{""instance_name"": ""mooc-loadgen"", ""loadbalanced"": ""false"", ""resource_instance_id"": ""502815831568494144"", ""resource_project_id"": ""proyecto-2-cloud-509714"", ""resource_type"": ""gce_instance"", ""resource_zone"": ""us-central1-a"", ""vm"": ""mooc-loadgen""}",91
2026-09-27T04:01:00Z,"{""instance_name"": ""mooc-loadgen"", ""loadbalanced"": ""false"", ""resource_instance_id"": ""502815831568494144"", ""resource_project_id"": ""proyecto-2-cloud-509714"", ""resource_type"": ""gce_instance"", ""resource_zone"": ""us-central1-a"", ""vm"": ""mooc-loadgen""}",171
2026-09-27T04:00:00Z,"{""instance_name"": ""mooc-loadgen"", ""loadbalanced"": ""false"", ""resource_instance_id"": ""502815831568494144"", ""resource_project_id"": ""proyecto-2-cloud-509714"", ""resource_type"": ""gce_instance"", ""resource_zone"": ""us-central1-a"", ""vm"": ""mooc-loadgen""}",1715
2026-09-27T03:59:00Z,"{""instance_name"": ""mooc-loadgen"", ""loadbalanced"": ""false"", ""resource_instance_id"": ""502815831568494144"", ""resource_project_id"": ""proyecto-2-cloud-509714"", ""resource_type"": ""gce_instance"", ""resource_zone"": ""us-central1-a"", ""vm"": ""mooc-loadgen""}",1335
2026-09-27T03:58:00Z,"{""instance_name"": ""mooc-loadgen"", ""loadbalanced"": ""false"", ""resource_instance_id"": ""502815831568494144"", ""resource_project_id"": ""proyecto-2-cloud-509714"", ""resource_type"": ""gce_instance"", ""resource_zone"": ""us-central1-a"", ""vm"": ""mooc-loadgen""}",1198
2026-09-27T03:57:00Z,"{""instance_name"": ""mooc-loadgen"", ""loadbalanced"": ""false"", ""resource_instance_id"": ""502815831568494144"", ""resource_project_id"": ""proyecto-2-cloud-509714"", ""resource_type"": ""gce_instance"", ""resource_zone"": ""us-central1-a"", ""vm"": ""mooc-loadgen""}",1156
2026-09-27T03:56:00Z,"{""instance_name"": ""mooc-loadgen"", ""loadbalanced"": ""false"", ""resource_instance_id"": ""502815831568494144"", ""resource_project_id"": ""proyecto-2-cloud-509714"", ""resource_type"": ""gce_instance"", ""resource_zone"": ""us-central1-a"", ""vm"": ""mooc-loadgen""}",1290
2026-09-27T03:55:00Z,"{""instance_name"": ""mooc-loadgen"", ""loadbalanced"": ""false"", ""resource_instance_id"": ""502815831568494144"", ""resource_project_id"": ""proyecto-2-cloud-509714"", ""resource_type"": ""gce_instance"", ""resource_zone"": ""us-central1-a"", ""vm"": ""mooc-loadgen""}",1299
2026-09-27T03:54:00Z,"{""instance_name"": ""mooc-loadgen"", ""loadbalanced"": ""false"", ""resource_instance_id"": ""502815831568494144"", ""resource_project_id"": ""proyecto-2-cloud-509714"", ""resource_type"": ""gce_instance"", ""resource_zone"": ""us-central1-a"", ""vm"": ""mooc-loadgen""}",1407
2026-09-27T03:53:00Z,"{""instance_name"": ""mooc-loadgen"", ""loadbalanced"": ""false"", ""resource_instance_id"": ""502815831568494144"", ""resource_project_id"": ""proyecto-2-cloud-509714"", ""resource_type"": ""gce_instance"", ""resource_zone"": ""us-central1-a"", ""vm"": ""mooc-loadgen""}",1283
2026-09-27T03:52:00Z,"{""instance_name"": ""mooc-loadgen"", ""loadbalanced"": ""false"", ""resource_instance_id"": ""502815831568494144"", ""resource_project_id"": ""proyecto-2-cloud-509714"", ""resource_type"": ""gce_instance"", ""resource_zone"": ""us-central1-a"", ""vm"": ""mooc-loadgen""}",2317
2026-09-27T03:51:00Z,"{""instance_name"": ""mooc-loadgen"", ""loadbalanced"": ""false"", ""resource_instance_id"": ""502815831568494144"", ""resource_project_id"": ""proyecto-2-cloud-509714"", ""resource_type"": ""gce_instance"", ""resource_zone"": ""us-central1-a"", ""vm"": ""mooc-loadgen""}",5643
2026-09-27T03:50:00Z,"{""instance_name"": ""mooc-loadgen"", ""loadbalanced"": ""false"", ""resource_instance_id"": ""502815831568494144"", ""resource_project_id"": ""proyecto-2-cloud-509714"", ""resource_type"": ""gce_instance"", ""resource_zone"": ""us-central1-a"", ""vm"": ""mooc-loadgen""}",31682
2026-09-27T03:49:00Z,"{""instance_name"": ""mooc-loadgen"", ""loadbalanced"": ""false"", ""resource_instance_id"": ""502815831568494144"", ""resource_project_id"": ""proyecto-2-cloud-509714"", ""resource_type"": ""gce_instance"", ""resource_zone"": ""us-central1-a"", ""vm"": ""mooc-loadgen""}",9732
2026-09-27T03:48:00Z,"{""instance_name"": ""mooc-loadgen"", ""loadbalanced"": ""false"", ""resource_instance_id"": ""502815831568494144"", ""resource_project_id"": ""proyecto-2-cloud-509714"", ""resource_type"": ""gce_instance"", ""resource_zone"": ""us-central1-a"", ""vm"": ""mooc-loadgen""}",1012
2026-09-27T03:47:00Z,"{""instance_name"": ""mooc-loadgen"", ""loadbalanced"": ""false"", ""resource_instance_id"": ""502815831568494144"", ""resource_project_id"": ""proyecto-2-cloud-509714"", ""resource_type"": ""gce_instance"", ""resource_zone"": ""us-central1-a"", ""vm"": ""mooc-loadgen""}",4852
2026-09-27T03:46:00Z,"{""instance_name"": ""mooc-loadgen"", ""loadbalanced"": ""false"", ""resource_instance_id"": ""502815831568494144"", ""resource_project_id"": ""proyecto-2-cloud-509714"", ""resource_type"": ""gce_instance"", ""resource_zone"": ""us-central1-a"", ""vm"": ""mooc-loadgen""}",1465
2026-09-27T03:45:00Z,"{""instance_name"": ""mooc-loadgen"", ""loadbalanced"": ""false"", ""resource_instance_id"": ""502815831568494144"", ""resource_project_id"": ""proyecto-2-cloud-509714"", ""resource_type"": ""gce_instance"", ""resource_zone"": ""us-central1-a"", ""vm"": ""mooc-loadgen""}",23677204
2026-09-27T03:44:00Z,"{""instance_name"": ""mooc-loadgen"", ""loadbalanced"": ""false"", ""resource_instance_id"": ""502815831568494144"", ""resource_project_id"": ""proyecto-2-cloud-509714"", ""resource_type"": ""gce_instance"", ""resource_zone"": ""us-central1-a"", ""vm"": ""mooc-loadgen""}",150654937
2026-09-27T03:43:00Z,"{""instance_name"": ""mooc-loadgen"", ""loadbalanced"": ""false"", ""resource_instance_id"": ""502815831568494144"", ""resource_project_id"": ""proyecto-2-cloud-509714"", ""resource_type"": ""gce_instance"", ""resource_zone"": ""us-central1-a"", ""vm"": ""mooc-loadgen""}",41678843
2026-09-27T05:04:00Z,"{""instance_name"": ""mooc-worker"", ""loadbalanced"": ""false"", ""resource_instance_id"": ""8057035535632679842"", ""resource_project_id"": ""proyecto-2-cloud-509714"", ""resource_type"": ""gce_instance"", ""resource_zone"": ""us-central1-a"", ""vm"": ""8057035535632679842""}",24883139
2026-09-27T05:03:00Z,"{""instance_name"": ""mooc-worker"", ""loadbalanced"": ""false"", ""resource_instance_id"": ""8057035535632679842"", ""resource_project_id"": ""proyecto-2-cloud-509714"", ""resource_type"": ""gce_instance"", ""resource_zone"": ""us-central1-a"", ""vm"": ""8057035535632679842""}",238188191
2026-09-27T05:02:00Z,"{""instance_name"": ""mooc-worker"", ""loadbalanced"": ""false"", ""resource_instance_id"": ""8057035535632679842"", ""resource_project_id"": ""proyecto-2-cloud-509714"", ""resource_type"": ""gce_instance"", ""resource_zone"": ""us-central1-a"", ""vm"": ""8057035535632679842""}",145116768
2026-09-27T05:01:00Z,"{""instance_name"": ""mooc-worker"", ""loadbalanced"": ""false"", ""resource_instance_id"": ""8057035535632679842"", ""resource_project_id"": ""proyecto-2-cloud-509714"", ""resource_type"": ""gce_instance"", ""resource_zone"": ""us-central1-a"", ""vm"": ""8057035535632679842""}",196106327
2026-09-27T05:00:00Z,"{""instance_name"": ""mooc-worker"", ""loadbalanced"": ""false"", ""resource_instance_id"": ""8057035535632679842"", ""resource_project_id"": ""proyecto-2-cloud-509714"", ""resource_type"": ""gce_instance"", ""resource_zone"": ""us-central1-a"", ""vm"": ""8057035535632679842""}",7055853
2026-09-27T04:59:00Z,"{""instance_name"": ""mooc-worker"", ""loadbalanced"": ""false"", ""resource_instance_id"": ""8057035535632679842"", ""resource_project_id"": ""proyecto-2-cloud-509714"", ""resource_type"": ""gce_instance"", ""resource_zone"": ""us-central1-a"", ""vm"": ""8057035535632679842""}",31298813
2026-09-27T04:58:00Z,"{""instance_name"": ""mooc-worker"", ""loadbalanced"": ""false"", ""resource_instance_id"": ""8057035535632679842"", ""resource_project_id"": ""proyecto-2-cloud-509714"", ""resource_type"": ""gce_instance"", ""resource_zone"": ""us-central1-a"", ""vm"": ""8057035535632679842""}",25067
2026-09-27T04:57:00Z,"{""instance_name"": ""mooc-worker"", ""loadbalanced"": ""false"", ""resource_instance_id"": ""8057035535632679842"", ""resource_project_id"": ""proyecto-2-cloud-509714"", ""resource_type"": ""gce_instance"", ""resource_zone"": ""us-central1-a"", ""vm"": ""8057035535632679842""}",26472
2026-09-27T04:56:00Z,"{""instance_name"": ""mooc-worker"", ""loadbalanced"": ""false"", ""resource_instance_id"": ""8057035535632679842"", ""resource_project_id"": ""proyecto-2-cloud-509714"", ""resource_type"": ""gce_instance"", ""resource_zone"": ""us-central1-a"", ""vm"": ""8057035535632679842""}",801704
2026-09-27T04:55:00Z,"{""instance_name"": ""mooc-worker"", ""loadbalanced"": ""false"", ""resource_instance_id"": ""8057035535632679842"", ""resource_project_id"": ""proyecto-2-cloud-509714"", ""resource_type"": ""gce_instance"", ""resource_zone"": ""us-central1-a"", ""vm"": ""8057035535632679842""}",7156117
2026-09-27T04:54:00Z,"{""instance_name"": ""mooc-worker"", ""loadbalanced"": ""false"", ""resource_instance_id"": ""8057035535632679842"", ""resource_project_id"": ""proyecto-2-cloud-509714"", ""resource_type"": ""gce_instance"", ""resource_zone"": ""us-central1-a"", ""vm"": ""8057035535632679842""}",1880682
2026-09-27T04:53:00Z,"{""instance_name"": ""mooc-worker"", ""loadbalanced"": ""false"", ""resource_instance_id"": ""8057035535632679842"", ""resource_project_id"": ""proyecto-2-cloud-509714"", ""resource_type"": ""gce_instance"", ""resource_zone"": ""us-central1-a"", ""vm"": ""8057035535632679842""}",1700439
2026-09-27T04:52:00Z,"{""instance_name"": ""mooc-worker"", ""loadbalanced"": ""false"", ""resource_instance_id"": ""8057035535632679842"", ""resource_project_id"": ""proyecto-2-cloud-509714"", ""resource_type"": ""gce_instance"", ""resource_zone"": ""us-central1-a"", ""vm"": ""8057035535632679842""}",285986
2026-09-27T04:51:00Z,"{""instance_name"": ""mooc-worker"", ""loadbalanced"": ""false"", ""resource_instance_id"": ""8057035535632679842"", ""resource_project_id"": ""proyecto-2-cloud-509714"", ""resource_type"": ""gce_instance"", ""resource_zone"": ""us-central1-a"", ""vm"": ""8057035535632679842""}",1222797
2026-09-27T04:50:00Z,"{""instance_name"": ""mooc-worker"", ""loadbalanced"": ""false"", ""resource_instance_id"": ""8057035535632679842"", ""resource_project_id"": ""proyecto-2-cloud-509714"", ""resource_type"": ""gce_instance"", ""resource_zone"": ""us-central1-a"", ""vm"": ""8057035535632679842""}",9607813
2026-09-27T04:49:00Z,"{""instance_name"": ""mooc-worker"", ""loadbalanced"": ""false"", ""resource_instance_id"": ""8057035535632679842"", ""resource_project_id"": ""proyecto-2-cloud-509714"", ""resource_type"": ""gce_instance"", ""resource_zone"": ""us-central1-a"", ""vm"": ""8057035535632679842""}",151426
2026-09-27T04:48:00Z,"{""instance_name"": ""mooc-worker"", ""loadbalanced"": ""false"", ""resource_instance_id"": ""8057035535632679842"", ""resource_project_id"": ""proyecto-2-cloud-509714"", ""resource_type"": ""gce_instance"", ""resource_zone"": ""us-central1-a"", ""vm"": ""8057035535632679842""}",1231921
2026-09-27T04:47:00Z,"{""instance_name"": ""mooc-worker"", ""loadbalanced"": ""false"", ""resource_instance_id"": ""8057035535632679842"", ""resource_project_id"": ""proyecto-2-cloud-509714"", ""resource_type"": ""gce_instance"", ""resource_zone"": ""us-central1-a"", ""vm"": ""8057035535632679842""}",10267951
2026-09-27T04:46:00Z,"{""instance_name"": ""mooc-worker"", ""loadbalanced"": ""false"", ""resource_instance_id"": ""8057035535632679842"", ""resource_project_id"": ""proyecto-2-cloud-509714"", ""resource_type"": ""gce_instance"", ""resource_zone"": ""us-central1-a"", ""vm"": ""8057035535632679842""}",9031749
2026-09-27T04:45:00Z,"{""instance_name"": ""mooc-worker"", ""loadbalanced"": ""false"", ""resource_instance_id"": ""8057035535632679842"", ""resource_project_id"": ""proyecto-2-cloud-509714"", ""resource_type"": ""gce_instance"", ""resource_zone"": ""us-central1-a"", ""vm"": ""8057035535632679842""}",57484696
2026-09-27T04:44:00Z,"{""instance_name"": ""mooc-worker"", ""loadbalanced"": ""false"", ""resource_instance_id"": ""8057035535632679842"", ""resource_project_id"": ""proyecto-2-cloud-509714"", ""resource_type"": ""gce_instance"", ""resource_zone"": ""us-central1-a"", ""vm"": ""8057035535632679842""}",41249408
2026-09-27T04:43:00Z,"{""instance_name"": ""mooc-worker"", ""loadbalanced"": ""false"", ""resource_instance_id"": ""8057035535632679842"", ""resource_project_id"": ""proyecto-2-cloud-509714"", ""resource_type"": ""gce_instance"", ""resource_zone"": ""us-central1-a"", ""vm"": ""8057035535632679842""}",25024524
2026-09-27T04:42:00Z,"{""instance_name"": ""mooc-worker"", ""loadbalanced"": ""false"", ""resource_instance_id"": ""8057035535632679842"", ""resource_project_id"": ""proyecto-2-cloud-509714"", ""resource_type"": ""gce_instance"", ""resource_zone"": ""us-central1-a"", ""vm"": ""8057035535632679842""}",3078150
2026-09-27T04:41:00Z,"{""instance_name"": ""mooc-worker"", ""loadbalanced"": ""false"", ""resource_instance_id"": ""8057035535632679842"", ""resource_project_id"": ""proyecto-2-cloud-509714"", ""resource_type"": ""gce_instance"", ""resource_zone"": ""us-central1-a"", ""vm"": ""8057035535632679842""}",38023
2026-09-27T04:40:00Z,"{""instance_name"": ""mooc-worker"", ""loadbalanced"": ""false"", ""resource_instance_id"": ""8057035535632679842"", ""resource_project_id"": ""proyecto-2-cloud-509714"", ""resource_type"": ""gce_instance"", ""resource_zone"": ""us-central1-a"", ""vm"": ""8057035535632679842""}",368693
2026-09-27T04:39:00Z,"{""instance_name"": ""mooc-worker"", ""loadbalanced"": ""false"", ""resource_instance_id"": ""8057035535632679842"", ""resource_project_id"": ""proyecto-2-cloud-509714"", ""resource_type"": ""gce_instance"", ""resource_zone"": ""us-central1-a"", ""vm"": ""8057035535632679842""}",3115855
2026-09-27T04:38:00Z,"{""instance_name"": ""mooc-worker"", ""loadbalanced"": ""false"", ""resource_instance_id"": ""8057035535632679842"", ""resource_project_id"": ""proyecto-2-cloud-509714"", ""resource_type"": ""gce_instance"", ""resource_zone"": ""us-central1-a"", ""vm"": ""8057035535632679842""}",17923
2026-09-27T04:37:00Z,"{""instance_name"": ""mooc-worker"", ""loadbalanced"": ""false"", ""resource_instance_id"": ""8057035535632679842"", ""resource_project_id"": ""proyecto-2-cloud-509714"", ""resource_type"": ""gce_instance"", ""resource_zone"": ""us-central1-a"", ""vm"": ""8057035535632679842""}",85978
2026-09-27T04:36:00Z,"{""instance_name"": ""mooc-worker"", ""loadbalanced"": ""false"", ""resource_instance_id"": ""8057035535632679842"", ""resource_project_id"": ""proyecto-2-cloud-509714"", ""resource_type"": ""gce_instance"", ""resource_zone"": ""us-central1-a"", ""vm"": ""8057035535632679842""}",1377083
2026-09-27T04:35:00Z,"{""instance_name"": ""mooc-worker"", ""loadbalanced"": ""false"", ""resource_instance_id"": ""8057035535632679842"", ""resource_project_id"": ""proyecto-2-cloud-509714"", ""resource_type"": ""gce_instance"", ""resource_zone"": ""us-central1-a"", ""vm"": ""8057035535632679842""}",6903674
2026-09-27T04:34:00Z,"{""instance_name"": ""mooc-worker"", ""loadbalanced"": ""false"", ""resource_instance_id"": ""8057035535632679842"", ""resource_project_id"": ""proyecto-2-cloud-509714"", ""resource_type"": ""gce_instance"", ""resource_zone"": ""us-central1-a"", ""vm"": ""8057035535632679842""}",594597
2026-09-27T04:33:00Z,"{""instance_name"": ""mooc-worker"", ""loadbalanced"": ""false"", ""resource_instance_id"": ""8057035535632679842"", ""resource_project_id"": ""proyecto-2-cloud-509714"", ""resource_type"": ""gce_instance"", ""resource_zone"": ""us-central1-a"", ""vm"": ""8057035535632679842""}",5177090
2026-09-27T04:32:00Z,"{""instance_name"": ""mooc-worker"", ""loadbalanced"": ""false"", ""resource_instance_id"": ""8057035535632679842"", ""resource_project_id"": ""proyecto-2-cloud-509714"", ""resource_type"": ""gce_instance"", ""resource_zone"": ""us-central1-a"", ""vm"": ""8057035535632679842""}",1583924
2026-09-27T04:31:00Z,"{""instance_name"": ""mooc-worker"", ""loadbalanced"": ""false"", ""resource_instance_id"": ""8057035535632679842"", ""resource_project_id"": ""proyecto-2-cloud-509714"", ""resource_type"": ""gce_instance"", ""resource_zone"": ""us-central1-a"", ""vm"": ""8057035535632679842""}",70881
2026-09-27T04:30:00Z,"{""instance_name"": ""mooc-worker"", ""loadbalanced"": ""false"", ""resource_instance_id"": ""8057035535632679842"", ""resource_project_id"": ""proyecto-2-cloud-509714"", ""resource_type"": ""gce_instance"", ""resource_zone"": ""us-central1-a"", ""vm"": ""8057035535632679842""}",44583
2026-09-27T04:29:00Z,"{""instance_name"": ""mooc-worker"", ""loadbalanced"": ""false"", ""resource_instance_id"": ""8057035535632679842"", ""resource_project_id"": ""proyecto-2-cloud-509714"", ""resource_type"": ""gce_instance"", ""resource_zone"": ""us-central1-a"", ""vm"": ""8057035535632679842""}",19423663
2026-09-27T04:28:00Z,"{""instance_name"": ""mooc-worker"", ""loadbalanced"": ""false"", ""resource_instance_id"": ""8057035535632679842"", ""resource_project_id"": ""proyecto-2-cloud-509714"", ""resource_type"": ""gce_instance"", ""resource_zone"": ""us-central1-a"", ""vm"": ""8057035535632679842""}",174985943
2026-09-27T04:27:00Z,"{""instance_name"": ""mooc-worker"", ""loadbalanced"": ""false"", ""resource_instance_id"": ""8057035535632679842"", ""resource_project_id"": ""proyecto-2-cloud-509714"", ""resource_type"": ""gce_instance"", ""resource_zone"": ""us-central1-a"", ""vm"": ""8057035535632679842""}",135943
2026-09-27T04:26:00Z,"{""instance_name"": ""mooc-worker"", ""loadbalanced"": ""false"", ""resource_instance_id"": ""8057035535632679842"", ""resource_project_id"": ""proyecto-2-cloud-509714"", ""resource_type"": ""gce_instance"", ""resource_zone"": ""us-central1-a"", ""vm"": ""8057035535632679842""}",2105
2026-09-27T04:25:00Z,"{""instance_name"": ""mooc-worker"", ""loadbalanced"": ""false"", ""resource_instance_id"": ""8057035535632679842"", ""resource_project_id"": ""proyecto-2-cloud-509714"", ""resource_type"": ""gce_instance"", ""resource_zone"": ""us-central1-a"", ""vm"": ""8057035535632679842""}",3977
2026-09-27T04:24:00Z,"{""instance_name"": ""mooc-worker"", ""loadbalanced"": ""false"", ""resource_instance_id"": ""8057035535632679842"", ""resource_project_id"": ""proyecto-2-cloud-509714"", ""resource_type"": ""gce_instance"", ""resource_zone"": ""us-central1-a"", ""vm"": ""8057035535632679842""}",6267
2026-09-27T04:23:00Z,"{""instance_name"": ""mooc-worker"", ""loadbalanced"": ""false"", ""resource_instance_id"": ""8057035535632679842"", ""resource_project_id"": ""proyecto-2-cloud-509714"", ""resource_type"": ""gce_instance"", ""resource_zone"": ""us-central1-a"", ""vm"": ""8057035535632679842""}",4359
2026-09-27T04:22:00Z,"{""instance_name"": ""mooc-worker"", ""loadbalanced"": ""false"", ""resource_instance_id"": ""8057035535632679842"", ""resource_project_id"": ""proyecto-2-cloud-509714"", ""resource_type"": ""gce_instance"", ""resource_zone"": ""us-central1-a"", ""vm"": ""8057035535632679842""}",3816
2026-09-27T04:21:00Z,"{""instance_name"": ""mooc-worker"", ""loadbalanced"": ""false"", ""resource_instance_id"": ""8057035535632679842"", ""resource_project_id"": ""proyecto-2-cloud-509714"", ""resource_type"": ""gce_instance"", ""resource_zone"": ""us-central1-a"", ""vm"": ""8057035535632679842""}",18650723
2026-09-27T04:20:00Z,"{""instance_name"": ""mooc-worker"", ""loadbalanced"": ""false"", ""resource_instance_id"": ""8057035535632679842"", ""resource_project_id"": ""proyecto-2-cloud-509714"", ""resource_type"": ""gce_instance"", ""resource_zone"": ""us-central1-a"", ""vm"": ""8057035535632679842""}",168229587
2026-09-27T04:19:00Z,"{""instance_name"": ""mooc-worker"", ""loadbalanced"": ""false"", ""resource_instance_id"": ""8057035535632679842"", ""resource_project_id"": ""proyecto-2-cloud-509714"", ""resource_type"": ""gce_instance"", ""resource_zone"": ""us-central1-a"", ""vm"": ""8057035535632679842""}",3552
2026-09-27T04:18:00Z,"{""instance_name"": ""mooc-worker"", ""loadbalanced"": ""false"", ""resource_instance_id"": ""8057035535632679842"", ""resource_project_id"": ""proyecto-2-cloud-509714"", ""resource_type"": ""gce_instance"", ""resource_zone"": ""us-central1-a"", ""vm"": ""8057035535632679842""}",2521
2026-09-27T04:17:00Z,"{""instance_name"": ""mooc-worker"", ""loadbalanced"": ""false"", ""resource_instance_id"": ""8057035535632679842"", ""resource_project_id"": ""proyecto-2-cloud-509714"", ""resource_type"": ""gce_instance"", ""resource_zone"": ""us-central1-a"", ""vm"": ""8057035535632679842""}",2921
2026-09-27T04:16:00Z,"{""instance_name"": ""mooc-worker"", ""loadbalanced"": ""false"", ""resource_instance_id"": ""8057035535632679842"", ""resource_project_id"": ""proyecto-2-cloud-509714"", ""resource_type"": ""gce_instance"", ""resource_zone"": ""us-central1-a"", ""vm"": ""8057035535632679842""}",4126
2026-09-27T04:15:00Z,"{""instance_name"": ""mooc-worker"", ""loadbalanced"": ""false"", ""resource_instance_id"": ""8057035535632679842"", ""resource_project_id"": ""proyecto-2-cloud-509714"", ""resource_type"": ""gce_instance"", ""resource_zone"": ""us-central1-a"", ""vm"": ""8057035535632679842""}",5906
2026-09-27T04:14:00Z,"{""instance_name"": ""mooc-worker"", ""loadbalanced"": ""false"", ""resource_instance_id"": ""8057035535632679842"", ""resource_project_id"": ""proyecto-2-cloud-509714"", ""resource_type"": ""gce_instance"", ""resource_zone"": ""us-central1-a"", ""vm"": ""8057035535632679842""}",4329
2026-09-27T04:13:00Z,"{""instance_name"": ""mooc-worker"", ""loadbalanced"": ""false"", ""resource_instance_id"": ""8057035535632679842"", ""resource_project_id"": ""proyecto-2-cloud-509714"", ""resource_type"": ""gce_instance"", ""resource_zone"": ""us-central1-a"", ""vm"": ""8057035535632679842""}",1417386
2026-09-27T04:12:00Z,"{""instance_name"": ""mooc-worker"", ""loadbalanced"": ""false"", ""resource_instance_id"": ""8057035535632679842"", ""resource_project_id"": ""proyecto-2-cloud-509714"", ""resource_type"": ""gce_instance"", ""resource_zone"": ""us-central1-a"", ""vm"": ""8057035535632679842""}",31367118
2026-09-27T04:11:00Z,"{""instance_name"": ""mooc-worker"", ""loadbalanced"": ""false"", ""resource_instance_id"": ""8057035535632679842"", ""resource_project_id"": ""proyecto-2-cloud-509714"", ""resource_type"": ""gce_instance"", ""resource_zone"": ""us-central1-a"", ""vm"": ""8057035535632679842""}",167947668
2026-09-27T04:10:00Z,"{""instance_name"": ""mooc-worker"", ""loadbalanced"": ""false"", ""resource_instance_id"": ""8057035535632679842"", ""resource_project_id"": ""proyecto-2-cloud-509714"", ""resource_type"": ""gce_instance"", ""resource_zone"": ""us-central1-a"", ""vm"": ""8057035535632679842""}",4170
2026-09-27T04:09:00Z,"{""instance_name"": ""mooc-worker"", ""loadbalanced"": ""false"", ""resource_instance_id"": ""8057035535632679842"", ""resource_project_id"": ""proyecto-2-cloud-509714"", ""resource_type"": ""gce_instance"", ""resource_zone"": ""us-central1-a"", ""vm"": ""8057035535632679842""}",5754
2026-09-27T04:08:00Z,"{""instance_name"": ""mooc-worker"", ""loadbalanced"": ""false"", ""resource_instance_id"": ""8057035535632679842"", ""resource_project_id"": ""proyecto-2-cloud-509714"", ""resource_type"": ""gce_instance"", ""resource_zone"": ""us-central1-a"", ""vm"": ""8057035535632679842""}",12190
2026-09-27T04:07:00Z,"{""instance_name"": ""mooc-worker"", ""loadbalanced"": ""false"", ""resource_instance_id"": ""8057035535632679842"", ""resource_project_id"": ""proyecto-2-cloud-509714"", ""resource_type"": ""gce_instance"", ""resource_zone"": ""us-central1-a"", ""vm"": ""8057035535632679842""}",3977
2026-09-27T04:06:00Z,"{""instance_name"": ""mooc-worker"", ""loadbalanced"": ""false"", ""resource_instance_id"": ""8057035535632679842"", ""resource_project_id"": ""proyecto-2-cloud-509714"", ""resource_type"": ""gce_instance"", ""resource_zone"": ""us-central1-a"", ""vm"": ""8057035535632679842""}",3966
2026-09-27T04:05:00Z,"{""instance_name"": ""mooc-worker"", ""loadbalanced"": ""false"", ""resource_instance_id"": ""8057035535632679842"", ""resource_project_id"": ""proyecto-2-cloud-509714"", ""resource_type"": ""gce_instance"", ""resource_zone"": ""us-central1-a"", ""vm"": ""8057035535632679842""}",3898
2026-09-27T04:04:00Z,"{""instance_name"": ""mooc-worker"", ""loadbalanced"": ""false"", ""resource_instance_id"": ""8057035535632679842"", ""resource_project_id"": ""proyecto-2-cloud-509714"", ""resource_type"": ""gce_instance"", ""resource_zone"": ""us-central1-a"", ""vm"": ""8057035535632679842""}",3651
2026-09-27T04:03:00Z,"{""instance_name"": ""mooc-worker"", ""loadbalanced"": ""false"", ""resource_instance_id"": ""8057035535632679842"", ""resource_project_id"": ""proyecto-2-cloud-509714"", ""resource_type"": ""gce_instance"", ""resource_zone"": ""us-central1-a"", ""vm"": ""8057035535632679842""}",2720
2026-09-27T04:02:00Z,"{""instance_name"": ""mooc-worker"", ""loadbalanced"": ""false"", ""resource_instance_id"": ""8057035535632679842"", ""resource_project_id"": ""proyecto-2-cloud-509714"", ""resource_type"": ""gce_instance"", ""resource_zone"": ""us-central1-a"", ""vm"": ""8057035535632679842""}",3442
2026-09-27T04:01:00Z,"{""instance_name"": ""mooc-worker"", ""loadbalanced"": ""false"", ""resource_instance_id"": ""8057035535632679842"", ""resource_project_id"": ""proyecto-2-cloud-509714"", ""resource_type"": ""gce_instance"", ""resource_zone"": ""us-central1-a"", ""vm"": ""8057035535632679842""}",3136
2026-09-27T04:00:00Z,"{""instance_name"": ""mooc-worker"", ""loadbalanced"": ""false"", ""resource_instance_id"": ""8057035535632679842"", ""resource_project_id"": ""proyecto-2-cloud-509714"", ""resource_type"": ""gce_instance"", ""resource_zone"": ""us-central1-a"", ""vm"": ""8057035535632679842""}",3524
2026-09-27T03:59:00Z,"{""instance_name"": ""mooc-worker"", ""loadbalanced"": ""false"", ""resource_instance_id"": ""8057035535632679842"", ""resource_project_id"": ""proyecto-2-cloud-509714"", ""resource_type"": ""gce_instance"", ""resource_zone"": ""us-central1-a"", ""vm"": ""8057035535632679842""}",4292
2026-09-27T03:58:00Z,"{""instance_name"": ""mooc-worker"", ""loadbalanced"": ""false"", ""resource_instance_id"": ""8057035535632679842"", ""resource_project_id"": ""proyecto-2-cloud-509714"", ""resource_type"": ""gce_instance"", ""resource_zone"": ""us-central1-a"", ""vm"": ""8057035535632679842""}",3236
2026-09-27T03:57:00Z,"{""instance_name"": ""mooc-worker"", ""loadbalanced"": ""false"", ""resource_instance_id"": ""8057035535632679842"", ""resource_project_id"": ""proyecto-2-cloud-509714"", ""resource_type"": ""gce_instance"", ""resource_zone"": ""us-central1-a"", ""vm"": ""8057035535632679842""}",3214
2026-09-27T03:56:00Z,"{""instance_name"": ""mooc-worker"", ""loadbalanced"": ""false"", ""resource_instance_id"": ""8057035535632679842"", ""resource_project_id"": ""proyecto-2-cloud-509714"", ""resource_type"": ""gce_instance"", ""resource_zone"": ""us-central1-a"", ""vm"": ""8057035535632679842""}",3898
2026-09-27T03:55:00Z,"{""instance_name"": ""mooc-worker"", ""loadbalanced"": ""false"", ""resource_instance_id"": ""8057035535632679842"", ""resource_project_id"": ""proyecto-2-cloud-509714"", ""resource_type"": ""gce_instance"", ""resource_zone"": ""us-central1-a"", ""vm"": ""8057035535632679842""}",3736
2026-09-27T03:54:00Z,"{""instance_name"": ""mooc-worker"", ""loadbalanced"": ""false"", ""resource_instance_id"": ""8057035535632679842"", ""resource_project_id"": ""proyecto-2-cloud-509714"", ""resource_type"": ""gce_instance"", ""resource_zone"": ""us-central1-a"", ""vm"": ""8057035535632679842""}",12619
2026-09-27T03:53:00Z,"{""instance_name"": ""mooc-worker"", ""loadbalanced"": ""false"", ""resource_instance_id"": ""8057035535632679842"", ""resource_project_id"": ""proyecto-2-cloud-509714"", ""resource_type"": ""gce_instance"", ""resource_zone"": ""us-central1-a"", ""vm"": ""8057035535632679842""}",10947
2026-09-27T03:52:00Z,"{""instance_name"": ""mooc-worker"", ""loadbalanced"": ""false"", ""resource_instance_id"": ""8057035535632679842"", ""resource_project_id"": ""proyecto-2-cloud-509714"", ""resource_type"": ""gce_instance"", ""resource_zone"": ""us-central1-a"", ""vm"": ""8057035535632679842""}",15711
2026-09-27T03:51:00Z,"{""instance_name"": ""mooc-worker"", ""loadbalanced"": ""false"", ""resource_instance_id"": ""8057035535632679842"", ""resource_project_id"": ""proyecto-2-cloud-509714"", ""resource_type"": ""gce_instance"", ""resource_zone"": ""us-central1-a"", ""vm"": ""8057035535632679842""}",15521
2026-09-27T03:50:00Z,"{""instance_name"": ""mooc-worker"", ""loadbalanced"": ""false"", ""resource_instance_id"": ""8057035535632679842"", ""resource_project_id"": ""proyecto-2-cloud-509714"", ""resource_type"": ""gce_instance"", ""resource_zone"": ""us-central1-a"", ""vm"": ""8057035535632679842""}",14143
2026-09-27T03:49:00Z,"{""instance_name"": ""mooc-worker"", ""loadbalanced"": ""false"", ""resource_instance_id"": ""8057035535632679842"", ""resource_project_id"": ""proyecto-2-cloud-509714"", ""resource_type"": ""gce_instance"", ""resource_zone"": ""us-central1-a"", ""vm"": ""8057035535632679842""}",8070
2026-09-27T03:48:00Z,"{""instance_name"": ""mooc-worker"", ""loadbalanced"": ""false"", ""resource_instance_id"": ""8057035535632679842"", ""resource_project_id"": ""proyecto-2-cloud-509714"", ""resource_type"": ""gce_instance"", ""resource_zone"": ""us-central1-a"", ""vm"": ""8057035535632679842""}",1669497
2026-09-27T03:47:00Z,"{""instance_name"": ""mooc-worker"", ""loadbalanced"": ""false"", ""resource_instance_id"": ""8057035535632679842"", ""resource_project_id"": ""proyecto-2-cloud-509714"", ""resource_type"": ""gce_instance"", ""resource_zone"": ""us-central1-a"", ""vm"": ""8057035535632679842""}",15269996
2026-09-27T03:46:00Z,"{""instance_name"": ""mooc-worker"", ""loadbalanced"": ""false"", ""resource_instance_id"": ""8057035535632679842"", ""resource_project_id"": ""proyecto-2-cloud-509714"", ""resource_type"": ""gce_instance"", ""resource_zone"": ""us-central1-a"", ""vm"": ""8057035535632679842""}",3965602
2026-09-27T03:45:00Z,"{""instance_name"": ""mooc-worker"", ""loadbalanced"": ""false"", ""resource_instance_id"": ""8057035535632679842"", ""resource_project_id"": ""proyecto-2-cloud-509714"", ""resource_type"": ""gce_instance"", ""resource_zone"": ""us-central1-a"", ""vm"": ""8057035535632679842""}",11307197
2026-09-27T03:44:00Z,"{""instance_name"": ""mooc-worker"", ""loadbalanced"": ""false"", ""resource_instance_id"": ""8057035535632679842"", ""resource_project_id"": ""proyecto-2-cloud-509714"", ""resource_type"": ""gce_instance"", ""resource_zone"": ""us-central1-a"", ""vm"": ""8057035535632679842""}",587573
2026-09-27T03:43:00Z,"{""instance_name"": ""mooc-worker"", ""loadbalanced"": ""false"", ""resource_instance_id"": ""8057035535632679842"", ""resource_project_id"": ""proyecto-2-cloud-509714"", ""resource_type"": ""gce_instance"", ""resource_zone"": ""us-central1-a"", ""vm"": ""8057035535632679842""}",1257278
2026-09-27T03:42:00Z,"{""instance_name"": ""mooc-worker"", ""loadbalanced"": ""false"", ""resource_instance_id"": ""8057035535632679842"", ""resource_project_id"": ""proyecto-2-cloud-509714"", ""resource_type"": ""gce_instance"", ""resource_zone"": ""us-central1-a"", ""vm"": ""8057035535632679842""}",268376
2026-09-27T03:41:00Z,"{""instance_name"": ""mooc-worker"", ""loadbalanced"": ""false"", ""resource_instance_id"": ""8057035535632679842"", ""resource_project_id"": ""proyecto-2-cloud-509714"", ""resource_type"": ""gce_instance"", ""resource_zone"": ""us-central1-a"", ""vm"": ""8057035535632679842""}",351663
2026-09-27T03:40:00Z,"{""instance_name"": ""mooc-worker"", ""loadbalanced"": ""false"", ""resource_instance_id"": ""8057035535632679842"", ""resource_project_id"": ""proyecto-2-cloud-509714"", ""resource_type"": ""gce_instance"", ""resource_zone"": ""us-central1-a"", ""vm"": ""8057035535632679842""}",344730
2026-09-27T03:39:00Z,"{""instance_name"": ""mooc-worker"", ""loadbalanced"": ""false"", ""resource_instance_id"": ""8057035535632679842"", ""resource_project_id"": ""proyecto-2-cloud-509714"", ""resource_type"": ""gce_instance"", ""resource_zone"": ""us-central1-a"", ""vm"": ""8057035535632679842""}",334958
2026-09-27T03:38:00Z,"{""instance_name"": ""mooc-worker"", ""loadbalanced"": ""false"", ""resource_instance_id"": ""8057035535632679842"", ""resource_project_id"": ""proyecto-2-cloud-509714"", ""resource_type"": ""gce_instance"", ""resource_zone"": ""us-central1-a"", ""vm"": ""8057035535632679842""}",901898
2026-09-27T03:37:00Z,"{""instance_name"": ""mooc-worker"", ""loadbalanced"": ""false"", ""resource_instance_id"": ""8057035535632679842"", ""resource_project_id"": ""proyecto-2-cloud-509714"", ""resource_type"": ""gce_instance"", ""resource_zone"": ""us-central1-a"", ""vm"": ""8057035535632679842""}",466841
2026-09-27T03:36:00Z,"{""instance_name"": ""mooc-worker"", ""loadbalanced"": ""false"", ""resource_instance_id"": ""8057035535632679842"", ""resource_project_id"": ""proyecto-2-cloud-509714"", ""resource_type"": ""gce_instance"", ""resource_zone"": ""us-central1-a"", ""vm"": ""8057035535632679842""}",509034
2026-09-27T03:35:00Z,"{""instance_name"": ""mooc-worker"", ""loadbalanced"": ""false"", ""resource_instance_id"": ""8057035535632679842"", ""resource_project_id"": ""proyecto-2-cloud-509714"", ""resource_type"": ""gce_instance"", ""resource_zone"": ""us-central1-a"", ""vm"": ""8057035535632679842""}",472012
2026-09-27T03:34:00Z,"{""instance_name"": ""mooc-worker"", ""loadbalanced"": ""false"", ""resource_instance_id"": ""8057035535632679842"", ""resource_project_id"": ""proyecto-2-cloud-509714"", ""resource_type"": ""gce_instance"", ""resource_zone"": ""us-central1-a"", ""vm"": ""8057035535632679842""}",461052
2026-09-27T03:33:00Z,"{""instance_name"": ""mooc-worker"", ""loadbalanced"": ""false"", ""resource_instance_id"": ""8057035535632679842"", ""resource_project_id"": ""proyecto-2-cloud-509714"", ""resource_type"": ""gce_instance"", ""resource_zone"": ""us-central1-a"", ""vm"": ""8057035535632679842""}",817292
2026-09-27T03:32:00Z,"{""instance_name"": ""mooc-worker"", ""loadbalanced"": ""false"", ""resource_instance_id"": ""8057035535632679842"", ""resource_project_id"": ""proyecto-2-cloud-509714"", ""resource_type"": ""gce_instance"", ""resource_zone"": ""us-central1-a"", ""vm"": ""8057035535632679842""}",453322
2026-09-27T03:31:00Z,"{""instance_name"": ""mooc-worker"", ""loadbalanced"": ""false"", ""resource_instance_id"": ""8057035535632679842"", ""resource_project_id"": ""proyecto-2-cloud-509714"", ""resource_type"": ""gce_instance"", ""resource_zone"": ""us-central1-a"", ""vm"": ""8057035535632679842""}",362210
2026-09-27T03:30:00Z,"{""instance_name"": ""mooc-worker"", ""loadbalanced"": ""false"", ""resource_instance_id"": ""8057035535632679842"", ""resource_project_id"": ""proyecto-2-cloud-509714"", ""resource_type"": ""gce_instance"", ""resource_zone"": ""us-central1-a"", ""vm"": ""8057035535632679842""}",365610
2026-09-27T03:29:00Z,"{""instance_name"": ""mooc-worker"", ""loadbalanced"": ""false"", ""resource_instance_id"": ""8057035535632679842"", ""resource_project_id"": ""proyecto-2-cloud-509714"", ""resource_type"": ""gce_instance"", ""resource_zone"": ""us-central1-a"", ""vm"": ""8057035535632679842""}",361048
2026-09-27T03:28:00Z,"{""instance_name"": ""mooc-worker"", ""loadbalanced"": ""false"", ""resource_instance_id"": ""8057035535632679842"", ""resource_project_id"": ""proyecto-2-cloud-509714"", ""resource_type"": ""gce_instance"", ""resource_zone"": ""us-central1-a"", ""vm"": ""8057035535632679842""}",732094
2026-09-27T03:27:00Z,"{""instance_name"": ""mooc-worker"", ""loadbalanced"": ""false"", ""resource_instance_id"": ""8057035535632679842"", ""resource_project_id"": ""proyecto-2-cloud-509714"", ""resource_type"": ""gce_instance"", ""resource_zone"": ""us-central1-a"", ""vm"": ""8057035535632679842""}",433714
2026-09-27T03:26:00Z,"{""instance_name"": ""mooc-worker"", ""loadbalanced"": ""false"", ""resource_instance_id"": ""8057035535632679842"", ""resource_project_id"": ""proyecto-2-cloud-509714"", ""resource_type"": ""gce_instance"", ""resource_zone"": ""us-central1-a"", ""vm"": ""8057035535632679842""}",198327
2026-09-27T03:25:00Z,"{""instance_name"": ""mooc-worker"", ""loadbalanced"": ""false"", ""resource_instance_id"": ""8057035535632679842"", ""resource_project_id"": ""proyecto-2-cloud-509714"", ""resource_type"": ""gce_instance"", ""resource_zone"": ""us-central1-a"", ""vm"": ""8057035535632679842""}",214066
2026-09-27T03:24:00Z,"{""instance_name"": ""mooc-worker"", ""loadbalanced"": ""false"", ""resource_instance_id"": ""8057035535632679842"", ""resource_project_id"": ""proyecto-2-cloud-509714"", ""resource_type"": ""gce_instance"", ""resource_zone"": ""us-central1-a"", ""vm"": ""8057035535632679842""}",276037
2026-09-27T03:23:00Z,"{""instance_name"": ""mooc-worker"", ""loadbalanced"": ""false"", ""resource_instance_id"": ""8057035535632679842"", ""resource_project_id"": ""proyecto-2-cloud-509714"", ""resource_type"": ""gce_instance"", ""resource_zone"": ""us-central1-a"", ""vm"": ""8057035535632679842""}",893259
2026-09-27T03:22:00Z,"{""instance_name"": ""mooc-worker"", ""loadbalanced"": ""false"", ""resource_instance_id"": ""8057035535632679842"", ""resource_project_id"": ""proyecto-2-cloud-509714"", ""resource_type"": ""gce_instance"", ""resource_zone"": ""us-central1-a"", ""vm"": ""8057035535632679842""}",186015
2026-09-27T03:21:00Z,"{""instance_name"": ""mooc-worker"", ""loadbalanced"": ""false"", ""resource_instance_id"": ""8057035535632679842"", ""resource_project_id"": ""proyecto-2-cloud-509714"", ""resource_type"": ""gce_instance"", ""resource_zone"": ""us-central1-a"", ""vm"": ""8057035535632679842""}",143965
2026-09-27T03:20:00Z,"{""instance_name"": ""mooc-worker"", ""loadbalanced"": ""false"", ""resource_instance_id"": ""8057035535632679842"", ""resource_project_id"": ""proyecto-2-cloud-509714"", ""resource_type"": ""gce_instance"", ""resource_zone"": ""us-central1-a"", ""vm"": ""8057035535632679842""}",127365
2026-09-27T03:19:00Z,"{""instance_name"": ""mooc-worker"", ""loadbalanced"": ""false"", ""resource_instance_id"": ""8057035535632679842"", ""resource_project_id"": ""proyecto-2-cloud-509714"", ""resource_type"": ""gce_instance"", ""resource_zone"": ""us-central1-a"", ""vm"": ""8057035535632679842""}",206275
2026-09-27T03:18:00Z,"{""instance_name"": ""mooc-worker"", ""loadbalanced"": ""false"", ""resource_instance_id"": ""8057035535632679842"", ""resource_project_id"": ""proyecto-2-cloud-509714"", ""resource_type"": ""gce_instance"", ""resource_zone"": ""us-central1-a"", ""vm"": ""8057035535632679842""}",955107
2026-09-27T03:17:00Z,"{""instance_name"": ""mooc-worker"", ""loadbalanced"": ""false"", ""resource_instance_id"": ""8057035535632679842"", ""resource_project_id"": ""proyecto-2-cloud-509714"", ""resource_type"": ""gce_instance"", ""resource_zone"": ""us-central1-a"", ""vm"": ""8057035535632679842""}",71183
2026-09-27T03:16:00Z,"{""instance_name"": ""mooc-worker"", ""loadbalanced"": ""false"", ""resource_instance_id"": ""8057035535632679842"", ""resource_project_id"": ""proyecto-2-cloud-509714"", ""resource_type"": ""gce_instance"", ""resource_zone"": ""us-central1-a"", ""vm"": ""8057035535632679842""}",86273
2026-09-27T03:15:00Z,"{""instance_name"": ""mooc-worker"", ""loadbalanced"": ""false"", ""resource_instance_id"": ""8057035535632679842"", ""resource_project_id"": ""proyecto-2-cloud-509714"", ""resource_type"": ""gce_instance"", ""resource_zone"": ""us-central1-a"", ""vm"": ""8057035535632679842""}",151040
2026-09-27T03:14:00Z,"{""instance_name"": ""mooc-worker"", ""loadbalanced"": ""false"", ""resource_instance_id"": ""8057035535632679842"", ""resource_project_id"": ""proyecto-2-cloud-509714"", ""resource_type"": ""gce_instance"", ""resource_zone"": ""us-central1-a"", ""vm"": ""8057035535632679842""}",726402
2026-09-27T03:13:00Z,"{""instance_name"": ""mooc-worker"", ""loadbalanced"": ""false"", ""resource_instance_id"": ""8057035535632679842"", ""resource_project_id"": ""proyecto-2-cloud-509714"", ""resource_type"": ""gce_instance"", ""resource_zone"": ""us-central1-a"", ""vm"": ""8057035535632679842""}",315228
2026-09-27T03:12:00Z,"{""instance_name"": ""mooc-worker"", ""loadbalanced"": ""false"", ""resource_instance_id"": ""8057035535632679842"", ""resource_project_id"": ""proyecto-2-cloud-509714"", ""resource_type"": ""gce_instance"", ""resource_zone"": ""us-central1-a"", ""vm"": ""8057035535632679842""}",1748053
2026-09-27T03:11:00Z,"{""instance_name"": ""mooc-worker"", ""loadbalanced"": ""false"", ""resource_instance_id"": ""8057035535632679842"", ""resource_project_id"": ""proyecto-2-cloud-509714"", ""resource_type"": ""gce_instance"", ""resource_zone"": ""us-central1-a"", ""vm"": ""8057035535632679842""}",14665048
2026-09-27T03:10:00Z,"{""instance_name"": ""mooc-worker"", ""loadbalanced"": ""false"", ""resource_instance_id"": ""8057035535632679842"", ""resource_project_id"": ""proyecto-2-cloud-509714"", ""resource_type"": ""gce_instance"", ""resource_zone"": ""us-central1-a"", ""vm"": ""8057035535632679842""}",89196
2026-09-27T03:09:00Z,"{""instance_name"": ""mooc-worker"", ""loadbalanced"": ""false"", ""resource_instance_id"": ""8057035535632679842"", ""resource_project_id"": ""proyecto-2-cloud-509714"", ""resource_type"": ""gce_instance"", ""resource_zone"": ""us-central1-a"", ""vm"": ""8057035535632679842""}",111888
2026-09-27T03:08:00Z,"{""instance_name"": ""mooc-worker"", ""loadbalanced"": ""false"", ""resource_instance_id"": ""8057035535632679842"", ""resource_project_id"": ""proyecto-2-cloud-509714"", ""resource_type"": ""gce_instance"", ""resource_zone"": ""us-central1-a"", ""vm"": ""8057035535632679842""}",476255
2026-09-27T03:07:00Z,"{""instance_name"": ""mooc-worker"", ""loadbalanced"": ""false"", ""resource_instance_id"": ""8057035535632679842"", ""resource_project_id"": ""proyecto-2-cloud-509714"", ""resource_type"": ""gce_instance"", ""resource_zone"": ""us-central1-a"", ""vm"": ""8057035535632679842""}",585251
2026-09-27T03:06:00Z,"{""instance_name"": ""mooc-worker"", ""loadbalanced"": ""false"", ""resource_instance_id"": ""8057035535632679842"", ""resource_project_id"": ""proyecto-2-cloud-509714"", ""resource_type"": ""gce_instance"", ""resource_zone"": ""us-central1-a"", ""vm"": ""8057035535632679842""}",31835
2026-09-27T03:05:00Z,"{""instance_name"": ""mooc-worker"", ""loadbalanced"": ""false"", ""resource_instance_id"": ""8057035535632679842"", ""resource_project_id"": ""proyecto-2-cloud-509714"", ""resource_type"": ""gce_instance"", ""resource_zone"": ""us-central1-a"", ""vm"": ""8057035535632679842""}",34525
2026-09-27T03:04:00Z,"{""instance_name"": ""mooc-worker"", ""loadbalanced"": ""false"", ""resource_instance_id"": ""8057035535632679842"", ""resource_project_id"": ""proyecto-2-cloud-509714"", ""resource_type"": ""gce_instance"", ""resource_zone"": ""us-central1-a"", ""vm"": ""8057035535632679842""}",380286
2026-09-27T03:03:00Z,"{""instance_name"": ""mooc-worker"", ""loadbalanced"": ""false"", ""resource_instance_id"": ""8057035535632679842"", ""resource_project_id"": ""proyecto-2-cloud-509714"", ""resource_type"": ""gce_instance"", ""resource_zone"": ""us-central1-a"", ""vm"": ""8057035535632679842""}",3170014
2026-09-27T03:02:00Z,"{""instance_name"": ""mooc-worker"", ""loadbalanced"": ""false"", ""resource_instance_id"": ""8057035535632679842"", ""resource_project_id"": ""proyecto-2-cloud-509714"", ""resource_type"": ""gce_instance"", ""resource_zone"": ""us-central1-a"", ""vm"": ""8057035535632679842""}",224151
2026-09-27T03:01:00Z,"{""instance_name"": ""mooc-worker"", ""loadbalanced"": ""false"", ""resource_instance_id"": ""8057035535632679842"", ""resource_project_id"": ""proyecto-2-cloud-509714"", ""resource_type"": ""gce_instance"", ""resource_zone"": ""us-central1-a"", ""vm"": ""8057035535632679842""}",243241
2026-09-27T03:00:00Z,"{""instance_name"": ""mooc-worker"", ""loadbalanced"": ""false"", ""resource_instance_id"": ""8057035535632679842"", ""resource_project_id"": ""proyecto-2-cloud-509714"", ""resource_type"": ""gce_instance"", ""resource_zone"": ""us-central1-a"", ""vm"": ""8057035535632679842""}",399612
2026-09-27T02:59:00Z,"{""instance_name"": ""mooc-worker"", ""loadbalanced"": ""false"", ""resource_instance_id"": ""8057035535632679842"", ""resource_project_id"": ""proyecto-2-cloud-509714"", ""resource_type"": ""gce_instance"", ""resource_zone"": ""us-central1-a"", ""vm"": ""8057035535632679842""}",295229
2026-09-27T02:58:00Z,"{""instance_name"": ""mooc-worker"", ""loadbalanced"": ""false"", ""resource_instance_id"": ""8057035535632679842"", ""resource_project_id"": ""proyecto-2-cloud-509714"", ""resource_type"": ""gce_instance"", ""resource_zone"": ""us-central1-a"", ""vm"": ""8057035535632679842""}",28286
2026-09-27T02:57:00Z,"{""instance_name"": ""mooc-worker"", ""loadbalanced"": ""false"", ""resource_instance_id"": ""8057035535632679842"", ""resource_project_id"": ""proyecto-2-cloud-509714"", ""resource_type"": ""gce_instance"", ""resource_zone"": ""us-central1-a"", ""vm"": ""8057035535632679842""}",28941
2026-09-27T02:56:00Z,"{""instance_name"": ""mooc-worker"", ""loadbalanced"": ""false"", ""resource_instance_id"": ""8057035535632679842"", ""resource_project_id"": ""proyecto-2-cloud-509714"", ""resource_type"": ""gce_instance"", ""resource_zone"": ""us-central1-a"", ""vm"": ""8057035535632679842""}",28333
2026-09-27T02:55:00Z,"{""instance_name"": ""mooc-worker"", ""loadbalanced"": ""false"", ""resource_instance_id"": ""8057035535632679842"", ""resource_project_id"": ""proyecto-2-cloud-509714"", ""resource_type"": ""gce_instance"", ""resource_zone"": ""us-central1-a"", ""vm"": ""8057035535632679842""}",69615
2026-09-27T02:54:00Z,"{""instance_name"": ""mooc-worker"", ""loadbalanced"": ""false"", ""resource_instance_id"": ""8057035535632679842"", ""resource_project_id"": ""proyecto-2-cloud-509714"", ""resource_type"": ""gce_instance"", ""resource_zone"": ""us-central1-a"", ""vm"": ""8057035535632679842""}",379180
2026-09-27T02:53:00Z,"{""instance_name"": ""mooc-worker"", ""loadbalanced"": ""false"", ""resource_instance_id"": ""8057035535632679842"", ""resource_project_id"": ""proyecto-2-cloud-509714"", ""resource_type"": ""gce_instance"", ""resource_zone"": ""us-central1-a"", ""vm"": ""8057035535632679842""}",174724
2026-09-27T02:52:00Z,"{""instance_name"": ""mooc-worker"", ""loadbalanced"": ""false"", ""resource_instance_id"": ""8057035535632679842"", ""resource_project_id"": ""proyecto-2-cloud-509714"", ""resource_type"": ""gce_instance"", ""resource_zone"": ""us-central1-a"", ""vm"": ""8057035535632679842""}",110405
2026-09-27T02:51:00Z,"{""instance_name"": ""mooc-worker"", ""loadbalanced"": ""false"", ""resource_instance_id"": ""8057035535632679842"", ""resource_project_id"": ""proyecto-2-cloud-509714"", ""resource_type"": ""gce_instance"", ""resource_zone"": ""us-central1-a"", ""vm"": ""8057035535632679842""}",757425
2026-09-27T02:50:00Z,"{""instance_name"": ""mooc-worker"", ""loadbalanced"": ""false"", ""resource_instance_id"": ""8057035535632679842"", ""resource_project_id"": ""proyecto-2-cloud-509714"", ""resource_type"": ""gce_instance"", ""resource_zone"": ""us-central1-a"", ""vm"": ""8057035535632679842""}",254018
2026-09-27T02:49:00Z,"{""instance_name"": ""mooc-worker"", ""loadbalanced"": ""false"", ""resource_instance_id"": ""8057035535632679842"", ""resource_project_id"": ""proyecto-2-cloud-509714"", ""resource_type"": ""gce_instance"", ""resource_zone"": ""us-central1-a"", ""vm"": ""8057035535632679842""}",28594
2026-09-27T02:48:00Z,"{""instance_name"": ""mooc-worker"", ""loadbalanced"": ""false"", ""resource_instance_id"": ""8057035535632679842"", ""resource_project_id"": ""proyecto-2-cloud-509714"", ""resource_type"": ""gce_instance"", ""resource_zone"": ""us-central1-a"", ""vm"": ""8057035535632679842""}",28684
2026-09-27T02:47:00Z,"{""instance_name"": ""mooc-worker"", ""loadbalanced"": ""false"", ""resource_instance_id"": ""8057035535632679842"", ""resource_project_id"": ""proyecto-2-cloud-509714"", ""resource_type"": ""gce_instance"", ""resource_zone"": ""us-central1-a"", ""vm"": ""8057035535632679842""}",28831
2026-09-27T02:46:00Z,"{""instance_name"": ""mooc-worker"", ""loadbalanced"": ""false"", ""resource_instance_id"": ""8057035535632679842"", ""resource_project_id"": ""proyecto-2-cloud-509714"", ""resource_type"": ""gce_instance"", ""resource_zone"": ""us-central1-a"", ""vm"": ""8057035535632679842""}",29901
2026-09-27T02:45:00Z,"{""instance_name"": ""mooc-worker"", ""loadbalanced"": ""false"", ""resource_instance_id"": ""8057035535632679842"", ""resource_project_id"": ""proyecto-2-cloud-509714"", ""resource_type"": ""gce_instance"", ""resource_zone"": ""us-central1-a"", ""vm"": ""8057035535632679842""}",30720
2026-09-27T02:44:00Z,"{""instance_name"": ""mooc-worker"", ""loadbalanced"": ""false"", ""resource_instance_id"": ""8057035535632679842"", ""resource_project_id"": ""proyecto-2-cloud-509714"", ""resource_type"": ""gce_instance"", ""resource_zone"": ""us-central1-a"", ""vm"": ""8057035535632679842""}",30053
2026-09-27T02:43:00Z,"{""instance_name"": ""mooc-worker"", ""loadbalanced"": ""false"", ""resource_instance_id"": ""8057035535632679842"", ""resource_project_id"": ""proyecto-2-cloud-509714"", ""resource_type"": ""gce_instance"", ""resource_zone"": ""us-central1-a"", ""vm"": ""8057035535632679842""}",30293
2026-09-27T02:42:00Z,"{""instance_name"": ""mooc-worker"", ""loadbalanced"": ""false"", ""resource_instance_id"": ""8057035535632679842"", ""resource_project_id"": ""proyecto-2-cloud-509714"", ""resource_type"": ""gce_instance"", ""resource_zone"": ""us-central1-a"", ""vm"": ""8057035535632679842""}",43052
2026-09-27T02:41:00Z,"{""instance_name"": ""mooc-worker"", ""loadbalanced"": ""false"", ""resource_instance_id"": ""8057035535632679842"", ""resource_project_id"": ""proyecto-2-cloud-509714"", ""resource_type"": ""gce_instance"", ""resource_zone"": ""us-central1-a"", ""vm"": ""8057035535632679842""}",52463
2026-09-27T02:40:00Z,"{""instance_name"": ""mooc-worker"", ""loadbalanced"": ""false"", ""resource_instance_id"": ""8057035535632679842"", ""resource_project_id"": ""proyecto-2-cloud-509714"", ""resource_type"": ""gce_instance"", ""resource_zone"": ""us-central1-a"", ""vm"": ""8057035535632679842""}",26596
2026-09-27T02:39:00Z,"{""instance_name"": ""mooc-worker"", ""loadbalanced"": ""false"", ""resource_instance_id"": ""8057035535632679842"", ""resource_project_id"": ""proyecto-2-cloud-509714"", ""resource_type"": ""gce_instance"", ""resource_zone"": ""us-central1-a"", ""vm"": ""8057035535632679842""}",25929
2026-09-27T02:38:00Z,"{""instance_name"": ""mooc-worker"", ""loadbalanced"": ""false"", ""resource_instance_id"": ""8057035535632679842"", ""resource_project_id"": ""proyecto-2-cloud-509714"", ""resource_type"": ""gce_instance"", ""resource_zone"": ""us-central1-a"", ""vm"": ""8057035535632679842""}",27858
2026-09-27T02:37:00Z,"{""instance_name"": ""mooc-worker"", ""loadbalanced"": ""false"", ""resource_instance_id"": ""8057035535632679842"", ""resource_project_id"": ""proyecto-2-cloud-509714"", ""resource_type"": ""gce_instance"", ""resource_zone"": ""us-central1-a"", ""vm"": ""8057035535632679842""}",27876
2026-09-27T02:36:00Z,"{""instance_name"": ""mooc-worker"", ""loadbalanced"": ""false"", ""resource_instance_id"": ""8057035535632679842"", ""resource_project_id"": ""proyecto-2-cloud-509714"", ""resource_type"": ""gce_instance"", ""resource_zone"": ""us-central1-a"", ""vm"": ""8057035535632679842""}",32436
2026-09-27T02:35:00Z,"{""instance_name"": ""mooc-worker"", ""loadbalanced"": ""false"", ""resource_instance_id"": ""8057035535632679842"", ""resource_project_id"": ""proyecto-2-cloud-509714"", ""resource_type"": ""gce_instance"", ""resource_zone"": ""us-central1-a"", ""vm"": ""8057035535632679842""}",26008
2026-09-27T02:34:00Z,"{""instance_name"": ""mooc-worker"", ""loadbalanced"": ""false"", ""resource_instance_id"": ""8057035535632679842"", ""resource_project_id"": ""proyecto-2-cloud-509714"", ""resource_type"": ""gce_instance"", ""resource_zone"": ""us-central1-a"", ""vm"": ""8057035535632679842""}",26445
2026-09-27T02:33:00Z,"{""instance_name"": ""mooc-worker"", ""loadbalanced"": ""false"", ""resource_instance_id"": ""8057035535632679842"", ""resource_project_id"": ""proyecto-2-cloud-509714"", ""resource_type"": ""gce_instance"", ""resource_zone"": ""us-central1-a"", ""vm"": ""8057035535632679842""}",26938
2026-09-27T02:32:00Z,"{""instance_name"": ""mooc-worker"", ""loadbalanced"": ""false"", ""resource_instance_id"": ""8057035535632679842"", ""resource_project_id"": ""proyecto-2-cloud-509714"", ""resource_type"": ""gce_instance"", ""resource_zone"": ""us-central1-a"", ""vm"": ""8057035535632679842""}",66132
2026-09-27T02:31:00Z,"{""instance_name"": ""mooc-worker"", ""loadbalanced"": ""false"", ""resource_instance_id"": ""8057035535632679842"", ""resource_project_id"": ""proyecto-2-cloud-509714"", ""resource_type"": ""gce_instance"", ""resource_zone"": ""us-central1-a"", ""vm"": ""8057035535632679842""}",14368464
2026-09-27T02:30:00Z,"{""instance_name"": ""mooc-worker"", ""loadbalanced"": ""false"", ""resource_instance_id"": ""8057035535632679842"", ""resource_project_id"": ""proyecto-2-cloud-509714"", ""resource_type"": ""gce_instance"", ""resource_zone"": ""us-central1-a"", ""vm"": ""8057035535632679842""}",126246555
2026-09-27T02:29:00Z,"{""instance_name"": ""mooc-worker"", ""loadbalanced"": ""false"", ""resource_instance_id"": ""8057035535632679842"", ""resource_project_id"": ""proyecto-2-cloud-509714"", ""resource_type"": ""gce_instance"", ""resource_zone"": ""us-central1-a"", ""vm"": ""8057035535632679842""}",237434
2026-09-27T02:28:00Z,"{""instance_name"": ""mooc-worker"", ""loadbalanced"": ""false"", ""resource_instance_id"": ""8057035535632679842"", ""resource_project_id"": ""proyecto-2-cloud-509714"", ""resource_type"": ""gce_instance"", ""resource_zone"": ""us-central1-a"", ""vm"": ""8057035535632679842""}",6460
2026-09-27T02:27:00Z,"{""instance_name"": ""mooc-worker"", ""loadbalanced"": ""false"", ""resource_instance_id"": ""8057035535632679842"", ""resource_project_id"": ""proyecto-2-cloud-509714"", ""resource_type"": ""gce_instance"", ""resource_zone"": ""us-central1-a"", ""vm"": ""8057035535632679842""}",126
2026-09-27T02:26:00Z,"{""instance_name"": ""mooc-worker"", ""loadbalanced"": ""false"", ""resource_instance_id"": ""8057035535632679842"", ""resource_project_id"": ""proyecto-2-cloud-509714"", ""resource_type"": ""gce_instance"", ""resource_zone"": ""us-central1-a"", ""vm"": ""8057035535632679842""}",473
2026-09-27T02:25:00Z,"{""instance_name"": ""mooc-worker"", ""loadbalanced"": ""false"", ""resource_instance_id"": ""8057035535632679842"", ""resource_project_id"": ""proyecto-2-cloud-509714"", ""resource_type"": ""gce_instance"", ""resource_zone"": ""us-central1-a"", ""vm"": ""8057035535632679842""}",663
2026-09-27T02:24:00Z,"{""instance_name"": ""mooc-worker"", ""loadbalanced"": ""false"", ""resource_instance_id"": ""8057035535632679842"", ""resource_project_id"": ""proyecto-2-cloud-509714"", ""resource_type"": ""gce_instance"", ""resource_zone"": ""us-central1-a"", ""vm"": ""8057035535632679842""}",101
2026-09-27T02:23:00Z,"{""instance_name"": ""mooc-worker"", ""loadbalanced"": ""false"", ""resource_instance_id"": ""8057035535632679842"", ""resource_project_id"": ""proyecto-2-cloud-509714"", ""resource_type"": ""gce_instance"", ""resource_zone"": ""us-central1-a"", ""vm"": ""8057035535632679842""}",22271972
2026-09-27T02:22:00Z,"{""instance_name"": ""mooc-worker"", ""loadbalanced"": ""false"", ""resource_instance_id"": ""8057035535632679842"", ""resource_project_id"": ""proyecto-2-cloud-509714"", ""resource_type"": ""gce_instance"", ""resource_zone"": ""us-central1-a"", ""vm"": ""8057035535632679842""}",234840209
2026-09-27T02:21:00Z,"{""instance_name"": ""mooc-worker"", ""loadbalanced"": ""false"", ""resource_instance_id"": ""8057035535632679842"", ""resource_project_id"": ""proyecto-2-cloud-509714"", ""resource_type"": ""gce_instance"", ""resource_zone"": ""us-central1-a"", ""vm"": ""8057035535632679842""}",303072756
